# jws-store.de ar- es keszletfeed; penznem: EUR; arak: brutto kiskereskedelmi; keszlet: igaz/hamis (nincs darabszam); generalva (UTC): 2026-09-16T11:57:14+00:00
sku;name;price;list_price;on_sale;discount_percent;in_stock;stock_type;availability_text;delivery_days;weight_g;url;image_url;category;brand;was_duplicate;duplicate_count;last_modified
200200;200 Watt Solarpanel Solarmodul 200Watt 200W 12 Volt Solar Wohnmobil Wohnwagen 1480 x 670 x 30 mm;109.9;109.9;False;0.0;True;boolean;Sofort versandfertig, Lieferzeit 48h;2;0;https://www.jws-store.de/solarpanel-mono/200-watt-solarpanel-solarmodul-200watt-200w-12-volt-solar-wohnmobil-wohnwagen-1480-x-670-x-30-mm_200200_6218;https://cdn03.plentyone.com/iidhyn1xr43q/item/images/200200/full/200Watt-Mono.jpg;;JWS-Solar;False;1;2026-09-16T11:54:57+00:00
1742;Hairpin Legs Hairpins Hairpinlegs Tischbeine Tischkufen Esstisch Haarnadelbeine;21.9;21.9;False;0.0;True;boolean;Sofort versandfertig, Lieferzeit 48h;2;1000;https://www.jws-store.de/tischbeine/hairpin-legs-tischbeine-schwarz-haarnadelbeine-tischgestell-industriedesign_1740_3818;https://cdn03.plentyone.com/iidhyn1xr43q/item/images/1740/full/Hairpinlegs-Galerie.jpg;;JWS;False;1;2026-09-16T11:54:57+00:00
1746;Hairpin Legs Hairpins Hairpinlegs Tischbeine Tischkufen Esstisch Haarnadelbeine;27.9;27.9;False;0.0;True;boolean;Sofort versandfertig, Lieferzeit 48h;2;1000;https://www.jws-store.de/tischbeine/hairpin-legs-tischbeine-schwarz-haarnadelbeine-tischgestell-industriedesign_1740_3822;https://cdn03.plentyone.com/iidhyn1xr43q/item/images/1740/full/Hairpinlegs-Galerie.jpg;;JWS;False;1;2026-09-16T11:54:57+00:00
1747;Hairpin Legs Hairpins Hairpinlegs Tischbeine Tischkufen Esstisch Haarnadelbeine;29.9;29.9;False;0.0;True;boolean;Sofort versandfertig, Lieferzeit 48h;2;1000;https://www.jws-store.de/tischbeine/hairpin-legs-tischbeine-schwarz-haarnadelbeine-tischgestell-industriedesign_1740_3823;https://cdn03.plentyone.com/iidhyn1xr43q/item/images/1740/full/Hairpinlegs-Galerie.jpg;;JWS;False;1;2026-09-16T11:54:57+00:00
1748;Hairpin Legs Hairpins Hairpinlegs Tischbeine Tischkufen Esstisch Haarnadelbeine;30.9;30.9;False;0.0;True;boolean;Sofort versandfertig, Lieferzeit 48h;2;1000;https://www.jws-store.de/tischbeine/hairpin-legs-tischbeine-schwarz-haarnadelbeine-tischgestell-industriedesign_1740_3824;https://cdn03.plentyone.com/iidhyn1xr43q/item/images/1740/full/Hairpinlegs-Galerie.jpg;;JWS;False;1;2026-09-16T11:54:57+00:00
341;"Haken mit Schäkel Lasthaken Sicherheitshaken 3/8&amp;quot; verzinkt Sicherheitsfalle";9.9;9.9;False;0.0;True;boolean;Sofort versandfertig, Lieferzeit 48h;2;0;https://www.jws-store.de/haken-mit-schaekel-lasthaken-sicherheitshaken-3-8-verzinkt-sicherheitsfalle_341_1205;https://cdn03.plentyone.com/iidhyn1xr43q/item/images/341/full/IMG-2623-pxo.jpg;;;False;1;2026-09-16T11:54:57+00:00
1420.;Ladegerät 230V Schnellladegerät LiFePo4 Lithium Batterie;149.9;149.9;False;0.0;True;boolean;Sofort versandfertig, Lieferzeit 48h;2;0;https://www.jws-store.de/batterien/ladegeraet-230v-schnellladegeraet-lifepo4-lithium-batterie_1410_3645;https://cdn03.plentyone.com/iidhyn1xr43q/item/images/1410/full/A0uX114Q.jpeg;;JWS;False;1;2026-09-16T11:54:57+00:00
740.;Schreibtische Computertisch Bürotisch Arbeitstisch PC Tisch 100cm 120cm Desktop;59.9;59.9;False;0.0;True;boolean;Sofort versandfertig, Lieferzeit 48h;2;0;https://www.jws-store.de/sonstiges/schreibtische-computertisch-buerotisch-arbeitstisch-pc-tisch-100cm-120cm-seitenfach_700_5243;https://cdn03.plentyone.com/iidhyn1xr43q/item/images/700/full/1.jpg;;JWS;False;1;2026-09-16T11:54:57+00:00
1127;Solar Stecker Betteri BC01 Female SOLAX Wechselrichter;9.9;9.9;False;0.0;True;boolean;Sofort versandfertig, Lieferzeit 48h;2;1000;https://www.jws-store.de/solarstecker/solar-stecker-betteri-bc01-female-solax-wechselrichter_1127_6546;https://cdn03.plentyone.com/iidhyn1xr43q/item/images/1127/full/Stecker-zusammengebaut-Anschluss.png;;JWS;False;1;2026-09-16T11:54:57+00:00
110.;Solarkoffer Solarpanel Poly Solarmodul PV Photovoltaik Solarset 12Volt 12V;169.9;169.9;False;0.0;True;boolean;Sofort versandfertig, Lieferzeit 48h;2;1000;https://www.jws-store.de/solarenergie/solarkoffer/solarkoffer-100w-100-watt-solarpanel-solarmodul-photovoltaik-solarset-12volt-12v_95_5220;https://cdn03.plentyone.com/iidhyn1xr43q/item/images/95/full/Solarkoffer.jpg;;JWS;False;1;2026-09-16T11:54:57+00:00
244310;Solarpanel Solarmodul Solar Faltbar Tragbar Flexibel Solartasche  80W 100W USB;179.9;179.9;False;0.0;True;boolean;Sofort versandfertig, Lieferzeit 48h;2;3000;https://www.jws-store.de/solarpanel-solarmodul-solar-faltbar-tragbar-flexibel-solartasche-80w-100w-usb_244300_5771;https://cdn03.plentyone.com/iidhyn1xr43q/item/images/244300/full/GalerieBild.jpg;;;False;1;2026-09-16T11:54:57+00:00
244380;Solarpanel Solarmodul Solar Faltbar Tragbar Flexibel Solartasche  80W 100W USB;85.9;129.9;True;33.87;True;boolean;Sofort versandfertig, Lieferzeit 48h;2;3000;https://www.jws-store.de/solarpanel-solarmodul-solar-faltbar-tragbar-flexibel-solartasche-80w-100w-usb_244300_5772;https://cdn03.plentyone.com/iidhyn1xr43q/item/images/244300/full/GalerieBild.jpg;;;False;1;2026-09-16T11:54:57+00:00
1721.;Tischbeine Edelstahl X U Trapez Tischkufen Tischgestell Tischuntergestell Set;89.9;99.9;True;10.01;True;boolean;Sofort versandfertig, Lieferzeit 48h;2;0;https://www.jws-store.de/tischbeine/tischbeine-edelstahl-x-t-trapez-tischkufen-tischgestell-tischuntergestell-set_1700_4936;https://cdn03.plentyone.com/iidhyn1xr43q/item/images/1700/full/51-1-pxo--2-.jpg;;JWS;False;1;2026-09-16T11:54:57+00:00
1701.;Tischbeine Edelstahl X U Trapez Tischkufen Tischgestell Tischuntergestell Set;89.9;99.9;True;10.01;True;boolean;Sofort versandfertig, Lieferzeit 48h;2;0;https://www.jws-store.de/tischbeine/tischbeine-edelstahl-x-t-trapez-tischkufen-tischgestell-tischuntergestell-set_1700_4934;https://cdn03.plentyone.com/iidhyn1xr43q/item/images/1700/full/51-1-pxo--2-.jpg;;JWS;False;1;2026-09-16T11:54:57+00:00
1702.;Tischbeine Edelstahl X U Trapez Tischkufen Tischgestell Tischuntergestell Set;109.9;109.9;False;0.0;True;boolean;Sofort versandfertig, Lieferzeit 48h;2;0;https://www.jws-store.de/tischbeine/tischbeine-edelstahl-x-t-trapez-tischkufen-tischgestell-tischuntergestell-set_1700_4935;https://cdn03.plentyone.com/iidhyn1xr43q/item/images/1700/full/51-1-pxo--2-.jpg;;JWS;False;1;2026-09-16T11:54:57+00:00
1783;U-Tischbeine Tischbeine metall Tischkufen Tischgestell Schwarz Transparent Industriedesign;49.9;49.9;False;0.0;True;boolean;Sofort versandfertig, Lieferzeit 48h;2;1000;https://www.jws-store.de/tischbeine/u-tischbeine-tischbeine-schwarz-transparent-tischgestell-industriedesign_1779_3855;https://cdn03.plentyone.com/iidhyn1xr43q/item/images/1779/full/720-600-industrial-set-pxo.jpg;;JWS;False;1;2026-09-16T11:54:57+00:00
1775;U-Tischbeine Tischbeine metall Tischkufen Tischgestell Schwarz Transparent Industriedesign;54.9;54.9;False;0.0;True;boolean;Sofort versandfertig, Lieferzeit 48h;2;1000;https://www.jws-store.de/tischbeine/u-tischbeine-tischbeine-schwarz-transparent-tischgestell-industriedesign_1779_3858;https://cdn03.plentyone.com/iidhyn1xr43q/item/images/1779/full/720-600-industrial-set-pxo.jpg;;JWS;False;1;2026-09-16T11:54:57+00:00
1786;U-Tischbeine Tischbeine metall Tischkufen Tischgestell Schwarz Transparent Industriedesign;58.9;58.9;False;0.0;True;boolean;Sofort versandfertig, Lieferzeit 48h;2;1000;https://www.jws-store.de/tischbeine/u-tischbeine-tischbeine-schwarz-transparent-tischgestell-industriedesign_1779_3861;https://cdn03.plentyone.com/iidhyn1xr43q/item/images/1779/full/720-600-industrial-set-pxo.jpg;;JWS;False;1;2026-09-16T11:54:57+00:00
1782;U-Tischbeine Tischbeine metall Tischkufen Tischgestell Schwarz Transparent Industriedesign;44.9;44.9;False;0.0;True;boolean;Sofort versandfertig, Lieferzeit 48h;2;1000;https://www.jws-store.de/tischbeine/u-tischbeine-tischbeine-schwarz-transparent-tischgestell-industriedesign_1779_3851;https://cdn03.plentyone.com/iidhyn1xr43q/item/images/1779/full/720-600-industrial-set-pxo.jpg;;JWS;False;1;2026-09-16T11:54:57+00:00
1755;X T Tischbeine Tischkufen Stahl Tischgestell Industriedesign Tischuntergestell metall;44.9;44.9;False;0.0;True;boolean;Sofort versandfertig, Lieferzeit 48h;2;2000;https://www.jws-store.de/tischbeine/x-t-tischbeine-tischkufen-stahl-tischgestell-industriedesign-tischuntergestell-metall_1755_3844;https://cdn03.plentyone.com/iidhyn1xr43q/item/images/1755/full/Montage-Tischbeine.jpg;;JWS;False;1;2026-09-16T11:54:57+00:00
1751;X T Tischbeine Tischkufen Stahl Tischgestell Industriedesign Tischuntergestell metall;39.9;39.9;False;0.0;True;boolean;Sofort versandfertig, Lieferzeit 48h;2;2000;https://www.jws-store.de/tischbeine/x-t-tischbeine-tischkufen-stahl-tischgestell-industriedesign-tischuntergestell-metall_1755_3845;https://cdn03.plentyone.com/iidhyn1xr43q/item/images/1755/full/Montage-Tischbeine.jpg;;JWS;False;1;2026-09-16T11:54:57+00:00
1792.;X T Tischbeine Tischkufen Stahl Tischgestell Industriedesign Tischuntergestell metall;45.9;45.9;False;0.0;True;boolean;Sofort versandfertig, Lieferzeit 48h;2;2000;https://www.jws-store.de/tischbeine/x-t-tischbeine-tischkufen-stahl-tischgestell-industriedesign-tischuntergestell-metall_1755_4921;https://cdn03.plentyone.com/iidhyn1xr43q/item/images/1755/full/Montage-Tischbeine.jpg;;JWS;False;1;2026-09-16T11:54:57+00:00
1300;Lithium LiFePO4 Batterie Solar Batterie 12V Bluetooth Akku;199.9;199.9;False;0.0;True;boolean;Sofort versandfertig, Lieferzeit 48h;2;1000;https://www.jws-store.de/lithium-batterie-solar-batterie-12v-bluetooth-lifepo4_1300_2670;https://cdn03.plentyone.com/iidhyn1xr43q/item/images/1300/full/lifepo4-Batterien.jpg;Batterien;JWS;False;1;2026-09-16T11:54:57+00:00
190170;Blechschere Blechschneider Nibbler Blech Schere Druckluft Knabber Metallschere;29.9;29.9;False;0.0;True;boolean;Sofort versandfertig, Lieferzeit 48h;2;0;https://www.jws-store.de/druckluftgeraete/blechschere-blechschneider-nibbler-blech-schere-druckluft-knabber-metallschere_190170_5986;https://cdn03.plentyone.com/iidhyn1xr43q/item/images/190170/full/Blechschere.jpg;Druckluftgeräte;;False;1;2026-09-16T11:54:57+00:00
352;Druckluft Streifennagler Druckluftnagler Nagelgerät 34° 50mm bis 100mm Nagler;139.9;139.9;False;0.0;False;boolean;Produkt vergriffen, Lieferzeit auf Anfrage;70;1000;https://www.jws-store.de/druckluftnagler/druckluft-streifennagler-druckluftnagler-nagelgeraet-34-50mm-bis-100mm-nagler_352_2095;https://cdn03.plentyone.com/iidhyn1xr43q/item/images/352/full/str4-pxo.jpg;Druckluftgeräte;JWS;False;1;2026-09-16T11:54:57+00:00
610;Druckluftkompressor Luftkompressor 900W 9 bar Kompressor Druckluft;299.9;279.9;False;0.0;True;boolean;Sofort versandfertig, Lieferzeit 48h;2;0;https://www.jws-store.de/druckluftnagler/druckluftkompressor-luftkompressor-kompressor-druckluft_610_3547;https://cdn03.plentyone.com/iidhyn1xr43q/item/images/610/full/Image2.jpg;Druckluftgeräte;JWS;False;1;2026-09-16T11:54:57+00:00
495.;D-Kopf Streifennägel 34° Blank 50-100mm 2000 Stück passend BeA Bostitch Paslode;56.9;56.9;False;0.0;True;boolean;Sofort versandfertig, Lieferzeit 48h;2;1000;https://www.jws-store.de/druckluftnagler/klammern-naegel/d-kopf-streifennaegel-34-blank-2000-stueck-passend-bea-bostitch-paslode_498_3641;https://cdn03.plentyone.com/iidhyn1xr43q/item/images/498/full/Streifennaegel34.jpg;Druckluftgeräte > Klammern & Nägel;JWS;False;1;2026-09-16T11:54:57+00:00
450.;D-Kopf Streifennägel 34° Blank 50-100mm 2000 Stück passend BeA Bostitch Paslode;28.9;28.9;False;0.0;True;boolean;Sofort versandfertig, Lieferzeit 48h;2;1000;https://www.jws-store.de/druckluftnagler/klammern-naegel/d-kopf-streifennaegel-34-blank-2000-stueck-passend-bea-bostitch-paslode_498_3636;https://cdn03.plentyone.com/iidhyn1xr43q/item/images/498/full/Streifennaegel34.jpg;Druckluftgeräte > Klammern & Nägel;JWS;False;1;2026-09-16T11:54:57+00:00
460.;D-Kopf Streifennägel 34° Blank 50-100mm 2000 Stück passend BeA Bostitch Paslode;39.9;39.9;False;0.0;True;boolean;Sofort versandfertig, Lieferzeit 48h;2;1000;https://www.jws-store.de/druckluftnagler/klammern-naegel/d-kopf-streifennaegel-34-blank-2000-stueck-passend-bea-bostitch-paslode_498_3637;https://cdn03.plentyone.com/iidhyn1xr43q/item/images/498/full/Streifennaegel34.jpg;Druckluftgeräte > Klammern & Nägel;JWS;False;1;2026-09-16T11:54:57+00:00
470.;D-Kopf Streifennägel 34° Blank 50-100mm 2000 Stück passend BeA Bostitch Paslode;39.9;39.9;False;0.0;True;boolean;Sofort versandfertig, Lieferzeit 48h;2;1000;https://www.jws-store.de/druckluftnagler/klammern-naegel/d-kopf-streifennaegel-34-blank-2000-stueck-passend-bea-bostitch-paslode_498_3638;https://cdn03.plentyone.com/iidhyn1xr43q/item/images/498/full/Streifennaegel34.jpg;Druckluftgeräte > Klammern & Nägel;JWS;False;1;2026-09-16T11:54:57+00:00
480.;D-Kopf Streifennägel 34° Blank 50-100mm 2000 Stück passend BeA Bostitch Paslode;43.9;43.9;False;0.0;True;boolean;Sofort versandfertig, Lieferzeit 48h;2;1000;https://www.jws-store.de/druckluftnagler/klammern-naegel/d-kopf-streifennaegel-34-blank-2000-stueck-passend-bea-bostitch-paslode_498_3639;https://cdn03.plentyone.com/iidhyn1xr43q/item/images/498/full/Streifennaegel34.jpg;Druckluftgeräte > Klammern & Nägel;JWS;False;1;2026-09-16T11:54:57+00:00
490.;D-Kopf Streifennägel 34° Blank 50-100mm 2000 Stück passend BeA Bostitch Paslode;47.9;47.9;False;0.0;True;boolean;Sofort versandfertig, Lieferzeit 48h;2;1000;https://www.jws-store.de/druckluftnagler/klammern-naegel/d-kopf-streifennaegel-34-blank-2000-stueck-passend-bea-bostitch-paslode_498_3640;https://cdn03.plentyone.com/iidhyn1xr43q/item/images/498/full/Streifennaegel34.jpg;Druckluftgeräte > Klammern & Nägel;JWS;False;1;2026-09-16T11:54:57+00:00
498;D-Kopf Streifennägel 34° Blank 50-100mm 2000 Stück passend BeA Bostitch Paslode;36.9;36.9;False;0.0;True;boolean;Sofort versandfertig, Lieferzeit 48h;2;1000;https://www.jws-store.de/druckluftnagler/klammern-naegel/d-kopf-streifennaegel-34-blank-2000-stueck-passend-bea-bostitch-paslode_498_3635;https://cdn03.plentyone.com/iidhyn1xr43q/item/images/498/full/Streifennaegel34.jpg;Druckluftgeräte > Klammern & Nägel;JWS;False;1;2026-09-16T11:54:57+00:00
451.;D-Kopf Streifennägel 50mm - 100mm 34° Verzinkt 2000 Stück BeA Bostitch Paslode;34.9;34.9;False;0.0;True;boolean;Sofort versandfertig, Lieferzeit 48h;2;1000;https://www.jws-store.de/druckluftnagler/klammern-naegel/d-kopf-streifennaegel-50mm-100mm-34-verzinkt-2000-stueck-bea-bostitch-paslode_499_3896;https://cdn03.plentyone.com/iidhyn1xr43q/item/images/499/full/Streifennaegel34.jpg;Druckluftgeräte > Klammern & Nägel;JWS;False;1;2026-09-16T11:54:57+00:00
461.;D-Kopf Streifennägel 50mm - 100mm 34° Verzinkt 2000 Stück BeA Bostitch Paslode;42.9;42.9;False;0.0;True;boolean;Sofort versandfertig, Lieferzeit 48h;2;1000;https://www.jws-store.de/druckluftnagler/klammern-naegel/d-kopf-streifennaegel-50mm-100mm-34-verzinkt-2000-stueck-bea-bostitch-paslode_499_3897;https://cdn03.plentyone.com/iidhyn1xr43q/item/images/499/full/Streifennaegel34.jpg;Druckluftgeräte > Klammern & Nägel;JWS;False;1;2026-09-16T11:54:57+00:00
471.;D-Kopf Streifennägel 50mm - 100mm 34° Verzinkt 2000 Stück BeA Bostitch Paslode;44.9;44.9;False;0.0;True;boolean;Sofort versandfertig, Lieferzeit 48h;2;1000;https://www.jws-store.de/druckluftnagler/klammern-naegel/d-kopf-streifennaegel-50mm-100mm-34-verzinkt-2000-stueck-bea-bostitch-paslode_499_3898;https://cdn03.plentyone.com/iidhyn1xr43q/item/images/499/full/Streifennaegel34.jpg;Druckluftgeräte > Klammern & Nägel;JWS;False;1;2026-09-16T11:54:57+00:00
481.;D-Kopf Streifennägel 50mm - 100mm 34° Verzinkt 2000 Stück BeA Bostitch Paslode;48.9;48.9;False;0.0;True;boolean;Sofort versandfertig, Lieferzeit 48h;2;1000;https://www.jws-store.de/druckluftnagler/klammern-naegel/d-kopf-streifennaegel-50mm-100mm-34-verzinkt-2000-stueck-bea-bostitch-paslode_499_3899;https://cdn03.plentyone.com/iidhyn1xr43q/item/images/499/full/Streifennaegel34.jpg;Druckluftgeräte > Klammern & Nägel;JWS;False;1;2026-09-16T11:54:57+00:00
491.;D-Kopf Streifennägel 50mm - 100mm 34° Verzinkt 2000 Stück BeA Bostitch Paslode;54.9;54.9;False;0.0;True;boolean;Sofort versandfertig, Lieferzeit 48h;2;1000;https://www.jws-store.de/druckluftnagler/klammern-naegel/d-kopf-streifennaegel-50mm-100mm-34-verzinkt-2000-stueck-bea-bostitch-paslode_499_3900;https://cdn03.plentyone.com/iidhyn1xr43q/item/images/499/full/Streifennaegel34.jpg;Druckluftgeräte > Klammern & Nägel;JWS;False;1;2026-09-16T11:54:57+00:00
499;D-Kopf Streifennägel 50mm - 100mm 34° Verzinkt 2000 Stück BeA Bostitch Paslode;39.9;39.9;False;0.0;True;boolean;Sofort versandfertig, Lieferzeit 48h;2;1000;https://www.jws-store.de/druckluftnagler/klammern-naegel/d-kopf-streifennaegel-50mm-100mm-34-verzinkt-2000-stueck-bea-bostitch-paslode_499_3895;https://cdn03.plentyone.com/iidhyn1xr43q/item/images/499/full/Streifennaegel34.jpg;Druckluftgeräte > Klammern & Nägel;JWS;False;1;2026-09-16T11:54:57+00:00
496.;D-Kopf Streifennägel 50mm - 100mm 34° Verzinkt 2000 Stück BeA Bostitch Paslode;57.9;57.9;False;0.0;True;boolean;Sofort versandfertig, Lieferzeit 48h;2;1000;https://www.jws-store.de/druckluftnagler/klammern-naegel/d-kopf-streifennaegel-50mm-100mm-34-verzinkt-2000-stueck-bea-bostitch-paslode_499_3901;https://cdn03.plentyone.com/iidhyn1xr43q/item/images/499/full/Streifennaegel34.jpg;Druckluftgeräte > Klammern & Nägel;JWS;False;1;2026-09-16T11:54:57+00:00
182;Pappnägel 32mm x 3,1mm VERZINKT;39.9;39.9;False;0.0;True;boolean;Sofort versandfertig, Lieferzeit 48h;2;1000;https://www.jws-store.de/druckluftnagler/klammern-n-gel/pappn-gel/pappnaegel-32mm-x-3-1mm-verzinkt_182_1058;https://cdn03.plentyone.com/iidhyn1xr43q/item/images/182/full/182-Pappnaeaegel.jpg;Druckluftgeräte > Klammern & Nägel > Pappnägel;JWS;False;1;2026-09-16T11:54:57+00:00
183;Pappnägel 45mm x 3,1mm VERZINKT;59.9;59.9;False;0.0;True;boolean;Sofort versandfertig, Lieferzeit 48h;2;1000;https://www.jws-store.de/druckluftnagler/klammern-n-gel/pappn-gel/pappnaegel-45mm-x-3-1mm-verzinkt_183_1059;https://cdn03.plentyone.com/iidhyn1xr43q/item/images/183/full/183-Pappnaeaegel.jpg;Druckluftgeräte > Klammern & Nägel > Pappnägel;JWS;False;1;2026-09-16T11:54:57+00:00
202.;Stauchkopfstifte 15 20 25 30 35 40 45 50 mm;18.9;18.9;False;0.0;True;boolean;Sofort versandfertig, Lieferzeit 48h;2;1000;https://www.jws-store.de/druckluftnagler/klammern-naegel/stauchkopfnaegel-ga18/stauchkopfstifte-20-25-30-35-40-45-50_351_2094;https://cdn03.plentyone.com/iidhyn1xr43q/item/images/351/full/Stauchkopfnaegel.jpg;Druckluftgeräte > Klammern & Nägel > Stauchkopfnägel GA18;JWS;False;1;2026-09-16T11:54:57+00:00
189.;Stauchkopfstifte 15 20 25 30 35 40 45 50 mm;13.9;13.9;False;0.0;True;boolean;Sofort versandfertig, Lieferzeit 48h;2;1000;https://www.jws-store.de/druckluftnagler/klammern-naegel/stauchkopfnaegel-ga18/stauchkopfstifte-20-25-30-35-40-45-50_351_2082;https://cdn03.plentyone.com/iidhyn1xr43q/item/images/351/full/Stauchkopfnaegel.jpg;Druckluftgeräte > Klammern & Nägel > Stauchkopfnägel GA18;JWS;False;1;2026-09-16T11:54:57+00:00
15mm.;Stauchkopfstifte 15 20 25 30 35 40 45 50 mm;11.9;11.9;False;0.0;True;boolean;Sofort versandfertig, Lieferzeit 48h;2;1000;https://www.jws-store.de/druckluftnagler/klammern-naegel/stauchkopfnaegel-ga18/stauchkopfstifte-20-25-30-35-40-45-50_351_4945;https://cdn03.plentyone.com/iidhyn1xr43q/item/images/351/full/Stauchkopfnaegel.jpg;Druckluftgeräte > Klammern & Nägel > Stauchkopfnägel GA18;JWS;False;1;2026-09-16T11:54:57+00:00
190.;Stauchkopfstifte 15 20 25 30 35 40 45 50 mm;14.9;14.9;False;0.0;True;boolean;Sofort versandfertig, Lieferzeit 48h;2;1000;https://www.jws-store.de/druckluftnagler/klammern-naegel/stauchkopfnaegel-ga18/stauchkopfstifte-20-25-30-35-40-45-50_351_2083;https://cdn03.plentyone.com/iidhyn1xr43q/item/images/351/full/Stauchkopfnaegel.jpg;Druckluftgeräte > Klammern & Nägel > Stauchkopfnägel GA18;JWS;False;1;2026-09-16T11:54:57+00:00
191.;Stauchkopfstifte 15 20 25 30 35 40 45 50 mm;15.9;15.9;False;0.0;True;boolean;Sofort versandfertig, Lieferzeit 48h;2;1000;https://www.jws-store.de/druckluftnagler/klammern-naegel/stauchkopfnaegel-ga18/stauchkopfstifte-20-25-30-35-40-45-50_351_2084;https://cdn03.plentyone.com/iidhyn1xr43q/item/images/351/full/Stauchkopfnaegel.jpg;Druckluftgeräte > Klammern & Nägel > Stauchkopfnägel GA18;JWS;False;1;2026-09-16T11:54:57+00:00
193.;Stauchkopfstifte 15 20 25 30 35 40 45 50 mm;16.9;16.9;False;0.0;True;boolean;Sofort versandfertig, Lieferzeit 48h;2;1000;https://www.jws-store.de/druckluftnagler/klammern-naegel/stauchkopfnaegel-ga18/stauchkopfstifte-20-25-30-35-40-45-50_351_2085;https://cdn03.plentyone.com/iidhyn1xr43q/item/images/351/full/Stauchkopfnaegel.jpg;Druckluftgeräte > Klammern & Nägel > Stauchkopfnägel GA18;JWS;False;1;2026-09-16T11:54:57+00:00
1089.;Stauchkopfstifte 15 20 25 30 35 40 45 50 mm;17.9;17.9;False;0.0;True;boolean;Sofort versandfertig, Lieferzeit 48h;2;1000;https://www.jws-store.de/druckluftnagler/klammern-naegel/stauchkopfnaegel-ga18/stauchkopfstifte-20-25-30-35-40-45-50_351_2086;https://cdn03.plentyone.com/iidhyn1xr43q/item/images/351/full/Stauchkopfnaegel.jpg;Druckluftgeräte > Klammern & Nägel > Stauchkopfnägel GA18;JWS;False;1;2026-09-16T11:54:57+00:00
107.;Stauchkopfstifte 15 20 25 30 35 40 45 50 mm;12.9;12.9;False;0.0;True;boolean;Sofort versandfertig, Lieferzeit 48h;2;1000;https://www.jws-store.de/druckluftnagler/klammern-naegel/stauchkopfnaegel-ga18/stauchkopfstifte-20-25-30-35-40-45-50_351_2081;https://cdn03.plentyone.com/iidhyn1xr43q/item/images/351/full/Stauchkopfnaegel.jpg;Druckluftgeräte > Klammern & Nägel > Stauchkopfnägel GA18;JWS;False;1;2026-09-16T11:54:57+00:00
470;D-Kopf Streifennägel 70mm 34° Blank 2000 Stück passend BeA Bostitch Paslode;39.9;39.9;False;0.0;True;boolean;Sofort versandfertig, Lieferzeit 48h;2;1000;https://www.jws-store.de/druckluftnagler/klammern-naegel/streifennaegel/d-kopf-streifennaegel-70mm-34-blank-2-000-stueck-passend-bea-bostitch-paslode_470_1227;https://cdn03.plentyone.com/iidhyn1xr43q/item/images/470/full/Streifennaegel34.jpg;Druckluftgeräte > Klammern & Nägel > Streifennägel;JWS;False;1;2026-09-16T11:54:57+00:00
260;Rundkopf Streifennägel 2,8x60mm 1000Stk VERZINKT;16.9;16.9;False;0.0;True;boolean;Kurzfristig verfügbar, Lieferzeit 4-5 Tage;7;1000;https://www.jws-store.de/druckluftnagler/klammern-n-gel/streifenn-gel/rundkopf-streifennaegel-2-8x60mm-1000stk-verzinkt_260_1134;https://cdn03.plentyone.com/iidhyn1xr43q/item/images/260/full/260-Streifenn-00E4-gel0.jpg;Druckluftgeräte > Klammern & Nägel > Streifennägel;JWS;False;1;2026-09-16T11:54:57+00:00
227;Rundkopf Streifennägel 2,8x65mm 5000Stk VERZINKT;52.9;52.9;False;0.0;True;boolean;Sofort versandfertig, Lieferzeit 48h;2;1000;https://www.jws-store.de/druckluftnagler/klammern-n-gel/streifenn-gel/rundkopf-streifennaegel-2-8x65mm-5000stk-verzinkt_227_1101;https://cdn03.plentyone.com/iidhyn1xr43q/item/images/227/full/227-Streifenn-00E4-gel0.jpg;Druckluftgeräte > Klammern & Nägel > Streifennägel;JWS;False;1;2026-09-16T11:54:57+00:00
232;Rundkopf Streifennägel 3,1x80mm 1000Stk blank;16.9;16.9;False;0.0;True;boolean;Kurzfristig verfügbar, Lieferzeit 4-5 Tage;7;1000;https://www.jws-store.de/druckluftnagler/klammern-n-gel/streifenn-gel/rundkopf-streifennaegel-3-1x80mm-1000stk-blank_232_1106;https://cdn03.plentyone.com/iidhyn1xr43q/item/images/232/full/232-Streifenn-00E4-gel0.jpg;Druckluftgeräte > Klammern & Nägel > Streifennägel;JWS;False;1;2026-09-16T11:54:57+00:00
186;Rundkopf Streifennägel 3,1x80mm 4000Stk VERZINKT;59.9;59.9;False;0.0;True;boolean;Kurzfristig verfügbar, Lieferzeit 4-5 Tage;7;1000;https://www.jws-store.de/druckluftnagler/klammern-n-gel/streifenn-gel/rundkopf-streifennaegel-3-1x80mm-4000stk-verzinkt_186_1062;https://cdn03.plentyone.com/iidhyn1xr43q/item/images/186/full/186-Streifenn-00E4-gel0.jpg;Druckluftgeräte > Klammern & Nägel > Streifennägel;JWS;False;1;2026-09-16T11:54:57+00:00
1237;Akku Kombinagler 2in1 Elektro 18V Lithium Elektrotacker Nagler Elektronagler;149.9;159.9;True;6.25;True;boolean;Sofort versandfertig, Lieferzeit 48h;2;1000;https://www.jws-store.de/druckluftnagler/akku-kombinagler-2in1-elektro-18v-lithium-elektrotacker-nagler-elektronagler_1237_4975;https://cdn03.plentyone.com/iidhyn1xr43q/item/images/1237/full/1237.jpg;Druckluftgeräte > Tacker & Nagler;JWS;False;1;2026-09-16T11:54:57+00:00
1237.;Akku Kombinagler 2in1 Elektro 18V Lithium Elektrotacker Nagler Elektronagler;159.9;159.9;False;0.0;True;boolean;Sofort versandfertig, Lieferzeit 48h;2;1000;https://www.jws-store.de/druckluftnagler/akku-kombinagler-2in1-elektro-18v-lithium-elektrotacker-nagler-elektronagler_1237_4976;https://cdn03.plentyone.com/iidhyn1xr43q/item/images/1237/full/1237.jpg;Druckluftgeräte > Tacker & Nagler;JWS;False;1;2026-09-16T11:54:57+00:00
1237_;Akku Kombinagler 2in1 Elektro 18V Lithium Elektrotacker Nagler Elektronagler;179.9;179.9;False;0.0;True;boolean;Sofort versandfertig, Lieferzeit 48h;2;1000;https://www.jws-store.de/druckluftnagler/akku-kombinagler-2in1-elektro-18v-lithium-elektrotacker-nagler-elektronagler_1237_4977;https://cdn03.plentyone.com/iidhyn1xr43q/item/images/1237/full/1237.jpg;Druckluftgeräte > Tacker & Nagler;JWS;False;1;2026-09-16T11:54:57+00:00
356.;Coilnagler Druckluftnagler Coil Nagler Druckluft Nagelgerät 55 70 90 mm;159.9;159.9;False;0.0;True;boolean;Sofort versandfertig, Lieferzeit 48h;2;1000;https://www.jws-store.de/druckluftnagler/coilnagler-druckluftnagler-coil-nagler-druckluft-nagelgeraet-55-70-90-mm_355_2717;https://cdn03.plentyone.com/iidhyn1xr43q/item/images/355/full/Coilnagler.jpg;Druckluftgeräte > Tacker & Nagler;JWS;False;1;2026-09-16T11:54:57+00:00
357.;Coilnagler Druckluftnagler Coil Nagler Druckluft Nagelgerät 55 70 90 mm;179.9;179.9;False;0.0;True;boolean;Sofort versandfertig, Lieferzeit 48h;2;1000;https://www.jws-store.de/druckluftnagler/coilnagler-druckluftnagler-coil-nagler-druckluft-nagelgeraet-55-70-90-mm_355_2718;https://cdn03.plentyone.com/iidhyn1xr43q/item/images/355/full/Coilnagler.jpg;Druckluftgeräte > Tacker & Nagler;JWS;False;1;2026-09-16T11:54:57+00:00
358.;Coilnagler Druckluftnagler Coil Nagler Druckluft Nagelgerät 55 70 90 mm;219.9;219.9;False;0.0;True;boolean;Sofort versandfertig, Lieferzeit 48h;2;1000;https://www.jws-store.de/druckluftnagler/coilnagler-druckluftnagler-coil-nagler-druckluft-nagelgeraet-55-70-90-mm_355_2719;https://cdn03.plentyone.com/iidhyn1xr43q/item/images/355/full/Coilnagler.jpg;Druckluftgeräte > Tacker & Nagler;JWS;False;1;2026-09-16T11:54:57+00:00
355;Coilnagler Druckluftnagler Coil Nagler Druckluft Nagelgerät 55 70 90 mm;159.9;159.9;False;0.0;True;boolean;Sofort versandfertig, Lieferzeit 48h;2;1000;https://www.jws-store.de/druckluftnagler/coilnagler-druckluftnagler-coil-nagler-druckluft-nagelgeraet-55-70-90-mm_355_2716;https://cdn03.plentyone.com/iidhyn1xr43q/item/images/355/full/Coilnagler.jpg;Druckluftgeräte > Tacker & Nagler;JWS;False;1;2026-09-16T11:54:57+00:00
237;Druckluft Klammergerät Drucklufttacker Kombi Set Nagler Tacker Druckluftnagler;38.9;38.9;False;0.0;True;boolean;Sofort versandfertig, Lieferzeit 48h;2;1000;https://www.jws-store.de/druckluftnagler/jws-druckluft-kombinagler_237_1111;https://cdn03.plentyone.com/iidhyn1xr43q/item/images/237/full/1-pxo.jpg;Druckluftgeräte > Tacker & Nagler;JWS;False;1;2026-09-16T11:54:57+00:00
111;Druckluft Schlagschrauber Druckluftschrauber Doppelschlagwerk 720Nm;69.9;69.9;False;0.0;True;boolean;Sofort versandfertig, Lieferzeit 48h;2;1000;https://www.jws-store.de/sonstiges/schlagschrauber-druckluftschrauber-doppelschlagwerk-720nm_111_1008;https://cdn03.plentyone.com/iidhyn1xr43q/item/images/111/full/111-Schlagschrauber-Neu1_1.jpg;Druckluftgeräte > Tacker & Nagler;JWS;False;1;2026-09-16T11:54:57+00:00
179;Druckluft Streifennagler Magazinnagler Nagler von 50mm bis 90mm 21 °;109.9;109.9;False;0.0;True;boolean;Sofort versandfertig, Lieferzeit 48h;2;1000;https://www.jws-store.de/druckluftnagler/druckluft-streifennagler-90mm_179_1055;https://cdn03.plentyone.com/iidhyn1xr43q/item/images/179/full/Streifennagler34-Galerie.jpg;Druckluftgeräte > Tacker & Nagler;JWS;False;1;2026-09-16T11:54:57+00:00
207;Schlagschrauber Druckluftschrauber Doppelschlagwerk 850Nm;79.9;79.9;False;0.0;True;boolean;Sofort versandfertig, Lieferzeit 48h;2;2000;https://www.jws-store.de/sonstiges/schlagschrauber-druckluftschrauber-doppelschlagwerk-850nm_207_1082;https://cdn03.plentyone.com/iidhyn1xr43q/item/images/207/full/207-Schlagschrauber850Nm_1.jpg;Druckluftgeräte > Tacker & Nagler;JWS;False;1;2026-09-16T11:54:57+00:00
5150_540_;Elektrische Fußbodenheizung 150 Watt Elektrische Bodenheizung TWIN Technologie;143.9;143.9;False;0.0;True;boolean;Sofort versandfertig, Lieferzeit 48h;2;1000;https://www.jws-store.de/elektrische-fussbodenheizung_5100_4843;https://cdn03.plentyone.com/iidhyn1xr43q/item/images/5100/full/Fussbodenheizung-3-Thermostate1-pxo.jpg;Heizmatten;JWS;False;1;2026-09-16T11:54:57+00:00
5150_530_;Elektrische Fußbodenheizung 150 Watt Elektrische Bodenheizung TWIN Technologie;143.9;143.9;False;0.0;True;boolean;Sofort versandfertig, Lieferzeit 48h;2;1000;https://www.jws-store.de/elektrische-fussbodenheizung_5100_4859;https://cdn03.plentyone.com/iidhyn1xr43q/item/images/5100/full/Fussbodenheizung-3-Thermostate1-pxo.jpg;Heizmatten;JWS;False;1;2026-09-16T11:54:57+00:00
5150..;Elektrische Fußbodenheizung 150 Watt Elektrische Bodenheizung TWIN Technologie;63.9;63.9;False;0.0;True;boolean;Sofort versandfertig, Lieferzeit 48h;2;1000;https://www.jws-store.de/elektrische-fussbodenheizung_5100_3016;https://cdn03.plentyone.com/iidhyn1xr43q/item/images/5100/full/Fussbodenheizung-3-Thermostate1-pxo.jpg;Heizmatten;JWS;False;1;2026-09-16T11:54:57+00:00
5150_253.;Elektrische Fußbodenheizung 150 Watt Elektrische Bodenheizung TWIN Technologie;78.9;78.9;False;0.0;True;boolean;Sofort versandfertig, Lieferzeit 48h;2;1000;https://www.jws-store.de/elektrische-fussbodenheizung_5100_3032;https://cdn03.plentyone.com/iidhyn1xr43q/item/images/5100/full/Fussbodenheizung-3-Thermostate1-pxo.jpg;Heizmatten;JWS;False;1;2026-09-16T11:54:57+00:00
5150_251.;Elektrische Fußbodenheizung 150 Watt Elektrische Bodenheizung TWIN Technologie;88.9;88.9;False;0.0;True;boolean;Sofort versandfertig, Lieferzeit 48h;2;1000;https://www.jws-store.de/elektrische-fussbodenheizung_5100_3048;https://cdn03.plentyone.com/iidhyn1xr43q/item/images/5100/full/Fussbodenheizung-3-Thermostate1-pxo.jpg;Heizmatten;JWS;False;1;2026-09-16T11:54:57+00:00
5150_132.;Elektrische Fußbodenheizung 150 Watt Elektrische Bodenheizung TWIN Technologie;99.9;99.9;False;0.0;True;boolean;Sofort versandfertig, Lieferzeit 48h;2;1000;https://www.jws-store.de/elektrische-fussbodenheizung_5100_3064;https://cdn03.plentyone.com/iidhyn1xr43q/item/images/5100/full/Fussbodenheizung-3-Thermostate1-pxo.jpg;Heizmatten;JWS;False;1;2026-09-16T11:54:57+00:00
5120_540_;Elektrische Fußbodenheizung 150 Watt Elektrische Bodenheizung TWIN Technologie;116.9;116.9;False;0.0;True;boolean;Sofort versandfertig, Lieferzeit 48h;2;1000;https://www.jws-store.de/elektrische-fussbodenheizung_5100_4838;https://cdn03.plentyone.com/iidhyn1xr43q/item/images/5100/full/Fussbodenheizung-3-Thermostate1-pxo.jpg;Heizmatten;JWS;False;1;2026-09-16T11:54:57+00:00
5120_530_;Elektrische Fußbodenheizung 150 Watt Elektrische Bodenheizung TWIN Technologie;116.9;116.9;False;0.0;True;boolean;Sofort versandfertig, Lieferzeit 48h;2;1000;https://www.jws-store.de/elektrische-fussbodenheizung_5100_4854;https://cdn03.plentyone.com/iidhyn1xr43q/item/images/5100/full/Fussbodenheizung-3-Thermostate1-pxo.jpg;Heizmatten;JWS;False;1;2026-09-16T11:54:57+00:00
5120..;Elektrische Fußbodenheizung 150 Watt Elektrische Bodenheizung TWIN Technologie;36.9;36.9;False;0.0;True;boolean;Sofort versandfertig, Lieferzeit 48h;2;1000;https://www.jws-store.de/elektrische-fussbodenheizung_5100_3011;https://cdn03.plentyone.com/iidhyn1xr43q/item/images/5100/full/Fussbodenheizung-3-Thermostate1-pxo.jpg;Heizmatten;JWS;False;1;2026-09-16T11:54:57+00:00
5120_253.;Elektrische Fußbodenheizung 150 Watt Elektrische Bodenheizung TWIN Technologie;51.9;51.9;False;0.0;True;boolean;Sofort versandfertig, Lieferzeit 48h;2;1000;https://www.jws-store.de/elektrische-fussbodenheizung_5100_3027;https://cdn03.plentyone.com/iidhyn1xr43q/item/images/5100/full/Fussbodenheizung-3-Thermostate1-pxo.jpg;Heizmatten;JWS;False;1;2026-09-16T11:54:57+00:00
5120_251.;Elektrische Fußbodenheizung 150 Watt Elektrische Bodenheizung TWIN Technologie;61.9;61.9;False;0.0;True;boolean;Sofort versandfertig, Lieferzeit 48h;2;1000;https://www.jws-store.de/elektrische-fussbodenheizung_5100_3043;https://cdn03.plentyone.com/iidhyn1xr43q/item/images/5100/full/Fussbodenheizung-3-Thermostate1-pxo.jpg;Heizmatten;JWS;False;1;2026-09-16T11:54:57+00:00
5120_132.;Elektrische Fußbodenheizung 150 Watt Elektrische Bodenheizung TWIN Technologie;72.9;72.9;False;0.0;True;boolean;Sofort versandfertig, Lieferzeit 48h;2;1000;https://www.jws-store.de/elektrische-fussbodenheizung_5100_3059;https://cdn03.plentyone.com/iidhyn1xr43q/item/images/5100/full/Fussbodenheizung-3-Thermostate1-pxo.jpg;Heizmatten;JWS;False;1;2026-09-16T11:54:57+00:00
5211_540_;Elektrische Fußbodenheizung 150 Watt Elektrische Bodenheizung TWIN Technologie;208.9;208.9;False;0.0;True;boolean;Sofort versandfertig, Lieferzeit 48h;2;1000;https://www.jws-store.de/elektrische-fussbodenheizung_5100_4849;https://cdn03.plentyone.com/iidhyn1xr43q/item/images/5100/full/Fussbodenheizung-3-Thermostate1-pxo.jpg;Heizmatten;JWS;False;1;2026-09-16T11:54:57+00:00
5211_530_;Elektrische Fußbodenheizung 150 Watt Elektrische Bodenheizung TWIN Technologie;208.9;208.9;False;0.0;True;boolean;Sofort versandfertig, Lieferzeit 48h;2;1000;https://www.jws-store.de/elektrische-fussbodenheizung_5100_4865;https://cdn03.plentyone.com/iidhyn1xr43q/item/images/5100/full/Fussbodenheizung-3-Thermostate1-pxo.jpg;Heizmatten;JWS;False;1;2026-09-16T11:54:57+00:00
5211..;Elektrische Fußbodenheizung 150 Watt Elektrische Bodenheizung TWIN Technologie;128.9;128.9;False;0.0;True;boolean;Sofort versandfertig, Lieferzeit 48h;2;1000;https://www.jws-store.de/elektrische-fussbodenheizung_5100_3022;https://cdn03.plentyone.com/iidhyn1xr43q/item/images/5100/full/Fussbodenheizung-3-Thermostate1-pxo.jpg;Heizmatten;JWS;False;1;2026-09-16T11:54:57+00:00
5211_253.;Elektrische Fußbodenheizung 150 Watt Elektrische Bodenheizung TWIN Technologie;143.9;143.9;False;0.0;True;boolean;Sofort versandfertig, Lieferzeit 48h;2;1000;https://www.jws-store.de/elektrische-fussbodenheizung_5100_3038;https://cdn03.plentyone.com/iidhyn1xr43q/item/images/5100/full/Fussbodenheizung-3-Thermostate1-pxo.jpg;Heizmatten;JWS;False;1;2026-09-16T11:54:57+00:00
5211_251.;Elektrische Fußbodenheizung 150 Watt Elektrische Bodenheizung TWIN Technologie;153.9;153.9;False;0.0;True;boolean;Sofort versandfertig, Lieferzeit 48h;2;1000;https://www.jws-store.de/elektrische-fussbodenheizung_5100_3054;https://cdn03.plentyone.com/iidhyn1xr43q/item/images/5100/full/Fussbodenheizung-3-Thermostate1-pxo.jpg;Heizmatten;JWS;False;1;2026-09-16T11:54:57+00:00
5211_132.;Elektrische Fußbodenheizung 150 Watt Elektrische Bodenheizung TWIN Technologie;164.9;164.9;False;0.0;True;boolean;Sofort versandfertig, Lieferzeit 48h;2;1000;https://www.jws-store.de/elektrische-fussbodenheizung_5100_3070;https://cdn03.plentyone.com/iidhyn1xr43q/item/images/5100/full/Fussbodenheizung-3-Thermostate1-pxo.jpg;Heizmatten;JWS;False;1;2026-09-16T11:54:57+00:00
5160_540_;Elektrische Fußbodenheizung 150 Watt Elektrische Bodenheizung TWIN Technologie;149.9;149.9;False;0.0;True;boolean;Sofort versandfertig, Lieferzeit 48h;2;1000;https://www.jws-store.de/elektrische-fussbodenheizung_5100_4844;https://cdn03.plentyone.com/iidhyn1xr43q/item/images/5100/full/Fussbodenheizung-3-Thermostate1-pxo.jpg;Heizmatten;JWS;False;1;2026-09-16T11:54:57+00:00
5160_530_;Elektrische Fußbodenheizung 150 Watt Elektrische Bodenheizung TWIN Technologie;149.9;149.9;False;0.0;True;boolean;Sofort versandfertig, Lieferzeit 48h;2;1000;https://www.jws-store.de/elektrische-fussbodenheizung_5100_4860;https://cdn03.plentyone.com/iidhyn1xr43q/item/images/5100/full/Fussbodenheizung-3-Thermostate1-pxo.jpg;Heizmatten;JWS;False;1;2026-09-16T11:54:57+00:00
5160..;Elektrische Fußbodenheizung 150 Watt Elektrische Bodenheizung TWIN Technologie;69.9;69.9;False;0.0;True;boolean;Sofort versandfertig, Lieferzeit 48h;2;1000;https://www.jws-store.de/elektrische-fussbodenheizung_5100_3017;https://cdn03.plentyone.com/iidhyn1xr43q/item/images/5100/full/Fussbodenheizung-3-Thermostate1-pxo.jpg;Heizmatten;JWS;False;1;2026-09-16T11:54:57+00:00
5160_253.;Elektrische Fußbodenheizung 150 Watt Elektrische Bodenheizung TWIN Technologie;84.9;84.9;False;0.0;True;boolean;Sofort versandfertig, Lieferzeit 48h;2;1000;https://www.jws-store.de/elektrische-fussbodenheizung_5100_3033;https://cdn03.plentyone.com/iidhyn1xr43q/item/images/5100/full/Fussbodenheizung-3-Thermostate1-pxo.jpg;Heizmatten;JWS;False;1;2026-09-16T11:54:57+00:00
5160_251.;Elektrische Fußbodenheizung 150 Watt Elektrische Bodenheizung TWIN Technologie;91.9;91.9;False;0.0;True;boolean;Sofort versandfertig, Lieferzeit 48h;2;1000;https://www.jws-store.de/elektrische-fussbodenheizung_5100_3049;https://cdn03.plentyone.com/iidhyn1xr43q/item/images/5100/full/Fussbodenheizung-3-Thermostate1-pxo.jpg;Heizmatten;JWS;False;1;2026-09-16T11:54:57+00:00
5160_132.;Elektrische Fußbodenheizung 150 Watt Elektrische Bodenheizung TWIN Technologie;106.9;106.9;False;0.0;True;boolean;Sofort versandfertig, Lieferzeit 48h;2;1000;https://www.jws-store.de/elektrische-fussbodenheizung_5100_3065;https://cdn03.plentyone.com/iidhyn1xr43q/item/images/5100/full/Fussbodenheizung-3-Thermostate1-pxo.jpg;Heizmatten;JWS;False;1;2026-09-16T11:54:57+00:00
5125_540_;Elektrische Fußbodenheizung 150 Watt Elektrische Bodenheizung TWIN Technologie;120.9;120.9;False;0.0;True;boolean;Sofort versandfertig, Lieferzeit 48h;2;1000;https://www.jws-store.de/elektrische-fussbodenheizung_5100_4839;https://cdn03.plentyone.com/iidhyn1xr43q/item/images/5100/full/Fussbodenheizung-3-Thermostate1-pxo.jpg;Heizmatten;JWS;False;1;2026-09-16T11:54:57+00:00
5125_530_;Elektrische Fußbodenheizung 150 Watt Elektrische Bodenheizung TWIN Technologie;120.9;120.9;False;0.0;True;boolean;Sofort versandfertig, Lieferzeit 48h;2;1000;https://www.jws-store.de/elektrische-fussbodenheizung_5100_4855;https://cdn03.plentyone.com/iidhyn1xr43q/item/images/5100/full/Fussbodenheizung-3-Thermostate1-pxo.jpg;Heizmatten;JWS;False;1;2026-09-16T11:54:57+00:00
5125..;Elektrische Fußbodenheizung 150 Watt Elektrische Bodenheizung TWIN Technologie;41.9;41.9;False;0.0;True;boolean;Sofort versandfertig, Lieferzeit 48h;2;1000;https://www.jws-store.de/elektrische-fussbodenheizung_5100_3012;https://cdn03.plentyone.com/iidhyn1xr43q/item/images/5100/full/Fussbodenheizung-3-Thermostate1-pxo.jpg;Heizmatten;JWS;False;1;2026-09-16T11:54:57+00:00
5125_253.;Elektrische Fußbodenheizung 150 Watt Elektrische Bodenheizung TWIN Technologie;56.9;56.9;False;0.0;True;boolean;Sofort versandfertig, Lieferzeit 48h;2;1000;https://www.jws-store.de/elektrische-fussbodenheizung_5100_3028;https://cdn03.plentyone.com/iidhyn1xr43q/item/images/5100/full/Fussbodenheizung-3-Thermostate1-pxo.jpg;Heizmatten;JWS;False;1;2026-09-16T11:54:57+00:00
5125_251.;Elektrische Fußbodenheizung 150 Watt Elektrische Bodenheizung TWIN Technologie;66.9;66.9;False;0.0;True;boolean;Sofort versandfertig, Lieferzeit 48h;2;1000;https://www.jws-store.de/elektrische-fussbodenheizung_5100_3044;https://cdn03.plentyone.com/iidhyn1xr43q/item/images/5100/full/Fussbodenheizung-3-Thermostate1-pxo.jpg;Heizmatten;JWS;False;1;2026-09-16T11:54:57+00:00
5125_132.;Elektrische Fußbodenheizung 150 Watt Elektrische Bodenheizung TWIN Technologie;77.9;77.9;False;0.0;True;boolean;Sofort versandfertig, Lieferzeit 48h;2;1000;https://www.jws-store.de/elektrische-fussbodenheizung_5100_3060;https://cdn03.plentyone.com/iidhyn1xr43q/item/images/5100/full/Fussbodenheizung-3-Thermostate1-pxo.jpg;Heizmatten;JWS;False;1;2026-09-16T11:54:57+00:00
5212_540_;Elektrische Fußbodenheizung 150 Watt Elektrische Bodenheizung TWIN Technologie;216.9;216.9;False;0.0;True;boolean;Sofort versandfertig, Lieferzeit 48h;2;1000;https://www.jws-store.de/elektrische-fussbodenheizung_5100_4850;https://cdn03.plentyone.com/iidhyn1xr43q/item/images/5100/full/Fussbodenheizung-3-Thermostate1-pxo.jpg;Heizmatten;JWS;False;1;2026-09-16T11:54:57+00:00
5212_530_;Elektrische Fußbodenheizung 150 Watt Elektrische Bodenheizung TWIN Technologie;216.9;216.9;False;0.0;True;boolean;Sofort versandfertig, Lieferzeit 48h;2;1000;https://www.jws-store.de/elektrische-fussbodenheizung_5100_4866;https://cdn03.plentyone.com/iidhyn1xr43q/item/images/5100/full/Fussbodenheizung-3-Thermostate1-pxo.jpg;Heizmatten;JWS;False;1;2026-09-16T11:54:57+00:00
5212..;Elektrische Fußbodenheizung 150 Watt Elektrische Bodenheizung TWIN Technologie;136.9;136.9;False;0.0;True;boolean;Sofort versandfertig, Lieferzeit 48h;2;1000;https://www.jws-store.de/elektrische-fussbodenheizung_5100_3023;https://cdn03.plentyone.com/iidhyn1xr43q/item/images/5100/full/Fussbodenheizung-3-Thermostate1-pxo.jpg;Heizmatten;JWS;False;1;2026-09-16T11:54:57+00:00
5212_253.;Elektrische Fußbodenheizung 150 Watt Elektrische Bodenheizung TWIN Technologie;151.9;151.9;False;0.0;True;boolean;Sofort versandfertig, Lieferzeit 48h;2;1000;https://www.jws-store.de/elektrische-fussbodenheizung_5100_3039;https://cdn03.plentyone.com/iidhyn1xr43q/item/images/5100/full/Fussbodenheizung-3-Thermostate1-pxo.jpg;Heizmatten;JWS;False;1;2026-09-16T11:54:57+00:00
5212_251.;Elektrische Fußbodenheizung 150 Watt Elektrische Bodenheizung TWIN Technologie;161.9;161.9;False;0.0;True;boolean;Sofort versandfertig, Lieferzeit 48h;2;1000;https://www.jws-store.de/elektrische-fussbodenheizung_5100_3055;https://cdn03.plentyone.com/iidhyn1xr43q/item/images/5100/full/Fussbodenheizung-3-Thermostate1-pxo.jpg;Heizmatten;JWS;False;1;2026-09-16T11:54:57+00:00
5212_132.;Elektrische Fußbodenheizung 150 Watt Elektrische Bodenheizung TWIN Technologie;172.9;172.9;False;0.0;True;boolean;Sofort versandfertig, Lieferzeit 48h;2;1000;https://www.jws-store.de/elektrische-fussbodenheizung_5100_3071;https://cdn03.plentyone.com/iidhyn1xr43q/item/images/5100/full/Fussbodenheizung-3-Thermostate1-pxo.jpg;Heizmatten;JWS;False;1;2026-09-16T11:54:57+00:00
5170_540_;Elektrische Fußbodenheizung 150 Watt Elektrische Bodenheizung TWIN Technologie;156.9;156.9;False;0.0;True;boolean;Sofort versandfertig, Lieferzeit 48h;2;1000;https://www.jws-store.de/elektrische-fussbodenheizung_5100_4845;https://cdn03.plentyone.com/iidhyn1xr43q/item/images/5100/full/Fussbodenheizung-3-Thermostate1-pxo.jpg;Heizmatten;JWS;False;1;2026-09-16T11:54:57+00:00
5170_530_;Elektrische Fußbodenheizung 150 Watt Elektrische Bodenheizung TWIN Technologie;156.9;156.9;False;0.0;True;boolean;Sofort versandfertig, Lieferzeit 48h;2;1000;https://www.jws-store.de/elektrische-fussbodenheizung_5100_4861;https://cdn03.plentyone.com/iidhyn1xr43q/item/images/5100/full/Fussbodenheizung-3-Thermostate1-pxo.jpg;Heizmatten;JWS;False;1;2026-09-16T11:54:57+00:00
5170..;Elektrische Fußbodenheizung 150 Watt Elektrische Bodenheizung TWIN Technologie;76.9;76.9;False;0.0;True;boolean;Sofort versandfertig, Lieferzeit 48h;2;1000;https://www.jws-store.de/elektrische-fussbodenheizung_5100_3018;https://cdn03.plentyone.com/iidhyn1xr43q/item/images/5100/full/Fussbodenheizung-3-Thermostate1-pxo.jpg;Heizmatten;JWS;False;1;2026-09-16T11:54:57+00:00
5170_253.;Elektrische Fußbodenheizung 150 Watt Elektrische Bodenheizung TWIN Technologie;91.9;91.9;False;0.0;True;boolean;Sofort versandfertig, Lieferzeit 48h;2;1000;https://www.jws-store.de/elektrische-fussbodenheizung_5100_3034;https://cdn03.plentyone.com/iidhyn1xr43q/item/images/5100/full/Fussbodenheizung-3-Thermostate1-pxo.jpg;Heizmatten;JWS;False;1;2026-09-16T11:54:57+00:00
5170_251.;Elektrische Fußbodenheizung 150 Watt Elektrische Bodenheizung TWIN Technologie;102.9;102.9;False;0.0;True;boolean;Sofort versandfertig, Lieferzeit 48h;2;1000;https://www.jws-store.de/elektrische-fussbodenheizung_5100_3050;https://cdn03.plentyone.com/iidhyn1xr43q/item/images/5100/full/Fussbodenheizung-3-Thermostate1-pxo.jpg;Heizmatten;JWS;False;1;2026-09-16T11:54:57+00:00
5170_132.;Elektrische Fußbodenheizung 150 Watt Elektrische Bodenheizung TWIN Technologie;112.9;112.9;False;0.0;True;boolean;Sofort versandfertig, Lieferzeit 48h;2;1000;https://www.jws-store.de/elektrische-fussbodenheizung_5100_3066;https://cdn03.plentyone.com/iidhyn1xr43q/item/images/5100/full/Fussbodenheizung-3-Thermostate1-pxo.jpg;Heizmatten;JWS;False;1;2026-09-16T11:54:57+00:00
5130_540_;Elektrische Fußbodenheizung 150 Watt Elektrische Bodenheizung TWIN Technologie;126.9;126.9;False;0.0;True;boolean;Sofort versandfertig, Lieferzeit 48h;2;1000;https://www.jws-store.de/elektrische-fussbodenheizung_5100_4840;https://cdn03.plentyone.com/iidhyn1xr43q/item/images/5100/full/Fussbodenheizung-3-Thermostate1-pxo.jpg;Heizmatten;JWS;False;1;2026-09-16T11:54:57+00:00
5130_530_;Elektrische Fußbodenheizung 150 Watt Elektrische Bodenheizung TWIN Technologie;126.9;126.9;False;0.0;True;boolean;Sofort versandfertig, Lieferzeit 48h;2;1000;https://www.jws-store.de/elektrische-fussbodenheizung_5100_4856;https://cdn03.plentyone.com/iidhyn1xr43q/item/images/5100/full/Fussbodenheizung-3-Thermostate1-pxo.jpg;Heizmatten;JWS;False;1;2026-09-16T11:54:57+00:00
5130..;Elektrische Fußbodenheizung 150 Watt Elektrische Bodenheizung TWIN Technologie;46.9;46.9;False;0.0;True;boolean;Sofort versandfertig, Lieferzeit 48h;2;1000;https://www.jws-store.de/elektrische-fussbodenheizung_5100_3013;https://cdn03.plentyone.com/iidhyn1xr43q/item/images/5100/full/Fussbodenheizung-3-Thermostate1-pxo.jpg;Heizmatten;JWS;False;1;2026-09-16T11:54:57+00:00
5130_253.;Elektrische Fußbodenheizung 150 Watt Elektrische Bodenheizung TWIN Technologie;61.9;61.9;False;0.0;True;boolean;Sofort versandfertig, Lieferzeit 48h;2;1000;https://www.jws-store.de/elektrische-fussbodenheizung_5100_3029;https://cdn03.plentyone.com/iidhyn1xr43q/item/images/5100/full/Fussbodenheizung-3-Thermostate1-pxo.jpg;Heizmatten;JWS;False;1;2026-09-16T11:54:57+00:00
5130_251.;Elektrische Fußbodenheizung 150 Watt Elektrische Bodenheizung TWIN Technologie;71.9;71.9;False;0.0;True;boolean;Sofort versandfertig, Lieferzeit 48h;2;1000;https://www.jws-store.de/elektrische-fussbodenheizung_5100_3045;https://cdn03.plentyone.com/iidhyn1xr43q/item/images/5100/full/Fussbodenheizung-3-Thermostate1-pxo.jpg;Heizmatten;JWS;False;1;2026-09-16T11:54:57+00:00
5130_132.;Elektrische Fußbodenheizung 150 Watt Elektrische Bodenheizung TWIN Technologie;82.9;82.9;False;0.0;True;boolean;Sofort versandfertig, Lieferzeit 48h;2;1000;https://www.jws-store.de/elektrische-fussbodenheizung_5100_3061;https://cdn03.plentyone.com/iidhyn1xr43q/item/images/5100/full/Fussbodenheizung-3-Thermostate1-pxo.jpg;Heizmatten;JWS;False;1;2026-09-16T11:54:57+00:00
5100;Elektrische Fußbodenheizung 150 Watt Elektrische Bodenheizung TWIN Technologie;29.9;39.9;True;25.06;True;boolean;Sofort versandfertig, Lieferzeit 48h;2;1000;https://www.jws-store.de/elektrische-fussbodenheizung_5100_2880;https://cdn03.plentyone.com/iidhyn1xr43q/item/images/5100/full/Fussbodenheizung-3-Thermostate1-pxo.jpg;Heizmatten;JWS;False;1;2026-09-16T11:54:57+00:00
5215_540_;Elektrische Fußbodenheizung 150 Watt Elektrische Bodenheizung TWIN Technologie;249.9;249.9;False;0.0;True;boolean;Sofort versandfertig, Lieferzeit 48h;2;1000;https://www.jws-store.de/elektrische-fussbodenheizung_5100_4851;https://cdn03.plentyone.com/iidhyn1xr43q/item/images/5100/full/Fussbodenheizung-3-Thermostate1-pxo.jpg;Heizmatten;JWS;False;1;2026-09-16T11:54:57+00:00
5215_530_;Elektrische Fußbodenheizung 150 Watt Elektrische Bodenheizung TWIN Technologie;249.9;249.9;False;0.0;True;boolean;Sofort versandfertig, Lieferzeit 48h;2;1000;https://www.jws-store.de/elektrische-fussbodenheizung_5100_4867;https://cdn03.plentyone.com/iidhyn1xr43q/item/images/5100/full/Fussbodenheizung-3-Thermostate1-pxo.jpg;Heizmatten;JWS;False;1;2026-09-16T11:54:57+00:00
5215..;Elektrische Fußbodenheizung 150 Watt Elektrische Bodenheizung TWIN Technologie;169.9;169.9;False;0.0;True;boolean;Sofort versandfertig, Lieferzeit 48h;2;1000;https://www.jws-store.de/elektrische-fussbodenheizung_5100_3024;https://cdn03.plentyone.com/iidhyn1xr43q/item/images/5100/full/Fussbodenheizung-3-Thermostate1-pxo.jpg;Heizmatten;JWS;False;1;2026-09-16T11:54:57+00:00
5215_253.;Elektrische Fußbodenheizung 150 Watt Elektrische Bodenheizung TWIN Technologie;186.9;186.9;False;0.0;True;boolean;Sofort versandfertig, Lieferzeit 48h;2;1000;https://www.jws-store.de/elektrische-fussbodenheizung_5100_3040;https://cdn03.plentyone.com/iidhyn1xr43q/item/images/5100/full/Fussbodenheizung-3-Thermostate1-pxo.jpg;Heizmatten;JWS;False;1;2026-09-16T11:54:57+00:00
5215_251.;Elektrische Fußbodenheizung 150 Watt Elektrische Bodenheizung TWIN Technologie;196.9;196.9;False;0.0;True;boolean;Sofort versandfertig, Lieferzeit 48h;2;1000;https://www.jws-store.de/elektrische-fussbodenheizung_5100_3056;https://cdn03.plentyone.com/iidhyn1xr43q/item/images/5100/full/Fussbodenheizung-3-Thermostate1-pxo.jpg;Heizmatten;JWS;False;1;2026-09-16T11:54:57+00:00
5215_132.;Elektrische Fußbodenheizung 150 Watt Elektrische Bodenheizung TWIN Technologie;207.9;207.9;False;0.0;True;boolean;Sofort versandfertig, Lieferzeit 48h;2;1000;https://www.jws-store.de/elektrische-fussbodenheizung_5100_3072;https://cdn03.plentyone.com/iidhyn1xr43q/item/images/5100/full/Fussbodenheizung-3-Thermostate1-pxo.jpg;Heizmatten;JWS;False;1;2026-09-16T11:54:57+00:00
5180_540_;Elektrische Fußbodenheizung 150 Watt Elektrische Bodenheizung TWIN Technologie;168.9;168.9;False;0.0;True;boolean;Sofort versandfertig, Lieferzeit 48h;2;1000;https://www.jws-store.de/elektrische-fussbodenheizung_5100_4846;https://cdn03.plentyone.com/iidhyn1xr43q/item/images/5100/full/Fussbodenheizung-3-Thermostate1-pxo.jpg;Heizmatten;JWS;False;1;2026-09-16T11:54:57+00:00
5180_530_;Elektrische Fußbodenheizung 150 Watt Elektrische Bodenheizung TWIN Technologie;168.9;168.9;False;0.0;True;boolean;Sofort versandfertig, Lieferzeit 48h;2;1000;https://www.jws-store.de/elektrische-fussbodenheizung_5100_4862;https://cdn03.plentyone.com/iidhyn1xr43q/item/images/5100/full/Fussbodenheizung-3-Thermostate1-pxo.jpg;Heizmatten;JWS;False;1;2026-09-16T11:54:57+00:00
5180..;Elektrische Fußbodenheizung 150 Watt Elektrische Bodenheizung TWIN Technologie;88.9;88.9;False;0.0;True;boolean;Sofort versandfertig, Lieferzeit 48h;2;1000;https://www.jws-store.de/elektrische-fussbodenheizung_5100_3019;https://cdn03.plentyone.com/iidhyn1xr43q/item/images/5100/full/Fussbodenheizung-3-Thermostate1-pxo.jpg;Heizmatten;JWS;False;1;2026-09-16T11:54:57+00:00
5180_253.;Elektrische Fußbodenheizung 150 Watt Elektrische Bodenheizung TWIN Technologie;103.9;103.9;False;0.0;True;boolean;Sofort versandfertig, Lieferzeit 48h;2;1000;https://www.jws-store.de/elektrische-fussbodenheizung_5100_3035;https://cdn03.plentyone.com/iidhyn1xr43q/item/images/5100/full/Fussbodenheizung-3-Thermostate1-pxo.jpg;Heizmatten;JWS;False;1;2026-09-16T11:54:57+00:00
5180_251.;Elektrische Fußbodenheizung 150 Watt Elektrische Bodenheizung TWIN Technologie;113.9;113.9;False;0.0;True;boolean;Sofort versandfertig, Lieferzeit 48h;2;1000;https://www.jws-store.de/elektrische-fussbodenheizung_5100_3051;https://cdn03.plentyone.com/iidhyn1xr43q/item/images/5100/full/Fussbodenheizung-3-Thermostate1-pxo.jpg;Heizmatten;JWS;False;1;2026-09-16T11:54:57+00:00
5180_132.;Elektrische Fußbodenheizung 150 Watt Elektrische Bodenheizung TWIN Technologie;124.9;124.9;False;0.0;True;boolean;Sofort versandfertig, Lieferzeit 48h;2;1000;https://www.jws-store.de/elektrische-fussbodenheizung_5100_3067;https://cdn03.plentyone.com/iidhyn1xr43q/item/images/5100/full/Fussbodenheizung-3-Thermostate1-pxo.jpg;Heizmatten;JWS;False;1;2026-09-16T11:54:57+00:00
5135_540_;Elektrische Fußbodenheizung 150 Watt Elektrische Bodenheizung TWIN Technologie;128.9;128.9;False;0.0;True;boolean;Sofort versandfertig, Lieferzeit 48h;2;1000;https://www.jws-store.de/elektrische-fussbodenheizung_5100_4841;https://cdn03.plentyone.com/iidhyn1xr43q/item/images/5100/full/Fussbodenheizung-3-Thermostate1-pxo.jpg;Heizmatten;JWS;False;1;2026-09-16T11:54:57+00:00
5135_530_;Elektrische Fußbodenheizung 150 Watt Elektrische Bodenheizung TWIN Technologie;128.9;128.9;False;0.0;True;boolean;Sofort versandfertig, Lieferzeit 48h;2;1000;https://www.jws-store.de/elektrische-fussbodenheizung_5100_4857;https://cdn03.plentyone.com/iidhyn1xr43q/item/images/5100/full/Fussbodenheizung-3-Thermostate1-pxo.jpg;Heizmatten;JWS;False;1;2026-09-16T11:54:57+00:00
5135..;Elektrische Fußbodenheizung 150 Watt Elektrische Bodenheizung TWIN Technologie;48.9;48.9;False;0.0;True;boolean;Sofort versandfertig, Lieferzeit 48h;2;1000;https://www.jws-store.de/elektrische-fussbodenheizung_5100_3014;https://cdn03.plentyone.com/iidhyn1xr43q/item/images/5100/full/Fussbodenheizung-3-Thermostate1-pxo.jpg;Heizmatten;JWS;False;1;2026-09-16T11:54:57+00:00
5135_253.;Elektrische Fußbodenheizung 150 Watt Elektrische Bodenheizung TWIN Technologie;63.9;63.9;False;0.0;True;boolean;Sofort versandfertig, Lieferzeit 48h;2;1000;https://www.jws-store.de/elektrische-fussbodenheizung_5100_3030;https://cdn03.plentyone.com/iidhyn1xr43q/item/images/5100/full/Fussbodenheizung-3-Thermostate1-pxo.jpg;Heizmatten;JWS;False;1;2026-09-16T11:54:57+00:00
5135_251.;Elektrische Fußbodenheizung 150 Watt Elektrische Bodenheizung TWIN Technologie;73.9;73.9;False;0.0;True;boolean;Sofort versandfertig, Lieferzeit 48h;2;1000;https://www.jws-store.de/elektrische-fussbodenheizung_5100_3046;https://cdn03.plentyone.com/iidhyn1xr43q/item/images/5100/full/Fussbodenheizung-3-Thermostate1-pxo.jpg;Heizmatten;JWS;False;1;2026-09-16T11:54:57+00:00
5135_132.;Elektrische Fußbodenheizung 150 Watt Elektrische Bodenheizung TWIN Technologie;84.9;84.9;False;0.0;True;boolean;Sofort versandfertig, Lieferzeit 48h;2;1000;https://www.jws-store.de/elektrische-fussbodenheizung_5100_3062;https://cdn03.plentyone.com/iidhyn1xr43q/item/images/5100/full/Fussbodenheizung-3-Thermostate1-pxo.jpg;Heizmatten;JWS;False;1;2026-09-16T11:54:57+00:00
5110_540_;Elektrische Fußbodenheizung 150 Watt Elektrische Bodenheizung TWIN Technologie;109.9;109.9;False;0.0;True;boolean;Sofort versandfertig, Lieferzeit 48h;2;1000;https://www.jws-store.de/elektrische-fussbodenheizung_5100_4836;https://cdn03.plentyone.com/iidhyn1xr43q/item/images/5100/full/Fussbodenheizung-3-Thermostate1-pxo.jpg;Heizmatten;JWS;False;1;2026-09-16T11:54:57+00:00
5110_530_;Elektrische Fußbodenheizung 150 Watt Elektrische Bodenheizung TWIN Technologie;109.9;109.9;False;0.0;True;boolean;Sofort versandfertig, Lieferzeit 48h;2;1000;https://www.jws-store.de/elektrische-fussbodenheizung_5100_4852;https://cdn03.plentyone.com/iidhyn1xr43q/item/images/5100/full/Fussbodenheizung-3-Thermostate1-pxo.jpg;Heizmatten;JWS;False;1;2026-09-16T11:54:57+00:00
5110..;Elektrische Fußbodenheizung 150 Watt Elektrische Bodenheizung TWIN Technologie;29.9;29.9;False;0.0;True;boolean;Sofort versandfertig, Lieferzeit 48h;2;1000;https://www.jws-store.de/elektrische-fussbodenheizung_5100_3009;https://cdn03.plentyone.com/iidhyn1xr43q/item/images/5100/full/Fussbodenheizung-3-Thermostate1-pxo.jpg;Heizmatten;JWS;False;1;2026-09-16T11:54:57+00:00
5110_253.;Elektrische Fußbodenheizung 150 Watt Elektrische Bodenheizung TWIN Technologie;44.9;44.9;False;0.0;True;boolean;Sofort versandfertig, Lieferzeit 48h;2;1000;https://www.jws-store.de/elektrische-fussbodenheizung_5100_3025;https://cdn03.plentyone.com/iidhyn1xr43q/item/images/5100/full/Fussbodenheizung-3-Thermostate1-pxo.jpg;Heizmatten;JWS;False;1;2026-09-16T11:54:57+00:00
5110_251.;Elektrische Fußbodenheizung 150 Watt Elektrische Bodenheizung TWIN Technologie;54.9;54.9;False;0.0;True;boolean;Sofort versandfertig, Lieferzeit 48h;2;1000;https://www.jws-store.de/elektrische-fussbodenheizung_5100_3041;https://cdn03.plentyone.com/iidhyn1xr43q/item/images/5100/full/Fussbodenheizung-3-Thermostate1-pxo.jpg;Heizmatten;JWS;False;1;2026-09-16T11:54:57+00:00
5110_132.;Elektrische Fußbodenheizung 150 Watt Elektrische Bodenheizung TWIN Technologie;65.9;65.9;False;0.0;True;boolean;Sofort versandfertig, Lieferzeit 48h;2;1000;https://www.jws-store.de/elektrische-fussbodenheizung_5100_3057;https://cdn03.plentyone.com/iidhyn1xr43q/item/images/5100/full/Fussbodenheizung-3-Thermostate1-pxo.jpg;Heizmatten;JWS;False;1;2026-09-16T11:54:57+00:00
5190_540_;Elektrische Fußbodenheizung 150 Watt Elektrische Bodenheizung TWIN Technologie;179.9;179.9;False;0.0;True;boolean;Sofort versandfertig, Lieferzeit 48h;2;1000;https://www.jws-store.de/elektrische-fussbodenheizung_5100_4847;https://cdn03.plentyone.com/iidhyn1xr43q/item/images/5100/full/Fussbodenheizung-3-Thermostate1-pxo.jpg;Heizmatten;JWS;False;1;2026-09-16T11:54:57+00:00
5190_530_;Elektrische Fußbodenheizung 150 Watt Elektrische Bodenheizung TWIN Technologie;179.9;179.9;False;0.0;True;boolean;Sofort versandfertig, Lieferzeit 48h;2;1000;https://www.jws-store.de/elektrische-fussbodenheizung_5100_4863;https://cdn03.plentyone.com/iidhyn1xr43q/item/images/5100/full/Fussbodenheizung-3-Thermostate1-pxo.jpg;Heizmatten;JWS;False;1;2026-09-16T11:54:57+00:00
5190..;Elektrische Fußbodenheizung 150 Watt Elektrische Bodenheizung TWIN Technologie;99.9;99.9;False;0.0;True;boolean;Sofort versandfertig, Lieferzeit 48h;2;1000;https://www.jws-store.de/elektrische-fussbodenheizung_5100_3020;https://cdn03.plentyone.com/iidhyn1xr43q/item/images/5100/full/Fussbodenheizung-3-Thermostate1-pxo.jpg;Heizmatten;JWS;False;1;2026-09-16T11:54:57+00:00
5190_253.;Elektrische Fußbodenheizung 150 Watt Elektrische Bodenheizung TWIN Technologie;114.9;114.9;False;0.0;True;boolean;Sofort versandfertig, Lieferzeit 48h;2;1000;https://www.jws-store.de/elektrische-fussbodenheizung_5100_3036;https://cdn03.plentyone.com/iidhyn1xr43q/item/images/5100/full/Fussbodenheizung-3-Thermostate1-pxo.jpg;Heizmatten;JWS;False;1;2026-09-16T11:54:57+00:00
5190_251.;Elektrische Fußbodenheizung 150 Watt Elektrische Bodenheizung TWIN Technologie;124.9;124.9;False;0.0;True;boolean;Sofort versandfertig, Lieferzeit 48h;2;1000;https://www.jws-store.de/elektrische-fussbodenheizung_5100_3052;https://cdn03.plentyone.com/iidhyn1xr43q/item/images/5100/full/Fussbodenheizung-3-Thermostate1-pxo.jpg;Heizmatten;JWS;False;1;2026-09-16T11:54:57+00:00
5190_132.;Elektrische Fußbodenheizung 150 Watt Elektrische Bodenheizung TWIN Technologie;135.9;135.9;False;0.0;True;boolean;Sofort versandfertig, Lieferzeit 48h;2;1000;https://www.jws-store.de/elektrische-fussbodenheizung_5100_3068;https://cdn03.plentyone.com/iidhyn1xr43q/item/images/5100/full/Fussbodenheizung-3-Thermostate1-pxo.jpg;Heizmatten;JWS;False;1;2026-09-16T11:54:57+00:00
5140_540_;Elektrische Fußbodenheizung 150 Watt Elektrische Bodenheizung TWIN Technologie;131.9;131.9;False;0.0;True;boolean;Sofort versandfertig, Lieferzeit 48h;2;1000;https://www.jws-store.de/elektrische-fussbodenheizung_5100_4842;https://cdn03.plentyone.com/iidhyn1xr43q/item/images/5100/full/Fussbodenheizung-3-Thermostate1-pxo.jpg;Heizmatten;JWS;False;1;2026-09-16T11:54:57+00:00
5140_530_;Elektrische Fußbodenheizung 150 Watt Elektrische Bodenheizung TWIN Technologie;131.9;131.9;False;0.0;True;boolean;Sofort versandfertig, Lieferzeit 48h;2;1000;https://www.jws-store.de/elektrische-fussbodenheizung_5100_4858;https://cdn03.plentyone.com/iidhyn1xr43q/item/images/5100/full/Fussbodenheizung-3-Thermostate1-pxo.jpg;Heizmatten;JWS;False;1;2026-09-16T11:54:57+00:00
5140..;Elektrische Fußbodenheizung 150 Watt Elektrische Bodenheizung TWIN Technologie;51.9;51.9;False;0.0;True;boolean;Sofort versandfertig, Lieferzeit 48h;2;1000;https://www.jws-store.de/elektrische-fussbodenheizung_5100_3015;https://cdn03.plentyone.com/iidhyn1xr43q/item/images/5100/full/Fussbodenheizung-3-Thermostate1-pxo.jpg;Heizmatten;JWS;False;1;2026-09-16T11:54:57+00:00
5140_253.;Elektrische Fußbodenheizung 150 Watt Elektrische Bodenheizung TWIN Technologie;66.9;66.9;False;0.0;True;boolean;Sofort versandfertig, Lieferzeit 48h;2;1000;https://www.jws-store.de/elektrische-fussbodenheizung_5100_3031;https://cdn03.plentyone.com/iidhyn1xr43q/item/images/5100/full/Fussbodenheizung-3-Thermostate1-pxo.jpg;Heizmatten;JWS;False;1;2026-09-16T11:54:57+00:00
5140_251.;Elektrische Fußbodenheizung 150 Watt Elektrische Bodenheizung TWIN Technologie;76.9;76.9;False;0.0;True;boolean;Sofort versandfertig, Lieferzeit 48h;2;1000;https://www.jws-store.de/elektrische-fussbodenheizung_5100_3047;https://cdn03.plentyone.com/iidhyn1xr43q/item/images/5100/full/Fussbodenheizung-3-Thermostate1-pxo.jpg;Heizmatten;JWS;False;1;2026-09-16T11:54:57+00:00
5140_132.;Elektrische Fußbodenheizung 150 Watt Elektrische Bodenheizung TWIN Technologie;87.9;87.9;False;0.0;True;boolean;Sofort versandfertig, Lieferzeit 48h;2;1000;https://www.jws-store.de/elektrische-fussbodenheizung_5100_3063;https://cdn03.plentyone.com/iidhyn1xr43q/item/images/5100/full/Fussbodenheizung-3-Thermostate1-pxo.jpg;Heizmatten;JWS;False;1;2026-09-16T11:54:57+00:00
5115_540_;Elektrische Fußbodenheizung 150 Watt Elektrische Bodenheizung TWIN Technologie;112.9;112.9;False;0.0;True;boolean;Sofort versandfertig, Lieferzeit 48h;2;1000;https://www.jws-store.de/elektrische-fussbodenheizung_5100_4837;https://cdn03.plentyone.com/iidhyn1xr43q/item/images/5100/full/Fussbodenheizung-3-Thermostate1-pxo.jpg;Heizmatten;JWS;False;1;2026-09-16T11:54:57+00:00
5115_530_;Elektrische Fußbodenheizung 150 Watt Elektrische Bodenheizung TWIN Technologie;112.9;112.9;False;0.0;True;boolean;Sofort versandfertig, Lieferzeit 48h;2;1000;https://www.jws-store.de/elektrische-fussbodenheizung_5100_4853;https://cdn03.plentyone.com/iidhyn1xr43q/item/images/5100/full/Fussbodenheizung-3-Thermostate1-pxo.jpg;Heizmatten;JWS;False;1;2026-09-16T11:54:57+00:00
5115..;Elektrische Fußbodenheizung 150 Watt Elektrische Bodenheizung TWIN Technologie;32.9;32.9;False;0.0;True;boolean;Sofort versandfertig, Lieferzeit 48h;2;1000;https://www.jws-store.de/elektrische-fussbodenheizung_5100_3010;https://cdn03.plentyone.com/iidhyn1xr43q/item/images/5100/full/Fussbodenheizung-3-Thermostate1-pxo.jpg;Heizmatten;JWS;False;1;2026-09-16T11:54:57+00:00
5115_253.;Elektrische Fußbodenheizung 150 Watt Elektrische Bodenheizung TWIN Technologie;47.9;47.9;False;0.0;True;boolean;Sofort versandfertig, Lieferzeit 48h;2;1000;https://www.jws-store.de/elektrische-fussbodenheizung_5100_3026;https://cdn03.plentyone.com/iidhyn1xr43q/item/images/5100/full/Fussbodenheizung-3-Thermostate1-pxo.jpg;Heizmatten;JWS;False;1;2026-09-16T11:54:57+00:00
5115_251.;Elektrische Fußbodenheizung 150 Watt Elektrische Bodenheizung TWIN Technologie;57.9;57.9;False;0.0;True;boolean;Sofort versandfertig, Lieferzeit 48h;2;1000;https://www.jws-store.de/elektrische-fussbodenheizung_5100_3042;https://cdn03.plentyone.com/iidhyn1xr43q/item/images/5100/full/Fussbodenheizung-3-Thermostate1-pxo.jpg;Heizmatten;JWS;False;1;2026-09-16T11:54:57+00:00
5115_132.;Elektrische Fußbodenheizung 150 Watt Elektrische Bodenheizung TWIN Technologie;68.9;68.9;False;0.0;True;boolean;Sofort versandfertig, Lieferzeit 48h;2;1000;https://www.jws-store.de/elektrische-fussbodenheizung_5100_3058;https://cdn03.plentyone.com/iidhyn1xr43q/item/images/5100/full/Fussbodenheizung-3-Thermostate1-pxo.jpg;Heizmatten;JWS;False;1;2026-09-16T11:54:57+00:00
5210_540_;Elektrische Fußbodenheizung 150 Watt Elektrische Bodenheizung TWIN Technologie;201.9;201.9;False;0.0;True;boolean;Sofort versandfertig, Lieferzeit 48h;2;1000;https://www.jws-store.de/elektrische-fussbodenheizung_5100_4848;https://cdn03.plentyone.com/iidhyn1xr43q/item/images/5100/full/Fussbodenheizung-3-Thermostate1-pxo.jpg;Heizmatten;JWS;False;1;2026-09-16T11:54:57+00:00
5210_530_;Elektrische Fußbodenheizung 150 Watt Elektrische Bodenheizung TWIN Technologie;201.9;201.9;False;0.0;True;boolean;Sofort versandfertig, Lieferzeit 48h;2;1000;https://www.jws-store.de/elektrische-fussbodenheizung_5100_4864;https://cdn03.plentyone.com/iidhyn1xr43q/item/images/5100/full/Fussbodenheizung-3-Thermostate1-pxo.jpg;Heizmatten;JWS;False;1;2026-09-16T11:54:57+00:00
5210..;Elektrische Fußbodenheizung 150 Watt Elektrische Bodenheizung TWIN Technologie;121.9;121.9;False;0.0;True;boolean;Sofort versandfertig, Lieferzeit 48h;2;1000;https://www.jws-store.de/elektrische-fussbodenheizung_5100_3021;https://cdn03.plentyone.com/iidhyn1xr43q/item/images/5100/full/Fussbodenheizung-3-Thermostate1-pxo.jpg;Heizmatten;JWS;False;1;2026-09-16T11:54:57+00:00
5210_253.;Elektrische Fußbodenheizung 150 Watt Elektrische Bodenheizung TWIN Technologie;136.9;136.9;False;0.0;True;boolean;Sofort versandfertig, Lieferzeit 48h;2;1000;https://www.jws-store.de/elektrische-fussbodenheizung_5100_3037;https://cdn03.plentyone.com/iidhyn1xr43q/item/images/5100/full/Fussbodenheizung-3-Thermostate1-pxo.jpg;Heizmatten;JWS;False;1;2026-09-16T11:54:57+00:00
5210_251.;Elektrische Fußbodenheizung 150 Watt Elektrische Bodenheizung TWIN Technologie;146.9;146.9;False;0.0;True;boolean;Sofort versandfertig, Lieferzeit 48h;2;1000;https://www.jws-store.de/elektrische-fussbodenheizung_5100_3053;https://cdn03.plentyone.com/iidhyn1xr43q/item/images/5100/full/Fussbodenheizung-3-Thermostate1-pxo.jpg;Heizmatten;JWS;False;1;2026-09-16T11:54:57+00:00
5210_132.;Elektrische Fußbodenheizung 150 Watt Elektrische Bodenheizung TWIN Technologie;157.9;157.9;False;0.0;True;boolean;Sofort versandfertig, Lieferzeit 48h;2;1000;https://www.jws-store.de/elektrische-fussbodenheizung_5100_3069;https://cdn03.plentyone.com/iidhyn1xr43q/item/images/5100/full/Fussbodenheizung-3-Thermostate1-pxo.jpg;Heizmatten;JWS;False;1;2026-09-16T11:54:57+00:00
5340_251.;Elektrische Fußbodenheizung 200 Watt Elektrische Bodenheizung TWIN Technologie;85.9;85.9;False;0.0;True;boolean;Sofort versandfertig, Lieferzeit 48h;2;1000;https://www.jws-store.de/elektrische-fussbodenheizung-200-watt-elektrische-bodenheizung-twin-technologie_5300_3252;https://cdn03.plentyone.com/iidhyn1xr43q/item/images/5300/full/Fussbodenheizung-3-Thermostate1-pxo.jpg;Heizmatten;JWS;False;1;2026-09-16T11:54:57+00:00
5410.;Elektrische Fußbodenheizung 200 Watt Elektrische Bodenheizung TWIN Technologie;132.9;132.9;False;0.0;True;boolean;Sofort versandfertig, Lieferzeit 48h;2;1000;https://www.jws-store.de/elektrische-fussbodenheizung-200-watt-elektrische-bodenheizung-twin-technologie_5300_3274;https://cdn03.plentyone.com/iidhyn1xr43q/item/images/5300/full/Fussbodenheizung-3-Thermostate1-pxo.jpg;Heizmatten;JWS;False;1;2026-09-16T11:54:57+00:00
5335.;Elektrische Fußbodenheizung 200 Watt Elektrische Bodenheizung TWIN Technologie;57.9;57.9;False;0.0;True;boolean;Sofort versandfertig, Lieferzeit 48h;2;1000;https://www.jws-store.de/elektrische-fussbodenheizung-200-watt-elektrische-bodenheizung-twin-technologie_5300_3246;https://cdn03.plentyone.com/iidhyn1xr43q/item/images/5300/full/Fussbodenheizung-3-Thermostate1-pxo.jpg;Heizmatten;JWS;False;1;2026-09-16T11:54:57+00:00
5360_251.;Elektrische Fußbodenheizung 200 Watt Elektrische Bodenheizung TWIN Technologie;107.9;107.9;False;0.0;True;boolean;Sofort versandfertig, Lieferzeit 48h;2;1000;https://www.jws-store.de/elektrische-fussbodenheizung-200-watt-elektrische-bodenheizung-twin-technologie_5300_3260;https://cdn03.plentyone.com/iidhyn1xr43q/item/images/5300/full/Fussbodenheizung-3-Thermostate1-pxo.jpg;Heizmatten;JWS;False;1;2026-09-16T11:54:57+00:00
5315_132;Elektrische Fußbodenheizung 200 Watt Elektrische Bodenheizung TWIN Technologie;72.9;72.9;False;0.0;True;boolean;Sofort versandfertig, Lieferzeit 48h;2;1000;https://www.jws-store.de/elektrische-fussbodenheizung-200-watt-elektrische-bodenheizung-twin-technologie_5300_3233;https://cdn03.plentyone.com/iidhyn1xr43q/item/images/5300/full/Fussbodenheizung-3-Thermostate1-pxo.jpg;Heizmatten;JWS;False;1;2026-09-16T11:54:57+00:00
5380_251.;Elektrische Fußbodenheizung 200 Watt Elektrische Bodenheizung TWIN Technologie;131.9;131.9;False;0.0;True;boolean;Sofort versandfertig, Lieferzeit 48h;2;1000;https://www.jws-store.de/elektrische-fussbodenheizung-200-watt-elektrische-bodenheizung-twin-technologie_5300_3268;https://cdn03.plentyone.com/iidhyn1xr43q/item/images/5300/full/Fussbodenheizung-3-Thermostate1-pxo.jpg;Heizmatten;JWS;False;1;2026-09-16T11:54:57+00:00
5325_251.;Elektrische Fußbodenheizung 200 Watt Elektrische Bodenheizung TWIN Technologie;69.9;69.9;False;0.0;True;boolean;Sofort versandfertig, Lieferzeit 48h;2;1000;https://www.jws-store.de/elektrische-fussbodenheizung-200-watt-elektrische-bodenheizung-twin-technologie_5300_3240;https://cdn03.plentyone.com/iidhyn1xr43q/item/images/5300/full/Fussbodenheizung-3-Thermostate1-pxo.jpg;Heizmatten;JWS;False;1;2026-09-16T11:54:57+00:00
5370.;Elektrische Fußbodenheizung 200 Watt Elektrische Bodenheizung TWIN Technologie;99.9;99.9;False;0.0;True;boolean;Sofort versandfertig, Lieferzeit 48h;2;1000;https://www.jws-store.de/elektrische-fussbodenheizung-200-watt-elektrische-bodenheizung-twin-technologie_5300_3262;https://cdn03.plentyone.com/iidhyn1xr43q/item/images/5300/full/Fussbodenheizung-3-Thermostate1-pxo.jpg;Heizmatten;JWS;False;1;2026-09-16T11:54:57+00:00
5412_253;Elektrische Fußbodenheizung 200 Watt Elektrische Bodenheizung TWIN Technologie;169.9;169.9;False;0.0;True;boolean;Sofort versandfertig, Lieferzeit 48h;2;1000;https://www.jws-store.de/elektrische-fussbodenheizung-200-watt-elektrische-bodenheizung-twin-technologie_5300_3283;https://cdn03.plentyone.com/iidhyn1xr43q/item/images/5300/full/Fussbodenheizung-3-Thermostate1-pxo.jpg;Heizmatten;JWS;False;1;2026-09-16T11:54:57+00:00
5320.;Elektrische Fußbodenheizung 200 Watt Elektrische Bodenheizung TWIN Technologie;45.9;45.9;False;0.0;True;boolean;Sofort versandfertig, Lieferzeit 48h;2;1000;https://www.jws-store.de/elektrische-fussbodenheizung-200-watt-elektrische-bodenheizung-twin-technologie_5300_3234;https://cdn03.plentyone.com/iidhyn1xr43q/item/images/5300/full/Fussbodenheizung-3-Thermostate1-pxo.jpg;Heizmatten;JWS;False;1;2026-09-16T11:54:57+00:00
5410_251.;Elektrische Fußbodenheizung 200 Watt Elektrische Bodenheizung TWIN Technologie;154.9;154.9;False;0.0;True;boolean;Sofort versandfertig, Lieferzeit 48h;2;1000;https://www.jws-store.de/elektrische-fussbodenheizung-200-watt-elektrische-bodenheizung-twin-technologie_5300_3276;https://cdn03.plentyone.com/iidhyn1xr43q/item/images/5300/full/Fussbodenheizung-3-Thermostate1-pxo.jpg;Heizmatten;JWS;False;1;2026-09-16T11:54:57+00:00
5310_132;Elektrische Fußbodenheizung 200 Watt Elektrische Bodenheizung TWIN Technologie;70.9;70.9;False;0.0;True;boolean;Sofort versandfertig, Lieferzeit 48h;2;1000;https://www.jws-store.de/elektrische-fussbodenheizung-200-watt-elektrische-bodenheizung-twin-technologie_5300_3229;https://cdn03.plentyone.com/iidhyn1xr43q/item/images/5300/full/Fussbodenheizung-3-Thermostate1-pxo.jpg;Heizmatten;JWS;False;1;2026-09-16T11:54:57+00:00
5390.;Elektrische Fußbodenheizung 200 Watt Elektrische Bodenheizung TWIN Technologie;123.9;123.9;False;0.0;True;boolean;Sofort versandfertig, Lieferzeit 48h;2;1000;https://www.jws-store.de/elektrische-fussbodenheizung-200-watt-elektrische-bodenheizung-twin-technologie_5300_3270;https://cdn03.plentyone.com/iidhyn1xr43q/item/images/5300/full/Fussbodenheizung-3-Thermostate1-pxo.jpg;Heizmatten;JWS;False;1;2026-09-16T11:54:57+00:00
5330.;Elektrische Fußbodenheizung 200 Watt Elektrische Bodenheizung TWIN Technologie;52.9;52.9;False;0.0;True;boolean;Sofort versandfertig, Lieferzeit 48h;2;1000;https://www.jws-store.de/elektrische-fussbodenheizung-200-watt-elektrische-bodenheizung-twin-technologie_5300_3242;https://cdn03.plentyone.com/iidhyn1xr43q/item/images/5300/full/Fussbodenheizung-3-Thermostate1-pxo.jpg;Heizmatten;JWS;False;1;2026-09-16T11:54:57+00:00
5370_253;Elektrische Fußbodenheizung 200 Watt Elektrische Bodenheizung TWIN Technologie;114.9;114.9;False;0.0;True;boolean;Sofort versandfertig, Lieferzeit 48h;2;1000;https://www.jws-store.de/elektrische-fussbodenheizung-200-watt-elektrische-bodenheizung-twin-technologie_5300_3263;https://cdn03.plentyone.com/iidhyn1xr43q/item/images/5300/full/Fussbodenheizung-3-Thermostate1-pxo.jpg;Heizmatten;JWS;False;1;2026-09-16T11:54:57+00:00
5315.;Elektrische Fußbodenheizung 200 Watt Elektrische Bodenheizung TWIN Technologie;37.9;37.9;False;0.0;True;boolean;Sofort versandfertig, Lieferzeit 48h;2;1000;https://www.jws-store.de/elektrische-fussbodenheizung-200-watt-elektrische-bodenheizung-twin-technologie_5300_3230;https://cdn03.plentyone.com/iidhyn1xr43q/item/images/5300/full/Fussbodenheizung-3-Thermostate1-pxo.jpg;Heizmatten;JWS;False;1;2026-09-16T11:54:57+00:00
5340.;Elektrische Fußbodenheizung 200 Watt Elektrische Bodenheizung TWIN Technologie;63.9;63.9;False;0.0;True;boolean;Sofort versandfertig, Lieferzeit 48h;2;1000;https://www.jws-store.de/elektrische-fussbodenheizung-200-watt-elektrische-bodenheizung-twin-technologie_5300_3250;https://cdn03.plentyone.com/iidhyn1xr43q/item/images/5300/full/Fussbodenheizung-3-Thermostate1-pxo.jpg;Heizmatten;JWS;False;1;2026-09-16T11:54:57+00:00
5330_253;Elektrische Fußbodenheizung 200 Watt Elektrische Bodenheizung TWIN Technologie;67.9;67.9;False;0.0;True;boolean;Sofort versandfertig, Lieferzeit 48h;2;1000;https://www.jws-store.de/elektrische-fussbodenheizung-200-watt-elektrische-bodenheizung-twin-technologie_5300_3243;https://cdn03.plentyone.com/iidhyn1xr43q/item/images/5300/full/Fussbodenheizung-3-Thermostate1-pxo.jpg;Heizmatten;JWS;False;1;2026-09-16T11:54:57+00:00
5370_251.;Elektrische Fußbodenheizung 200 Watt Elektrische Bodenheizung TWIN Technologie;121.9;121.9;False;0.0;True;boolean;Sofort versandfertig, Lieferzeit 48h;2;1000;https://www.jws-store.de/elektrische-fussbodenheizung-200-watt-elektrische-bodenheizung-twin-technologie_5300_3264;https://cdn03.plentyone.com/iidhyn1xr43q/item/images/5300/full/Fussbodenheizung-3-Thermostate1-pxo.jpg;Heizmatten;JWS;False;1;2026-09-16T11:54:57+00:00
5411_253;Elektrische Fußbodenheizung 200 Watt Elektrische Bodenheizung TWIN Technologie;160.9;160.9;False;0.0;True;boolean;Sofort versandfertig, Lieferzeit 48h;2;1000;https://www.jws-store.de/elektrische-fussbodenheizung-200-watt-elektrische-bodenheizung-twin-technologie_5300_3279;https://cdn03.plentyone.com/iidhyn1xr43q/item/images/5300/full/Fussbodenheizung-3-Thermostate1-pxo.jpg;Heizmatten;JWS;False;1;2026-09-16T11:54:57+00:00
5310.;Elektrische Fußbodenheizung 200 Watt Elektrische Bodenheizung TWIN Technologie;35.9;35.9;False;0.0;True;boolean;Sofort versandfertig, Lieferzeit 48h;2;1000;https://www.jws-store.de/elektrische-fussbodenheizung-200-watt-elektrische-bodenheizung-twin-technologie_5300_3226;https://cdn03.plentyone.com/iidhyn1xr43q/item/images/5300/full/Fussbodenheizung-3-Thermostate1-pxo.jpg;Heizmatten;JWS;False;1;2026-09-16T11:54:57+00:00
5380.;Elektrische Fußbodenheizung 200 Watt Elektrische Bodenheizung TWIN Technologie;109.9;109.9;False;0.0;True;boolean;Sofort versandfertig, Lieferzeit 48h;2;1000;https://www.jws-store.de/elektrische-fussbodenheizung-200-watt-elektrische-bodenheizung-twin-technologie_5300_3266;https://cdn03.plentyone.com/iidhyn1xr43q/item/images/5300/full/Fussbodenheizung-3-Thermostate1-pxo.jpg;Heizmatten;JWS;False;1;2026-09-16T11:54:57+00:00
5325.;Elektrische Fußbodenheizung 200 Watt Elektrische Bodenheizung TWIN Technologie;47.9;47.9;False;0.0;True;boolean;Sofort versandfertig, Lieferzeit 48h;2;1000;https://www.jws-store.de/elektrische-fussbodenheizung-200-watt-elektrische-bodenheizung-twin-technologie_5300_3238;https://cdn03.plentyone.com/iidhyn1xr43q/item/images/5300/full/Fussbodenheizung-3-Thermostate1-pxo.jpg;Heizmatten;JWS;False;1;2026-09-16T11:54:57+00:00
155200;"1 1/4&amp;quot; Schlammabscheider Magnetabscheider Magnet Heizung Magnetischer Filter";94.9;94.9;False;0.0;True;boolean;Sofort versandfertig, Lieferzeit 48h;2;1000;https://www.jws-store.de/heiztechnik/1-1-4-schlammabscheider-magnetabscheider-magnet-heizung-magnetischer-filter_155200_6547;https://cdn03.plentyone.com/iidhyn1xr43q/item/images/155200/full/1-pxo.jpg;Heiztechnik;;False;1;2026-09-16T11:54:57+00:00
5615_590;Elektrische Fußbodenheizung 150 Watt Elektrische Bodenheizung inkl Thermostat;67.9;67.9;False;0.0;True;boolean;Sofort versandfertig, Lieferzeit 48h;2;1000;https://www.jws-store.de/heiztechnik/elektrische-fussbodenheizung-150watt-je-m-digital-thermostat-weiss-elektrisch-twin-technologie-jws-verschiedene-groessen_5600_6299;https://cdn03.plentyone.com/iidhyn1xr43q/item/images/5600/full/Thermostate-Heizmatte-pxo.jpg;Heiztechnik;JWS;False;1;2026-09-16T11:54:57+00:00
5650_570;Elektrische Fußbodenheizung 150 Watt Elektrische Bodenheizung inkl Thermostat;93.9;93.9;False;0.0;True;boolean;Sofort versandfertig, Lieferzeit 48h;2;1000;https://www.jws-store.de/heiztechnik/elektrische-fussbodenheizung-150watt-je-m-digital-thermostat-weiss-elektrisch-twin-technologie-jws-verschiedene-groessen_5600_6315;https://cdn03.plentyone.com/iidhyn1xr43q/item/images/5600/full/Thermostate-Heizmatte-pxo.jpg;Heiztechnik;JWS;False;1;2026-09-16T11:54:57+00:00
5710_580;Elektrische Fußbodenheizung 150 Watt Elektrische Bodenheizung inkl Thermostat;151.9;151.9;False;0.0;True;boolean;Sofort versandfertig, Lieferzeit 48h;2;1000;https://www.jws-store.de/heiztechnik/elektrische-fussbodenheizung-150watt-je-m-digital-thermostat-weiss-elektrisch-twin-technologie-jws-verschiedene-groessen_5600_6331;https://cdn03.plentyone.com/iidhyn1xr43q/item/images/5600/full/Thermostate-Heizmatte-pxo.jpg;Heiztechnik;JWS;False;1;2026-09-16T11:54:57+00:00
5610_570;Elektrische Fußbodenheizung 150 Watt Elektrische Bodenheizung inkl Thermostat;59.9;59.9;False;0.0;True;boolean;Sofort versandfertig, Lieferzeit 48h;2;1000;https://www.jws-store.de/heiztechnik/elektrische-fussbodenheizung-150watt-je-m-digital-thermostat-weiss-elektrisch-twin-technologie-jws-verschiedene-groessen_5600_6294;https://cdn03.plentyone.com/iidhyn1xr43q/item/images/5600/full/Thermostate-Heizmatte-pxo.jpg;Heiztechnik;JWS;False;1;2026-09-16T11:54:57+00:00
5635_580;Elektrische Fußbodenheizung 150 Watt Elektrische Bodenheizung inkl Thermostat;78.9;78.9;False;0.0;True;boolean;Sofort versandfertig, Lieferzeit 48h;2;1000;https://www.jws-store.de/heiztechnik/elektrische-fussbodenheizung-150watt-je-m-digital-thermostat-weiss-elektrisch-twin-technologie-jws-verschiedene-groessen_5600_6310;https://cdn03.plentyone.com/iidhyn1xr43q/item/images/5600/full/Thermostate-Heizmatte-pxo.jpg;Heiztechnik;JWS;False;1;2026-09-16T11:54:57+00:00
5680_590;Elektrische Fußbodenheizung 150 Watt Elektrische Bodenheizung inkl Thermostat;123.9;123.9;False;0.0;True;boolean;Sofort versandfertig, Lieferzeit 48h;2;1000;https://www.jws-store.de/heiztechnik/elektrische-fussbodenheizung-150watt-je-m-digital-thermostat-weiss-elektrisch-twin-technologie-jws-verschiedene-groessen_5600_6326;https://cdn03.plentyone.com/iidhyn1xr43q/item/images/5600/full/Thermostate-Heizmatte-pxo.jpg;Heiztechnik;JWS;False;1;2026-09-16T11:54:57+00:00
5625_590;Elektrische Fußbodenheizung 150 Watt Elektrische Bodenheizung inkl Thermostat;76.9;76.9;False;0.0;True;boolean;Sofort versandfertig, Lieferzeit 48h;2;1000;https://www.jws-store.de/heiztechnik/elektrische-fussbodenheizung-150watt-je-m-digital-thermostat-weiss-elektrisch-twin-technologie-jws-verschiedene-groessen_5600_6305;https://cdn03.plentyone.com/iidhyn1xr43q/item/images/5600/full/Thermostate-Heizmatte-pxo.jpg;Heiztechnik;JWS;False;1;2026-09-16T11:54:57+00:00
5670_570;Elektrische Fußbodenheizung 150 Watt Elektrische Bodenheizung inkl Thermostat;106.9;106.9;False;0.0;True;boolean;Sofort versandfertig, Lieferzeit 48h;2;1000;https://www.jws-store.de/heiztechnik/elektrische-fussbodenheizung-150watt-je-m-digital-thermostat-weiss-elektrisch-twin-technologie-jws-verschiedene-groessen_5600_6321;https://cdn03.plentyone.com/iidhyn1xr43q/item/images/5600/full/Thermostate-Heizmatte-pxo.jpg;Heiztechnik;JWS;False;1;2026-09-16T11:54:57+00:00
5712_580;Elektrische Fußbodenheizung 150 Watt Elektrische Bodenheizung inkl Thermostat;166.9;166.9;False;0.0;True;boolean;Sofort versandfertig, Lieferzeit 48h;2;1000;https://www.jws-store.de/heiztechnik/elektrische-fussbodenheizung-150watt-je-m-digital-thermostat-weiss-elektrisch-twin-technologie-jws-verschiedene-groessen_5600_6337;https://cdn03.plentyone.com/iidhyn1xr43q/item/images/5600/full/Thermostate-Heizmatte-pxo.jpg;Heiztechnik;JWS;False;1;2026-09-16T11:54:57+00:00
5620_570;Elektrische Fußbodenheizung 150 Watt Elektrische Bodenheizung inkl Thermostat;66.9;66.9;False;0.0;True;boolean;Sofort versandfertig, Lieferzeit 48h;2;1000;https://www.jws-store.de/heiztechnik/elektrische-fussbodenheizung-150watt-je-m-digital-thermostat-weiss-elektrisch-twin-technologie-jws-verschiedene-groessen_5600_6300;https://cdn03.plentyone.com/iidhyn1xr43q/item/images/5600/full/Thermostate-Heizmatte-pxo.jpg;Heiztechnik;JWS;False;1;2026-09-16T11:54:57+00:00
5650_580;Elektrische Fußbodenheizung 150 Watt Elektrische Bodenheizung inkl Thermostat;93.9;93.9;False;0.0;True;boolean;Sofort versandfertig, Lieferzeit 48h;2;1000;https://www.jws-store.de/heiztechnik/elektrische-fussbodenheizung-150watt-je-m-digital-thermostat-weiss-elektrisch-twin-technologie-jws-verschiedene-groessen_5600_6316;https://cdn03.plentyone.com/iidhyn1xr43q/item/images/5600/full/Thermostate-Heizmatte-pxo.jpg;Heiztechnik;JWS;False;1;2026-09-16T11:54:57+00:00
5710_590;Elektrische Fußbodenheizung 150 Watt Elektrische Bodenheizung inkl Thermostat;156.9;156.9;False;0.0;True;boolean;Sofort versandfertig, Lieferzeit 48h;2;1000;https://www.jws-store.de/heiztechnik/elektrische-fussbodenheizung-150watt-je-m-digital-thermostat-weiss-elektrisch-twin-technologie-jws-verschiedene-groessen_5600_6332;https://cdn03.plentyone.com/iidhyn1xr43q/item/images/5600/full/Thermostate-Heizmatte-pxo.jpg;Heiztechnik;JWS;False;1;2026-09-16T11:54:57+00:00
5610_580;Elektrische Fußbodenheizung 150 Watt Elektrische Bodenheizung inkl Thermostat;59.9;59.9;False;0.0;True;boolean;Sofort versandfertig, Lieferzeit 48h;2;1000;https://www.jws-store.de/heiztechnik/elektrische-fussbodenheizung-150watt-je-m-digital-thermostat-weiss-elektrisch-twin-technologie-jws-verschiedene-groessen_5600_6295;https://cdn03.plentyone.com/iidhyn1xr43q/item/images/5600/full/Thermostate-Heizmatte-pxo.jpg;Heiztechnik;JWS;False;1;2026-09-16T11:54:57+00:00
5635_590;Elektrische Fußbodenheizung 150 Watt Elektrische Bodenheizung inkl Thermostat;83.9;83.9;False;0.0;True;boolean;Sofort versandfertig, Lieferzeit 48h;2;1000;https://www.jws-store.de/heiztechnik/elektrische-fussbodenheizung-150watt-je-m-digital-thermostat-weiss-elektrisch-twin-technologie-jws-verschiedene-groessen_5600_6311;https://cdn03.plentyone.com/iidhyn1xr43q/item/images/5600/full/Thermostate-Heizmatte-pxo.jpg;Heiztechnik;JWS;False;1;2026-09-16T11:54:57+00:00
5690_570;Elektrische Fußbodenheizung 150 Watt Elektrische Bodenheizung inkl Thermostat;129.9;129.9;False;0.0;True;boolean;Sofort versandfertig, Lieferzeit 48h;2;1000;https://www.jws-store.de/heiztechnik/elektrische-fussbodenheizung-150watt-je-m-digital-thermostat-weiss-elektrisch-twin-technologie-jws-verschiedene-groessen_5600_6327;https://cdn03.plentyone.com/iidhyn1xr43q/item/images/5600/full/Thermostate-Heizmatte-pxo.jpg;Heiztechnik;JWS;False;1;2026-09-16T11:54:57+00:00
5630_570;Elektrische Fußbodenheizung 150 Watt Elektrische Bodenheizung inkl Thermostat;76.9;76.9;False;0.0;True;boolean;Sofort versandfertig, Lieferzeit 48h;2;1000;https://www.jws-store.de/heiztechnik/elektrische-fussbodenheizung-150watt-je-m-digital-thermostat-weiss-elektrisch-twin-technologie-jws-verschiedene-groessen_5600_6306;https://cdn03.plentyone.com/iidhyn1xr43q/item/images/5600/full/Thermostate-Heizmatte-pxo.jpg;Heiztechnik;JWS;False;1;2026-09-16T11:54:57+00:00
5670_580;Elektrische Fußbodenheizung 150 Watt Elektrische Bodenheizung inkl Thermostat;106.9;106.9;False;0.0;True;boolean;Sofort versandfertig, Lieferzeit 48h;2;1000;https://www.jws-store.de/heiztechnik/elektrische-fussbodenheizung-150watt-je-m-digital-thermostat-weiss-elektrisch-twin-technologie-jws-verschiedene-groessen_5600_6322;https://cdn03.plentyone.com/iidhyn1xr43q/item/images/5600/full/Thermostate-Heizmatte-pxo.jpg;Heiztechnik;JWS;False;1;2026-09-16T11:54:57+00:00
5712_590;Elektrische Fußbodenheizung 150 Watt Elektrische Bodenheizung inkl Thermostat;171.9;171.9;False;0.0;True;boolean;Sofort versandfertig, Lieferzeit 48h;2;1000;https://www.jws-store.de/heiztechnik/elektrische-fussbodenheizung-150watt-je-m-digital-thermostat-weiss-elektrisch-twin-technologie-jws-verschiedene-groessen_5600_6338;https://cdn03.plentyone.com/iidhyn1xr43q/item/images/5600/full/Thermostate-Heizmatte-pxo.jpg;Heiztechnik;JWS;False;1;2026-09-16T11:54:57+00:00
5620_580;Elektrische Fußbodenheizung 150 Watt Elektrische Bodenheizung inkl Thermostat;66.9;66.9;False;0.0;True;boolean;Sofort versandfertig, Lieferzeit 48h;2;1000;https://www.jws-store.de/heiztechnik/elektrische-fussbodenheizung-150watt-je-m-digital-thermostat-weiss-elektrisch-twin-technologie-jws-verschiedene-groessen_5600_6301;https://cdn03.plentyone.com/iidhyn1xr43q/item/images/5600/full/Thermostate-Heizmatte-pxo.jpg;Heiztechnik;JWS;False;1;2026-09-16T11:54:57+00:00
5650_590;Elektrische Fußbodenheizung 150 Watt Elektrische Bodenheizung inkl Thermostat;98.9;98.9;False;0.0;True;boolean;Sofort versandfertig, Lieferzeit 48h;2;1000;https://www.jws-store.de/heiztechnik/elektrische-fussbodenheizung-150watt-je-m-digital-thermostat-weiss-elektrisch-twin-technologie-jws-verschiedene-groessen_5600_6317;https://cdn03.plentyone.com/iidhyn1xr43q/item/images/5600/full/Thermostate-Heizmatte-pxo.jpg;Heiztechnik;JWS;False;1;2026-09-16T11:54:57+00:00
5711_570;Elektrische Fußbodenheizung 150 Watt Elektrische Bodenheizung inkl Thermostat;158.9;158.9;False;0.0;True;boolean;Sofort versandfertig, Lieferzeit 48h;2;1000;https://www.jws-store.de/heiztechnik/elektrische-fussbodenheizung-150watt-je-m-digital-thermostat-weiss-elektrisch-twin-technologie-jws-verschiedene-groessen_5600_6333;https://cdn03.plentyone.com/iidhyn1xr43q/item/images/5600/full/Thermostate-Heizmatte-pxo.jpg;Heiztechnik;JWS;False;1;2026-09-16T11:54:57+00:00
5610_590;Elektrische Fußbodenheizung 150 Watt Elektrische Bodenheizung inkl Thermostat;64.9;64.9;False;0.0;True;boolean;Sofort versandfertig, Lieferzeit 48h;2;1000;https://www.jws-store.de/heiztechnik/elektrische-fussbodenheizung-150watt-je-m-digital-thermostat-weiss-elektrisch-twin-technologie-jws-verschiedene-groessen_5600_6296;https://cdn03.plentyone.com/iidhyn1xr43q/item/images/5600/full/Thermostate-Heizmatte-pxo.jpg;Heiztechnik;JWS;False;1;2026-09-16T11:54:57+00:00
5640_570;Elektrische Fußbodenheizung 150 Watt Elektrische Bodenheizung inkl Thermostat;84.9;84.9;False;0.0;True;boolean;Sofort versandfertig, Lieferzeit 48h;2;1000;https://www.jws-store.de/heiztechnik/elektrische-fussbodenheizung-150watt-je-m-digital-thermostat-weiss-elektrisch-twin-technologie-jws-verschiedene-groessen_5600_6312;https://cdn03.plentyone.com/iidhyn1xr43q/item/images/5600/full/Thermostate-Heizmatte-pxo.jpg;Heiztechnik;JWS;False;1;2026-09-16T11:54:57+00:00
5690_580;Elektrische Fußbodenheizung 150 Watt Elektrische Bodenheizung inkl Thermostat;129.9;129.9;False;0.0;True;boolean;Sofort versandfertig, Lieferzeit 48h;2;1000;https://www.jws-store.de/heiztechnik/elektrische-fussbodenheizung-150watt-je-m-digital-thermostat-weiss-elektrisch-twin-technologie-jws-verschiedene-groessen_5600_6328;https://cdn03.plentyone.com/iidhyn1xr43q/item/images/5600/full/Thermostate-Heizmatte-pxo.jpg;Heiztechnik;JWS;False;1;2026-09-16T11:54:57+00:00
5630_580;Elektrische Fußbodenheizung 150 Watt Elektrische Bodenheizung inkl Thermostat;76.9;76.9;False;0.0;True;boolean;Sofort versandfertig, Lieferzeit 48h;2;1000;https://www.jws-store.de/heiztechnik/elektrische-fussbodenheizung-150watt-je-m-digital-thermostat-weiss-elektrisch-twin-technologie-jws-verschiedene-groessen_5600_6307;https://cdn03.plentyone.com/iidhyn1xr43q/item/images/5600/full/Thermostate-Heizmatte-pxo.jpg;Heiztechnik;JWS;False;1;2026-09-16T11:54:57+00:00
5670_590;Elektrische Fußbodenheizung 150 Watt Elektrische Bodenheizung inkl Thermostat;111.9;111.9;False;0.0;True;boolean;Sofort versandfertig, Lieferzeit 48h;2;1000;https://www.jws-store.de/heiztechnik/elektrische-fussbodenheizung-150watt-je-m-digital-thermostat-weiss-elektrisch-twin-technologie-jws-verschiedene-groessen_5600_6323;https://cdn03.plentyone.com/iidhyn1xr43q/item/images/5600/full/Thermostate-Heizmatte-pxo.jpg;Heiztechnik;JWS;False;1;2026-09-16T11:54:57+00:00
5715_570;Elektrische Fußbodenheizung 150 Watt Elektrische Bodenheizung inkl Thermostat;202.9;202.9;False;0.0;True;boolean;Sofort versandfertig, Lieferzeit 48h;2;1000;https://www.jws-store.de/heiztechnik/elektrische-fussbodenheizung-150watt-je-m-digital-thermostat-weiss-elektrisch-twin-technologie-jws-verschiedene-groessen_5600_6339;https://cdn03.plentyone.com/iidhyn1xr43q/item/images/5600/full/Thermostate-Heizmatte-pxo.jpg;Heiztechnik;JWS;False;1;2026-09-16T11:54:57+00:00
5620_590;Elektrische Fußbodenheizung 150 Watt Elektrische Bodenheizung inkl Thermostat;71.9;71.9;False;0.0;True;boolean;Sofort versandfertig, Lieferzeit 48h;2;1000;https://www.jws-store.de/heiztechnik/elektrische-fussbodenheizung-150watt-je-m-digital-thermostat-weiss-elektrisch-twin-technologie-jws-verschiedene-groessen_5600_6302;https://cdn03.plentyone.com/iidhyn1xr43q/item/images/5600/full/Thermostate-Heizmatte-pxo.jpg;Heiztechnik;JWS;False;1;2026-09-16T11:54:57+00:00
5660_570;Elektrische Fußbodenheizung 150 Watt Elektrische Bodenheizung inkl Thermostat;99.9;99.9;False;0.0;True;boolean;Sofort versandfertig, Lieferzeit 48h;2;1000;https://www.jws-store.de/heiztechnik/elektrische-fussbodenheizung-150watt-je-m-digital-thermostat-weiss-elektrisch-twin-technologie-jws-verschiedene-groessen_5600_6318;https://cdn03.plentyone.com/iidhyn1xr43q/item/images/5600/full/Thermostate-Heizmatte-pxo.jpg;Heiztechnik;JWS;False;1;2026-09-16T11:54:57+00:00
5711_580;Elektrische Fußbodenheizung 150 Watt Elektrische Bodenheizung inkl Thermostat;158.9;158.9;False;0.0;True;boolean;Sofort versandfertig, Lieferzeit 48h;2;1000;https://www.jws-store.de/heiztechnik/elektrische-fussbodenheizung-150watt-je-m-digital-thermostat-weiss-elektrisch-twin-technologie-jws-verschiedene-groessen_5600_6334;https://cdn03.plentyone.com/iidhyn1xr43q/item/images/5600/full/Thermostate-Heizmatte-pxo.jpg;Heiztechnik;JWS;False;1;2026-09-16T11:54:57+00:00
5615_570;Elektrische Fußbodenheizung 150 Watt Elektrische Bodenheizung inkl Thermostat;62.9;62.9;False;0.0;True;boolean;Sofort versandfertig, Lieferzeit 48h;2;1000;https://www.jws-store.de/heiztechnik/elektrische-fussbodenheizung-150watt-je-m-digital-thermostat-weiss-elektrisch-twin-technologie-jws-verschiedene-groessen_5600_6297;https://cdn03.plentyone.com/iidhyn1xr43q/item/images/5600/full/Thermostate-Heizmatte-pxo.jpg;Heiztechnik;JWS;False;1;2026-09-16T11:54:57+00:00
5640_580;Elektrische Fußbodenheizung 150 Watt Elektrische Bodenheizung inkl Thermostat;84.9;84.9;False;0.0;True;boolean;Sofort versandfertig, Lieferzeit 48h;2;1000;https://www.jws-store.de/heiztechnik/elektrische-fussbodenheizung-150watt-je-m-digital-thermostat-weiss-elektrisch-twin-technologie-jws-verschiedene-groessen_5600_6313;https://cdn03.plentyone.com/iidhyn1xr43q/item/images/5600/full/Thermostate-Heizmatte-pxo.jpg;Heiztechnik;JWS;False;1;2026-09-16T11:54:57+00:00
5690_590;Elektrische Fußbodenheizung 150 Watt Elektrische Bodenheizung inkl Thermostat;134.9;134.9;False;0.0;True;boolean;Sofort versandfertig, Lieferzeit 48h;2;1000;https://www.jws-store.de/heiztechnik/elektrische-fussbodenheizung-150watt-je-m-digital-thermostat-weiss-elektrisch-twin-technologie-jws-verschiedene-groessen_5600_6329;https://cdn03.plentyone.com/iidhyn1xr43q/item/images/5600/full/Thermostate-Heizmatte-pxo.jpg;Heiztechnik;JWS;False;1;2026-09-16T11:54:57+00:00
5630_590;Elektrische Fußbodenheizung 150 Watt Elektrische Bodenheizung inkl Thermostat;81.9;81.9;False;0.0;True;boolean;Sofort versandfertig, Lieferzeit 48h;2;1000;https://www.jws-store.de/heiztechnik/elektrische-fussbodenheizung-150watt-je-m-digital-thermostat-weiss-elektrisch-twin-technologie-jws-verschiedene-groessen_5600_6308;https://cdn03.plentyone.com/iidhyn1xr43q/item/images/5600/full/Thermostate-Heizmatte-pxo.jpg;Heiztechnik;JWS;False;1;2026-09-16T11:54:57+00:00
5680_570;Elektrische Fußbodenheizung 150 Watt Elektrische Bodenheizung inkl Thermostat;118.9;118.9;False;0.0;True;boolean;Sofort versandfertig, Lieferzeit 48h;2;1000;https://www.jws-store.de/heiztechnik/elektrische-fussbodenheizung-150watt-je-m-digital-thermostat-weiss-elektrisch-twin-technologie-jws-verschiedene-groessen_5600_6324;https://cdn03.plentyone.com/iidhyn1xr43q/item/images/5600/full/Thermostate-Heizmatte-pxo.jpg;Heiztechnik;JWS;False;1;2026-09-16T11:54:57+00:00
5715_580;Elektrische Fußbodenheizung 150 Watt Elektrische Bodenheizung inkl Thermostat;202.9;202.9;False;0.0;True;boolean;Sofort versandfertig, Lieferzeit 48h;2;1000;https://www.jws-store.de/heiztechnik/elektrische-fussbodenheizung-150watt-je-m-digital-thermostat-weiss-elektrisch-twin-technologie-jws-verschiedene-groessen_5600_6340;https://cdn03.plentyone.com/iidhyn1xr43q/item/images/5600/full/Thermostate-Heizmatte-pxo.jpg;Heiztechnik;JWS;False;1;2026-09-16T11:54:57+00:00
5625_570;Elektrische Fußbodenheizung 150 Watt Elektrische Bodenheizung inkl Thermostat;71.9;71.9;False;0.0;True;boolean;Sofort versandfertig, Lieferzeit 48h;2;1000;https://www.jws-store.de/heiztechnik/elektrische-fussbodenheizung-150watt-je-m-digital-thermostat-weiss-elektrisch-twin-technologie-jws-verschiedene-groessen_5600_6303;https://cdn03.plentyone.com/iidhyn1xr43q/item/images/5600/full/Thermostate-Heizmatte-pxo.jpg;Heiztechnik;JWS;False;1;2026-09-16T11:54:57+00:00
5660_580;Elektrische Fußbodenheizung 150 Watt Elektrische Bodenheizung inkl Thermostat;99.9;99.9;False;0.0;True;boolean;Sofort versandfertig, Lieferzeit 48h;2;1000;https://www.jws-store.de/heiztechnik/elektrische-fussbodenheizung-150watt-je-m-digital-thermostat-weiss-elektrisch-twin-technologie-jws-verschiedene-groessen_5600_6319;https://cdn03.plentyone.com/iidhyn1xr43q/item/images/5600/full/Thermostate-Heizmatte-pxo.jpg;Heiztechnik;JWS;False;1;2026-09-16T11:54:57+00:00
5711_590;Elektrische Fußbodenheizung 150 Watt Elektrische Bodenheizung inkl Thermostat;163.9;163.9;False;0.0;True;boolean;Sofort versandfertig, Lieferzeit 48h;2;1000;https://www.jws-store.de/heiztechnik/elektrische-fussbodenheizung-150watt-je-m-digital-thermostat-weiss-elektrisch-twin-technologie-jws-verschiedene-groessen_5600_6335;https://cdn03.plentyone.com/iidhyn1xr43q/item/images/5600/full/Thermostate-Heizmatte-pxo.jpg;Heiztechnik;JWS;False;1;2026-09-16T11:54:57+00:00
5615_580;Elektrische Fußbodenheizung 150 Watt Elektrische Bodenheizung inkl Thermostat;62.9;62.9;False;0.0;True;boolean;Sofort versandfertig, Lieferzeit 48h;2;1000;https://www.jws-store.de/heiztechnik/elektrische-fussbodenheizung-150watt-je-m-digital-thermostat-weiss-elektrisch-twin-technologie-jws-verschiedene-groessen_5600_6298;https://cdn03.plentyone.com/iidhyn1xr43q/item/images/5600/full/Thermostate-Heizmatte-pxo.jpg;Heiztechnik;JWS;False;1;2026-09-16T11:54:57+00:00
5640_590;Elektrische Fußbodenheizung 150 Watt Elektrische Bodenheizung inkl Thermostat;87.9;87.9;False;0.0;True;boolean;Sofort versandfertig, Lieferzeit 48h;2;1000;https://www.jws-store.de/heiztechnik/elektrische-fussbodenheizung-150watt-je-m-digital-thermostat-weiss-elektrisch-twin-technologie-jws-verschiedene-groessen_5600_6314;https://cdn03.plentyone.com/iidhyn1xr43q/item/images/5600/full/Thermostate-Heizmatte-pxo.jpg;Heiztechnik;JWS;False;1;2026-09-16T11:54:57+00:00
5710_570;Elektrische Fußbodenheizung 150 Watt Elektrische Bodenheizung inkl Thermostat;151.9;151.9;False;0.0;True;boolean;Sofort versandfertig, Lieferzeit 48h;2;1000;https://www.jws-store.de/heiztechnik/elektrische-fussbodenheizung-150watt-je-m-digital-thermostat-weiss-elektrisch-twin-technologie-jws-verschiedene-groessen_5600_6330;https://cdn03.plentyone.com/iidhyn1xr43q/item/images/5600/full/Thermostate-Heizmatte-pxo.jpg;Heiztechnik;JWS;False;1;2026-09-16T11:54:57+00:00
5600;Elektrische Fußbodenheizung 150 Watt Elektrische Bodenheizung inkl Thermostat;59.9;59.9;False;0.0;True;boolean;Sofort versandfertig, Lieferzeit 48h;2;1000;https://www.jws-store.de/heiztechnik/elektrische-fussbodenheizung-150watt-je-m-digital-thermostat-weiss-elektrisch-twin-technologie-jws-verschiedene-groessen_5600_6277;https://cdn03.plentyone.com/iidhyn1xr43q/item/images/5600/full/Thermostate-Heizmatte-pxo.jpg;Heiztechnik;JWS;False;1;2026-09-16T11:54:57+00:00
5635_570;Elektrische Fußbodenheizung 150 Watt Elektrische Bodenheizung inkl Thermostat;78.9;78.9;False;0.0;True;boolean;Sofort versandfertig, Lieferzeit 48h;2;1000;https://www.jws-store.de/heiztechnik/elektrische-fussbodenheizung-150watt-je-m-digital-thermostat-weiss-elektrisch-twin-technologie-jws-verschiedene-groessen_5600_6309;https://cdn03.plentyone.com/iidhyn1xr43q/item/images/5600/full/Thermostate-Heizmatte-pxo.jpg;Heiztechnik;JWS;False;1;2026-09-16T11:54:57+00:00
5680_580;Elektrische Fußbodenheizung 150 Watt Elektrische Bodenheizung inkl Thermostat;118.9;118.9;False;0.0;True;boolean;Sofort versandfertig, Lieferzeit 48h;2;1000;https://www.jws-store.de/heiztechnik/elektrische-fussbodenheizung-150watt-je-m-digital-thermostat-weiss-elektrisch-twin-technologie-jws-verschiedene-groessen_5600_6325;https://cdn03.plentyone.com/iidhyn1xr43q/item/images/5600/full/Thermostate-Heizmatte-pxo.jpg;Heiztechnik;JWS;False;1;2026-09-16T11:54:57+00:00
5715_590;Elektrische Fußbodenheizung 150 Watt Elektrische Bodenheizung inkl Thermostat;206.9;206.9;False;0.0;True;boolean;Sofort versandfertig, Lieferzeit 48h;2;1000;https://www.jws-store.de/heiztechnik/elektrische-fussbodenheizung-150watt-je-m-digital-thermostat-weiss-elektrisch-twin-technologie-jws-verschiedene-groessen_5600_6341;https://cdn03.plentyone.com/iidhyn1xr43q/item/images/5600/full/Thermostate-Heizmatte-pxo.jpg;Heiztechnik;JWS;False;1;2026-09-16T11:54:57+00:00
5625_580;Elektrische Fußbodenheizung 150 Watt Elektrische Bodenheizung inkl Thermostat;71.9;71.9;False;0.0;True;boolean;Sofort versandfertig, Lieferzeit 48h;2;1000;https://www.jws-store.de/heiztechnik/elektrische-fussbodenheizung-150watt-je-m-digital-thermostat-weiss-elektrisch-twin-technologie-jws-verschiedene-groessen_5600_6304;https://cdn03.plentyone.com/iidhyn1xr43q/item/images/5600/full/Thermostate-Heizmatte-pxo.jpg;Heiztechnik;JWS;False;1;2026-09-16T11:54:57+00:00
5660_590;Elektrische Fußbodenheizung 150 Watt Elektrische Bodenheizung inkl Thermostat;104.9;104.9;False;0.0;True;boolean;Sofort versandfertig, Lieferzeit 48h;2;1000;https://www.jws-store.de/heiztechnik/elektrische-fussbodenheizung-150watt-je-m-digital-thermostat-weiss-elektrisch-twin-technologie-jws-verschiedene-groessen_5600_6320;https://cdn03.plentyone.com/iidhyn1xr43q/item/images/5600/full/Thermostate-Heizmatte-pxo.jpg;Heiztechnik;JWS;False;1;2026-09-16T11:54:57+00:00
5712_570;Elektrische Fußbodenheizung 150 Watt Elektrische Bodenheizung inkl Thermostat;166.9;166.9;False;0.0;True;boolean;Sofort versandfertig, Lieferzeit 48h;2;1000;https://www.jws-store.de/heiztechnik/elektrische-fussbodenheizung-150watt-je-m-digital-thermostat-weiss-elektrisch-twin-technologie-jws-verschiedene-groessen_5600_6336;https://cdn03.plentyone.com/iidhyn1xr43q/item/images/5600/full/Thermostate-Heizmatte-pxo.jpg;Heiztechnik;JWS;False;1;2026-09-16T11:54:57+00:00
5911_570;Elektrische Fußbodenheizung 200 Watt Elektrische Bodenheizung inkl Thermostat;175.9;175.9;False;0.0;True;boolean;Sofort versandfertig, Lieferzeit 48h;2;1000;https://www.jws-store.de/heiztechnik/elektrische-fussbodenheizung-200-watt-elektrische-bodenheizung-inkl-thermostat_5800_6506;https://cdn03.plentyone.com/iidhyn1xr43q/item/images/5800/full/Thermostate-Heizmatte-pxo.jpg;Heiztechnik;JWS;False;1;2026-09-16T11:54:57+00:00
5830_590;Elektrische Fußbodenheizung 200 Watt Elektrische Bodenheizung inkl Thermostat;87.9;87.9;False;0.0;True;boolean;Sofort versandfertig, Lieferzeit 48h;2;1000;https://www.jws-store.de/heiztechnik/elektrische-fussbodenheizung-200-watt-elektrische-bodenheizung-inkl-thermostat_5800_6531;https://cdn03.plentyone.com/iidhyn1xr43q/item/images/5800/full/Thermostate-Heizmatte-pxo.jpg;Heiztechnik;JWS;False;1;2026-09-16T11:54:57+00:00
5912_590;Elektrische Fußbodenheizung 200 Watt Elektrische Bodenheizung inkl Thermostat;189.9;189.9;False;0.0;True;boolean;Sofort versandfertig, Lieferzeit 48h;2;1000;https://www.jws-store.de/heiztechnik/elektrische-fussbodenheizung-200-watt-elektrische-bodenheizung-inkl-thermostat_5800_6501;https://cdn03.plentyone.com/iidhyn1xr43q/item/images/5800/full/Thermostate-Heizmatte-pxo.jpg;Heiztechnik;JWS;False;1;2026-09-16T11:54:57+00:00
5860_580;Elektrische Fußbodenheizung 200 Watt Elektrische Bodenheizung inkl Thermostat;115.9;115.9;False;0.0;True;boolean;Sofort versandfertig, Lieferzeit 48h;2;1000;https://www.jws-store.de/heiztechnik/elektrische-fussbodenheizung-200-watt-elektrische-bodenheizung-inkl-thermostat_5800_6520;https://cdn03.plentyone.com/iidhyn1xr43q/item/images/5800/full/Thermostate-Heizmatte-pxo.jpg;Heiztechnik;JWS;False;1;2026-09-16T11:54:57+00:00
5815_570;Elektrische Fußbodenheizung 200 Watt Elektrische Bodenheizung inkl Thermostat;67.9;67.9;False;0.0;True;boolean;Sofort versandfertig, Lieferzeit 48h;2;1000;https://www.jws-store.de/heiztechnik/elektrische-fussbodenheizung-200-watt-elektrische-bodenheizung-inkl-thermostat_5800_6542;https://cdn03.plentyone.com/iidhyn1xr43q/item/images/5800/full/Thermostate-Heizmatte-pxo.jpg;Heiztechnik;JWS;False;1;2026-09-16T11:54:57+00:00
5890_570;Elektrische Fußbodenheizung 200 Watt Elektrische Bodenheizung inkl Thermostat;153.9;153.9;False;0.0;True;boolean;Sofort versandfertig, Lieferzeit 48h;2;1000;https://www.jws-store.de/heiztechnik/elektrische-fussbodenheizung-200-watt-elektrische-bodenheizung-inkl-thermostat_5800_6512;https://cdn03.plentyone.com/iidhyn1xr43q/item/images/5800/full/Thermostate-Heizmatte-pxo.jpg;Heiztechnik;JWS;False;1;2026-09-16T11:54:57+00:00
5820_590;Elektrische Fußbodenheizung 200 Watt Elektrische Bodenheizung inkl Thermostat;79.9;79.9;False;0.0;True;boolean;Sofort versandfertig, Lieferzeit 48h;2;1000;https://www.jws-store.de/heiztechnik/elektrische-fussbodenheizung-200-watt-elektrische-bodenheizung-inkl-thermostat_5800_6537;https://cdn03.plentyone.com/iidhyn1xr43q/item/images/5800/full/Thermostate-Heizmatte-pxo.jpg;Heiztechnik;JWS;False;1;2026-09-16T11:54:57+00:00
5910_590;Elektrische Fußbodenheizung 200 Watt Elektrische Bodenheizung inkl Thermostat;167.9;167.9;False;0.0;True;boolean;Sofort versandfertig, Lieferzeit 48h;2;1000;https://www.jws-store.de/heiztechnik/elektrische-fussbodenheizung-200-watt-elektrische-bodenheizung-inkl-thermostat_5800_6507;https://cdn03.plentyone.com/iidhyn1xr43q/item/images/5800/full/Thermostate-Heizmatte-pxo.jpg;Heiztechnik;JWS;False;1;2026-09-16T11:54:57+00:00
5830_580;Elektrische Fußbodenheizung 200 Watt Elektrische Bodenheizung inkl Thermostat;82.9;82.9;False;0.0;True;boolean;Sofort versandfertig, Lieferzeit 48h;2;1000;https://www.jws-store.de/heiztechnik/elektrische-fussbodenheizung-200-watt-elektrische-bodenheizung-inkl-thermostat_5800_6532;https://cdn03.plentyone.com/iidhyn1xr43q/item/images/5800/full/Thermostate-Heizmatte-pxo.jpg;Heiztechnik;JWS;False;1;2026-09-16T11:54:57+00:00
5912_580;Elektrische Fußbodenheizung 200 Watt Elektrische Bodenheizung inkl Thermostat;184.9;184.9;False;0.0;True;boolean;Sofort versandfertig, Lieferzeit 48h;2;1000;https://www.jws-store.de/heiztechnik/elektrische-fussbodenheizung-200-watt-elektrische-bodenheizung-inkl-thermostat_5800_6502;https://cdn03.plentyone.com/iidhyn1xr43q/item/images/5800/full/Thermostate-Heizmatte-pxo.jpg;Heiztechnik;JWS;False;1;2026-09-16T11:54:57+00:00
5860_570;Elektrische Fußbodenheizung 200 Watt Elektrische Bodenheizung inkl Thermostat;115.9;115.9;False;0.0;True;boolean;Sofort versandfertig, Lieferzeit 48h;2;1000;https://www.jws-store.de/heiztechnik/elektrische-fussbodenheizung-200-watt-elektrische-bodenheizung-inkl-thermostat_5800_6521;https://cdn03.plentyone.com/iidhyn1xr43q/item/images/5800/full/Thermostate-Heizmatte-pxo.jpg;Heiztechnik;JWS;False;1;2026-09-16T11:54:57+00:00
5810_590;Elektrische Fußbodenheizung 200 Watt Elektrische Bodenheizung inkl Thermostat;69.9;69.9;False;0.0;True;boolean;Sofort versandfertig, Lieferzeit 48h;2;1000;https://www.jws-store.de/heiztechnik/elektrische-fussbodenheizung-200-watt-elektrische-bodenheizung-inkl-thermostat_5800_6543;https://cdn03.plentyone.com/iidhyn1xr43q/item/images/5800/full/Thermostate-Heizmatte-pxo.jpg;Heiztechnik;JWS;False;1;2026-09-16T11:54:57+00:00
5880_590;Elektrische Fußbodenheizung 200 Watt Elektrische Bodenheizung inkl Thermostat;144.9;144.9;False;0.0;True;boolean;Sofort versandfertig, Lieferzeit 48h;2;1000;https://www.jws-store.de/heiztechnik/elektrische-fussbodenheizung-200-watt-elektrische-bodenheizung-inkl-thermostat_5800_6513;https://cdn03.plentyone.com/iidhyn1xr43q/item/images/5800/full/Thermostate-Heizmatte-pxo.jpg;Heiztechnik;JWS;False;1;2026-09-16T11:54:57+00:00
5820_580;Elektrische Fußbodenheizung 200 Watt Elektrische Bodenheizung inkl Thermostat;75.9;75.9;False;0.0;True;boolean;Sofort versandfertig, Lieferzeit 48h;2;1000;https://www.jws-store.de/heiztechnik/elektrische-fussbodenheizung-200-watt-elektrische-bodenheizung-inkl-thermostat_5800_6538;https://cdn03.plentyone.com/iidhyn1xr43q/item/images/5800/full/Thermostate-Heizmatte-pxo.jpg;Heiztechnik;JWS;False;1;2026-09-16T11:54:57+00:00
5910_580;Elektrische Fußbodenheizung 200 Watt Elektrische Bodenheizung inkl Thermostat;162.9;162.9;False;0.0;True;boolean;Sofort versandfertig, Lieferzeit 48h;2;1000;https://www.jws-store.de/heiztechnik/elektrische-fussbodenheizung-200-watt-elektrische-bodenheizung-inkl-thermostat_5800_6508;https://cdn03.plentyone.com/iidhyn1xr43q/item/images/5800/full/Thermostate-Heizmatte-pxo.jpg;Heiztechnik;JWS;False;1;2026-09-16T11:54:57+00:00
5830_570;Elektrische Fußbodenheizung 200 Watt Elektrische Bodenheizung inkl Thermostat;82.9;82.9;False;0.0;True;boolean;Sofort versandfertig, Lieferzeit 48h;2;1000;https://www.jws-store.de/heiztechnik/elektrische-fussbodenheizung-200-watt-elektrische-bodenheizung-inkl-thermostat_5800_6533;https://cdn03.plentyone.com/iidhyn1xr43q/item/images/5800/full/Thermostate-Heizmatte-pxo.jpg;Heiztechnik;JWS;False;1;2026-09-16T11:54:57+00:00
5912_570;Elektrische Fußbodenheizung 200 Watt Elektrische Bodenheizung inkl Thermostat;184.9;184.9;False;0.0;True;boolean;Sofort versandfertig, Lieferzeit 48h;2;1000;https://www.jws-store.de/heiztechnik/elektrische-fussbodenheizung-200-watt-elektrische-bodenheizung-inkl-thermostat_5800_6503;https://cdn03.plentyone.com/iidhyn1xr43q/item/images/5800/full/Thermostate-Heizmatte-pxo.jpg;Heiztechnik;JWS;False;1;2026-09-16T11:54:57+00:00
5835_590;Elektrische Fußbodenheizung 200 Watt Elektrische Bodenheizung inkl Thermostat;92.9;92.9;False;0.0;True;boolean;Sofort versandfertig, Lieferzeit 48h;2;1000;https://www.jws-store.de/heiztechnik/elektrische-fussbodenheizung-200-watt-elektrische-bodenheizung-inkl-thermostat_5800_6528;https://cdn03.plentyone.com/iidhyn1xr43q/item/images/5800/full/Thermostate-Heizmatte-pxo.jpg;Heiztechnik;JWS;False;1;2026-09-16T11:54:57+00:00
5810_580;Elektrische Fußbodenheizung 200 Watt Elektrische Bodenheizung inkl Thermostat;65.9;65.9;False;0.0;True;boolean;Sofort versandfertig, Lieferzeit 48h;2;1000;https://www.jws-store.de/heiztechnik/elektrische-fussbodenheizung-200-watt-elektrische-bodenheizung-inkl-thermostat_5800_6544;https://cdn03.plentyone.com/iidhyn1xr43q/item/images/5800/full/Thermostate-Heizmatte-pxo.jpg;Heiztechnik;JWS;False;1;2026-09-16T11:54:57+00:00
5800_580;Elektrische Fußbodenheizung 200 Watt Elektrische Bodenheizung inkl Thermostat;139.9;139.9;False;0.0;True;boolean;Sofort versandfertig, Lieferzeit 48h;2;1000;https://www.jws-store.de/heiztechnik/elektrische-fussbodenheizung-200-watt-elektrische-bodenheizung-inkl-thermostat_5800_6514;https://cdn03.plentyone.com/iidhyn1xr43q/item/images/5800/full/Thermostate-Heizmatte-pxo.jpg;Heiztechnik;JWS;False;1;2026-09-16T11:54:57+00:00
5820_570;Elektrische Fußbodenheizung 200 Watt Elektrische Bodenheizung inkl Thermostat;75.9;75.9;False;0.0;True;boolean;Sofort versandfertig, Lieferzeit 48h;2;1000;https://www.jws-store.de/heiztechnik/elektrische-fussbodenheizung-200-watt-elektrische-bodenheizung-inkl-thermostat_5800_6539;https://cdn03.plentyone.com/iidhyn1xr43q/item/images/5800/full/Thermostate-Heizmatte-pxo.jpg;Heiztechnik;JWS;False;1;2026-09-16T11:54:57+00:00
5910_570;Elektrische Fußbodenheizung 200 Watt Elektrische Bodenheizung inkl Thermostat;162.9;162.9;False;0.0;True;boolean;Sofort versandfertig, Lieferzeit 48h;2;1000;https://www.jws-store.de/heiztechnik/elektrische-fussbodenheizung-200-watt-elektrische-bodenheizung-inkl-thermostat_5800_6509;https://cdn03.plentyone.com/iidhyn1xr43q/item/images/5800/full/Thermostate-Heizmatte-pxo.jpg;Heiztechnik;JWS;False;1;2026-09-16T11:54:57+00:00
5825_590;Elektrische Fußbodenheizung 200 Watt Elektrische Bodenheizung inkl Thermostat;82.9;82.9;False;0.0;True;boolean;Sofort versandfertig, Lieferzeit 48h;2;1000;https://www.jws-store.de/heiztechnik/elektrische-fussbodenheizung-200-watt-elektrische-bodenheizung-inkl-thermostat_5800_6534;https://cdn03.plentyone.com/iidhyn1xr43q/item/images/5800/full/Thermostate-Heizmatte-pxo.jpg;Heiztechnik;JWS;False;1;2026-09-16T11:54:57+00:00
5911_590;Elektrische Fußbodenheizung 200 Watt Elektrische Bodenheizung inkl Thermostat;179.9;179.9;False;0.0;True;boolean;Sofort versandfertig, Lieferzeit 48h;2;1000;https://www.jws-store.de/heiztechnik/elektrische-fussbodenheizung-200-watt-elektrische-bodenheizung-inkl-thermostat_5800_6504;https://cdn03.plentyone.com/iidhyn1xr43q/item/images/5800/full/Thermostate-Heizmatte-pxo.jpg;Heiztechnik;JWS;False;1;2026-09-16T11:54:57+00:00
5835_580;Elektrische Fußbodenheizung 200 Watt Elektrische Bodenheizung inkl Thermostat;87.9;87.9;False;0.0;True;boolean;Sofort versandfertig, Lieferzeit 48h;2;1000;https://www.jws-store.de/heiztechnik/elektrische-fussbodenheizung-200-watt-elektrische-bodenheizung-inkl-thermostat_5800_6529;https://cdn03.plentyone.com/iidhyn1xr43q/item/images/5800/full/Thermostate-Heizmatte-pxo.jpg;Heiztechnik;JWS;False;1;2026-09-16T11:54:57+00:00
5810_570;Elektrische Fußbodenheizung 200 Watt Elektrische Bodenheizung inkl Thermostat;65.9;65.9;False;0.0;True;boolean;Sofort versandfertig, Lieferzeit 48h;2;1000;https://www.jws-store.de/heiztechnik/elektrische-fussbodenheizung-200-watt-elektrische-bodenheizung-inkl-thermostat_5800_6545;https://cdn03.plentyone.com/iidhyn1xr43q/item/images/5800/full/Thermostate-Heizmatte-pxo.jpg;Heiztechnik;JWS;False;1;2026-09-16T11:54:57+00:00
5880_570;Elektrische Fußbodenheizung 200 Watt Elektrische Bodenheizung inkl Thermostat;139.9;139.9;False;0.0;True;boolean;Sofort versandfertig, Lieferzeit 48h;2;1000;https://www.jws-store.de/heiztechnik/elektrische-fussbodenheizung-200-watt-elektrische-bodenheizung-inkl-thermostat_5800_6515;https://cdn03.plentyone.com/iidhyn1xr43q/item/images/5800/full/Thermostate-Heizmatte-pxo.jpg;Heiztechnik;JWS;False;1;2026-09-16T11:54:57+00:00
5815_590;Elektrische Fußbodenheizung 200 Watt Elektrische Bodenheizung inkl Thermostat;72.9;72.9;False;0.0;True;boolean;Sofort versandfertig, Lieferzeit 48h;2;1000;https://www.jws-store.de/heiztechnik/elektrische-fussbodenheizung-200-watt-elektrische-bodenheizung-inkl-thermostat_5800_6540;https://cdn03.plentyone.com/iidhyn1xr43q/item/images/5800/full/Thermostate-Heizmatte-pxo.jpg;Heiztechnik;JWS;False;1;2026-09-16T11:54:57+00:00
5890_590;Elektrische Fußbodenheizung 200 Watt Elektrische Bodenheizung inkl Thermostat;159.9;159.9;False;0.0;True;boolean;Sofort versandfertig, Lieferzeit 48h;2;1000;https://www.jws-store.de/heiztechnik/elektrische-fussbodenheizung-200-watt-elektrische-bodenheizung-inkl-thermostat_5800_6510;https://cdn03.plentyone.com/iidhyn1xr43q/item/images/5800/full/Thermostate-Heizmatte-pxo.jpg;Heiztechnik;JWS;False;1;2026-09-16T11:54:57+00:00
5825_580;Elektrische Fußbodenheizung 200 Watt Elektrische Bodenheizung inkl Thermostat;77.9;77.9;False;0.0;True;boolean;Sofort versandfertig, Lieferzeit 48h;2;1000;https://www.jws-store.de/heiztechnik/elektrische-fussbodenheizung-200-watt-elektrische-bodenheizung-inkl-thermostat_5800_6535;https://cdn03.plentyone.com/iidhyn1xr43q/item/images/5800/full/Thermostate-Heizmatte-pxo.jpg;Heiztechnik;JWS;False;1;2026-09-16T11:54:57+00:00
5911_580;Elektrische Fußbodenheizung 200 Watt Elektrische Bodenheizung inkl Thermostat;175.9;175.9;False;0.0;True;boolean;Sofort versandfertig, Lieferzeit 48h;2;1000;https://www.jws-store.de/heiztechnik/elektrische-fussbodenheizung-200-watt-elektrische-bodenheizung-inkl-thermostat_5800_6505;https://cdn03.plentyone.com/iidhyn1xr43q/item/images/5800/full/Thermostate-Heizmatte-pxo.jpg;Heiztechnik;JWS;False;1;2026-09-16T11:54:57+00:00
5835_570;Elektrische Fußbodenheizung 200 Watt Elektrische Bodenheizung inkl Thermostat;87.9;87.9;False;0.0;True;boolean;Sofort versandfertig, Lieferzeit 48h;2;1000;https://www.jws-store.de/heiztechnik/elektrische-fussbodenheizung-200-watt-elektrische-bodenheizung-inkl-thermostat_5800_6530;https://cdn03.plentyone.com/iidhyn1xr43q/item/images/5800/full/Thermostate-Heizmatte-pxo.jpg;Heiztechnik;JWS;False;1;2026-09-16T11:54:57+00:00
5860_590;Elektrische Fußbodenheizung 200 Watt Elektrische Bodenheizung inkl Thermostat;119.9;119.9;False;0.0;True;boolean;Sofort versandfertig, Lieferzeit 48h;2;1000;https://www.jws-store.de/heiztechnik/elektrische-fussbodenheizung-200-watt-elektrische-bodenheizung-inkl-thermostat_5800_6519;https://cdn03.plentyone.com/iidhyn1xr43q/item/images/5800/full/Thermostate-Heizmatte-pxo.jpg;Heiztechnik;JWS;False;1;2026-09-16T11:54:57+00:00
5815_580;Elektrische Fußbodenheizung 200 Watt Elektrische Bodenheizung inkl Thermostat;67.9;67.9;False;0.0;True;boolean;Sofort versandfertig, Lieferzeit 48h;2;1000;https://www.jws-store.de/heiztechnik/elektrische-fussbodenheizung-200-watt-elektrische-bodenheizung-inkl-thermostat_5800_6541;https://cdn03.plentyone.com/iidhyn1xr43q/item/images/5800/full/Thermostate-Heizmatte-pxo.jpg;Heiztechnik;JWS;False;1;2026-09-16T11:54:57+00:00
5890_580;Elektrische Fußbodenheizung 200 Watt Elektrische Bodenheizung inkl Thermostat;153.9;153.9;False;0.0;True;boolean;Sofort versandfertig, Lieferzeit 48h;2;1000;https://www.jws-store.de/heiztechnik/elektrische-fussbodenheizung-200-watt-elektrische-bodenheizung-inkl-thermostat_5800_6511;https://cdn03.plentyone.com/iidhyn1xr43q/item/images/5800/full/Thermostate-Heizmatte-pxo.jpg;Heiztechnik;JWS;False;1;2026-09-16T11:54:57+00:00
5825_570;Elektrische Fußbodenheizung 200 Watt Elektrische Bodenheizung inkl Thermostat;77.9;77.9;False;0.0;True;boolean;Sofort versandfertig, Lieferzeit 48h;2;1000;https://www.jws-store.de/heiztechnik/elektrische-fussbodenheizung-200-watt-elektrische-bodenheizung-inkl-thermostat_5800_6536;https://cdn03.plentyone.com/iidhyn1xr43q/item/images/5800/full/Thermostate-Heizmatte-pxo.jpg;Heiztechnik;JWS;False;1;2026-09-16T11:54:57+00:00
2680;Kugelhahn Entlüfter Heizkreisverteiler Fußbodenheizung Schnellentlüfter Heizung;46.9;46.9;False;0.0;True;boolean;Sofort versandfertig, Lieferzeit 48h;2;1000;https://www.jws-store.de/heiztechnik/kugelhahn-entluefter-heizkreisverteiler-fussbodenheizung-schnellentluefter-heizung_2650_6273;https://cdn03.plentyone.com/iidhyn1xr43q/item/images/2650/full/Set-1-pxo.jpg;Heiztechnik;JWS;False;1;2026-09-16T11:54:57+00:00
2670;Kugelhahn Entlüfter Heizkreisverteiler Fußbodenheizung Schnellentlüfter Heizung;24.9;24.9;False;0.0;True;boolean;Sofort versandfertig, Lieferzeit 48h;2;1000;https://www.jws-store.de/heiztechnik/kugelhahn-entluefter-heizkreisverteiler-fussbodenheizung-schnellentluefter-heizung_2650_6274;https://cdn03.plentyone.com/iidhyn1xr43q/item/images/2650/full/Set-1-pxo.jpg;Heiztechnik;JWS;False;1;2026-09-16T11:54:57+00:00
2660;Kugelhahn Entlüfter Heizkreisverteiler Fußbodenheizung Schnellentlüfter Heizung;23.9;23.9;False;0.0;True;boolean;Sofort versandfertig, Lieferzeit 48h;2;1000;https://www.jws-store.de/heiztechnik/kugelhahn-entluefter-heizkreisverteiler-fussbodenheizung-schnellentluefter-heizung_2650_6275;https://cdn03.plentyone.com/iidhyn1xr43q/item/images/2650/full/Set-1-pxo.jpg;Heiztechnik;JWS;False;1;2026-09-16T11:54:57+00:00
133;Wifi Thermostat Digitaler Raumthermostat Touch Display 16Ampere schwarz;48.9;48.9;False;0.0;True;boolean;Sofort versandfertig, Lieferzeit 48h;2;1000;https://www.jws-store.de/heiztechnik/wifi-thermostat-digitaler-raumthermostat-touch-display-16ampere-schwarz_133_4978;https://cdn03.plentyone.com/iidhyn1xr43q/item/images/133/full/Image2.jpg;Heiztechnik;JWS;False;1;2026-09-16T11:54:57+00:00
5160_570;Elektrische Fußbodenheizung 150W TWIN-Technologie Bodenheizung Heizmatte 150Watt;144.9;144.9;False;0.0;True;boolean;Sofort versandfertig, Lieferzeit 48h;2;1000;https://www.jws-store.de/heiztechnik/elektrische-fussbodenheizungen/elektrische-fussbodenheizung-150w-twin-technologie-bodenheizung-heizmatte-150watt_50000_6946;https://cdn03.plentyone.com/iidhyn1xr43q/item/images/50000/full/Fussbodenheizung.jpg;Heiztechnik > Elektrische Fußbodenheizungen;JWS;False;1;2026-09-16T11:54:57+00:00
5125_570;Elektrische Fußbodenheizung 150W TWIN-Technologie Bodenheizung Heizmatte 150Watt;116.9;116.9;False;0.0;True;boolean;Sofort versandfertig, Lieferzeit 48h;2;1000;https://www.jws-store.de/heiztechnik/elektrische-fussbodenheizungen/elektrische-fussbodenheizung-150w-twin-technologie-bodenheizung-heizmatte-150watt_50000_6941;https://cdn03.plentyone.com/iidhyn1xr43q/item/images/50000/full/Fussbodenheizung.jpg;Heiztechnik > Elektrische Fußbodenheizungen;JWS;False;1;2026-09-16T11:54:57+00:00
5212_570;Elektrische Fußbodenheizung 150W TWIN-Technologie Bodenheizung Heizmatte 150Watt;211.9;211.9;False;0.0;True;boolean;Sofort versandfertig, Lieferzeit 48h;2;1000;https://www.jws-store.de/heiztechnik/elektrische-fussbodenheizungen/elektrische-fussbodenheizung-150w-twin-technologie-bodenheizung-heizmatte-150watt_50000_6952;https://cdn03.plentyone.com/iidhyn1xr43q/item/images/50000/full/Fussbodenheizung.jpg;Heiztechnik > Elektrische Fußbodenheizungen;JWS;False;1;2026-09-16T11:54:57+00:00
5170_570;Elektrische Fußbodenheizung 150W TWIN-Technologie Bodenheizung Heizmatte 150Watt;151.9;151.9;False;0.0;True;boolean;Sofort versandfertig, Lieferzeit 48h;2;1000;https://www.jws-store.de/heiztechnik/elektrische-fussbodenheizungen/elektrische-fussbodenheizung-150w-twin-technologie-bodenheizung-heizmatte-150watt_50000_6947;https://cdn03.plentyone.com/iidhyn1xr43q/item/images/50000/full/Fussbodenheizung.jpg;Heiztechnik > Elektrische Fußbodenheizungen;JWS;False;1;2026-09-16T11:54:57+00:00
5130_570;Elektrische Fußbodenheizung 150W TWIN-Technologie Bodenheizung Heizmatte 150Watt;121.9;121.9;False;0.0;True;boolean;Sofort versandfertig, Lieferzeit 48h;2;1000;https://www.jws-store.de/heiztechnik/elektrische-fussbodenheizungen/elektrische-fussbodenheizung-150w-twin-technologie-bodenheizung-heizmatte-150watt_50000_6942;https://cdn03.plentyone.com/iidhyn1xr43q/item/images/50000/full/Fussbodenheizung.jpg;Heiztechnik > Elektrische Fußbodenheizungen;JWS;False;1;2026-09-16T11:54:57+00:00
50000;Elektrische Fußbodenheizung 150W TWIN-Technologie Bodenheizung Heizmatte 150Watt;104.9;104.9;False;0.0;True;boolean;Sofort versandfertig, Lieferzeit 48h;2;1000;https://www.jws-store.de/heiztechnik/elektrische-fussbodenheizungen/elektrische-fussbodenheizung-150w-twin-technologie-bodenheizung-heizmatte-150watt_50000_6937;https://cdn03.plentyone.com/iidhyn1xr43q/item/images/50000/full/Fussbodenheizung.jpg;Heiztechnik > Elektrische Fußbodenheizungen;JWS;False;1;2026-09-16T11:54:57+00:00
5215_570;Elektrische Fußbodenheizung 150W TWIN-Technologie Bodenheizung Heizmatte 150Watt;244.9;244.9;False;0.0;True;boolean;Sofort versandfertig, Lieferzeit 48h;2;1000;https://www.jws-store.de/heiztechnik/elektrische-fussbodenheizungen/elektrische-fussbodenheizung-150w-twin-technologie-bodenheizung-heizmatte-150watt_50000_6953;https://cdn03.plentyone.com/iidhyn1xr43q/item/images/50000/full/Fussbodenheizung.jpg;Heiztechnik > Elektrische Fußbodenheizungen;JWS;False;1;2026-09-16T11:54:57+00:00
5180_570;Elektrische Fußbodenheizung 150W TWIN-Technologie Bodenheizung Heizmatte 150Watt;163.9;163.9;False;0.0;True;boolean;Sofort versandfertig, Lieferzeit 48h;2;1000;https://www.jws-store.de/heiztechnik/elektrische-fussbodenheizungen/elektrische-fussbodenheizung-150w-twin-technologie-bodenheizung-heizmatte-150watt_50000_6948;https://cdn03.plentyone.com/iidhyn1xr43q/item/images/50000/full/Fussbodenheizung.jpg;Heiztechnik > Elektrische Fußbodenheizungen;JWS;False;1;2026-09-16T11:54:57+00:00
5135_570;Elektrische Fußbodenheizung 150W TWIN-Technologie Bodenheizung Heizmatte 150Watt;123.9;123.9;False;0.0;True;boolean;Sofort versandfertig, Lieferzeit 48h;2;1000;https://www.jws-store.de/heiztechnik/elektrische-fussbodenheizungen/elektrische-fussbodenheizung-150w-twin-technologie-bodenheizung-heizmatte-150watt_50000_6943;https://cdn03.plentyone.com/iidhyn1xr43q/item/images/50000/full/Fussbodenheizung.jpg;Heiztechnik > Elektrische Fußbodenheizungen;JWS;False;1;2026-09-16T11:54:57+00:00
5110_570;Elektrische Fußbodenheizung 150W TWIN-Technologie Bodenheizung Heizmatte 150Watt;104.9;104.9;False;0.0;True;boolean;Sofort versandfertig, Lieferzeit 48h;2;1000;https://www.jws-store.de/heiztechnik/elektrische-fussbodenheizungen/elektrische-fussbodenheizung-150w-twin-technologie-bodenheizung-heizmatte-150watt_50000_6938;https://cdn03.plentyone.com/iidhyn1xr43q/item/images/50000/full/Fussbodenheizung.jpg;Heiztechnik > Elektrische Fußbodenheizungen;JWS;False;1;2026-09-16T11:54:57+00:00
5190_570;Elektrische Fußbodenheizung 150W TWIN-Technologie Bodenheizung Heizmatte 150Watt;174.9;174.9;False;0.0;True;boolean;Sofort versandfertig, Lieferzeit 48h;2;1000;https://www.jws-store.de/heiztechnik/elektrische-fussbodenheizungen/elektrische-fussbodenheizung-150w-twin-technologie-bodenheizung-heizmatte-150watt_50000_6949;https://cdn03.plentyone.com/iidhyn1xr43q/item/images/50000/full/Fussbodenheizung.jpg;Heiztechnik > Elektrische Fußbodenheizungen;JWS;False;1;2026-09-16T11:54:57+00:00
5140_570;Elektrische Fußbodenheizung 150W TWIN-Technologie Bodenheizung Heizmatte 150Watt;126.9;126.9;False;0.0;True;boolean;Sofort versandfertig, Lieferzeit 48h;2;1000;https://www.jws-store.de/heiztechnik/elektrische-fussbodenheizungen/elektrische-fussbodenheizung-150w-twin-technologie-bodenheizung-heizmatte-150watt_50000_6944;https://cdn03.plentyone.com/iidhyn1xr43q/item/images/50000/full/Fussbodenheizung.jpg;Heiztechnik > Elektrische Fußbodenheizungen;JWS;False;1;2026-09-16T11:54:57+00:00
5115_570;Elektrische Fußbodenheizung 150W TWIN-Technologie Bodenheizung Heizmatte 150Watt;107.9;107.9;False;0.0;True;boolean;Sofort versandfertig, Lieferzeit 48h;2;1000;https://www.jws-store.de/heiztechnik/elektrische-fussbodenheizungen/elektrische-fussbodenheizung-150w-twin-technologie-bodenheizung-heizmatte-150watt_50000_6939;https://cdn03.plentyone.com/iidhyn1xr43q/item/images/50000/full/Fussbodenheizung.jpg;Heiztechnik > Elektrische Fußbodenheizungen;JWS;False;1;2026-09-16T11:54:57+00:00
5210_570;Elektrische Fußbodenheizung 150W TWIN-Technologie Bodenheizung Heizmatte 150Watt;196.9;196.9;False;0.0;True;boolean;Sofort versandfertig, Lieferzeit 48h;2;1000;https://www.jws-store.de/heiztechnik/elektrische-fussbodenheizungen/elektrische-fussbodenheizung-150w-twin-technologie-bodenheizung-heizmatte-150watt_50000_6950;https://cdn03.plentyone.com/iidhyn1xr43q/item/images/50000/full/Fussbodenheizung.jpg;Heiztechnik > Elektrische Fußbodenheizungen;JWS;False;1;2026-09-16T11:54:57+00:00
5150_570;Elektrische Fußbodenheizung 150W TWIN-Technologie Bodenheizung Heizmatte 150Watt;138.9;138.9;False;0.0;True;boolean;Sofort versandfertig, Lieferzeit 48h;2;1000;https://www.jws-store.de/heiztechnik/elektrische-fussbodenheizungen/elektrische-fussbodenheizung-150w-twin-technologie-bodenheizung-heizmatte-150watt_50000_6945;https://cdn03.plentyone.com/iidhyn1xr43q/item/images/50000/full/Fussbodenheizung.jpg;Heiztechnik > Elektrische Fußbodenheizungen;JWS;False;1;2026-09-16T11:54:57+00:00
5120_570;Elektrische Fußbodenheizung 150W TWIN-Technologie Bodenheizung Heizmatte 150Watt;111.9;111.9;False;0.0;True;boolean;Sofort versandfertig, Lieferzeit 48h;2;1000;https://www.jws-store.de/heiztechnik/elektrische-fussbodenheizungen/elektrische-fussbodenheizung-150w-twin-technologie-bodenheizung-heizmatte-150watt_50000_6940;https://cdn03.plentyone.com/iidhyn1xr43q/item/images/50000/full/Fussbodenheizung.jpg;Heiztechnik > Elektrische Fußbodenheizungen;JWS;False;1;2026-09-16T11:54:57+00:00
5211_570;Elektrische Fußbodenheizung 150W TWIN-Technologie Bodenheizung Heizmatte 150Watt;203.9;203.9;False;0.0;True;boolean;Sofort versandfertig, Lieferzeit 48h;2;1000;https://www.jws-store.de/heiztechnik/elektrische-fussbodenheizungen/elektrische-fussbodenheizung-150w-twin-technologie-bodenheizung-heizmatte-150watt_50000_6951;https://cdn03.plentyone.com/iidhyn1xr43q/item/images/50000/full/Fussbodenheizung.jpg;Heiztechnik > Elektrische Fußbodenheizungen;JWS;False;1;2026-09-16T11:54:57+00:00
5211_ID570;Elektrische Fußbodenheizung 150W TWIN-Technologie Bodenheizung Heizmatte 150Watt;203.9;203.9;False;0.0;True;boolean;Sofort versandfertig, Lieferzeit 48h;2;1000;https://www.jws-store.de/heiztechnik/elektrische-fussbodenheizungen/elektrische-fussbodenheizung-150-watt-elektrische-bodenheizung-twin-technologie-thernostat-id570-id580_57000_6688;https://cdn03.plentyone.com/iidhyn1xr43q/item/images/57000/full/1-1-pxo.jpg;Heiztechnik > Elektrische Fußbodenheizungen;JWS;False;1;2026-09-16T11:54:57+00:00
5211__ID580;Elektrische Fußbodenheizung 150W TWIN-Technologie Bodenheizung Heizmatte 150Watt;203.9;203.9;False;0.0;True;boolean;Sofort versandfertig, Lieferzeit 48h;2;1000;https://www.jws-store.de/heiztechnik/elektrische-fussbodenheizungen/elektrische-fussbodenheizung-150-watt-elektrische-bodenheizung-twin-technologie-thernostat-id570-id580_57000_6704;https://cdn03.plentyone.com/iidhyn1xr43q/item/images/57000/full/1-1-pxo.jpg;Heiztechnik > Elektrische Fußbodenheizungen;JWS;False;1;2026-09-16T11:54:57+00:00
5160_ID570;Elektrische Fußbodenheizung 150W TWIN-Technologie Bodenheizung Heizmatte 150Watt;144.9;144.9;False;0.0;True;boolean;Sofort versandfertig, Lieferzeit 48h;2;1000;https://www.jws-store.de/heiztechnik/elektrische-fussbodenheizungen/elektrische-fussbodenheizung-150-watt-elektrische-bodenheizung-twin-technologie-thernostat-id570-id580_57000_6683;https://cdn03.plentyone.com/iidhyn1xr43q/item/images/57000/full/1-1-pxo.jpg;Heiztechnik > Elektrische Fußbodenheizungen;JWS;False;1;2026-09-16T11:54:57+00:00
5160__ID580;Elektrische Fußbodenheizung 150W TWIN-Technologie Bodenheizung Heizmatte 150Watt;144.9;144.9;False;0.0;True;boolean;Sofort versandfertig, Lieferzeit 48h;2;1000;https://www.jws-store.de/heiztechnik/elektrische-fussbodenheizungen/elektrische-fussbodenheizung-150-watt-elektrische-bodenheizung-twin-technologie-thernostat-id570-id580_57000_6699;https://cdn03.plentyone.com/iidhyn1xr43q/item/images/57000/full/1-1-pxo.jpg;Heiztechnik > Elektrische Fußbodenheizungen;JWS;False;1;2026-09-16T11:54:57+00:00
5125_ID570;Elektrische Fußbodenheizung 150W TWIN-Technologie Bodenheizung Heizmatte 150Watt;116.9;116.9;False;0.0;True;boolean;Sofort versandfertig, Lieferzeit 48h;2;1000;https://www.jws-store.de/heiztechnik/elektrische-fussbodenheizungen/elektrische-fussbodenheizung-150-watt-elektrische-bodenheizung-twin-technologie-thernostat-id570-id580_57000_6678;https://cdn03.plentyone.com/iidhyn1xr43q/item/images/57000/full/1-1-pxo.jpg;Heiztechnik > Elektrische Fußbodenheizungen;JWS;False;1;2026-09-16T11:54:57+00:00
5125_ID580;Elektrische Fußbodenheizung 150W TWIN-Technologie Bodenheizung Heizmatte 150Watt;116.9;116.9;False;0.0;True;boolean;Sofort versandfertig, Lieferzeit 48h;2;1000;https://www.jws-store.de/heiztechnik/elektrische-fussbodenheizungen/elektrische-fussbodenheizung-150-watt-elektrische-bodenheizung-twin-technologie-thernostat-id570-id580_57000_6694;https://cdn03.plentyone.com/iidhyn1xr43q/item/images/57000/full/1-1-pxo.jpg;Heiztechnik > Elektrische Fußbodenheizungen;JWS;False;1;2026-09-16T11:54:57+00:00
5212_ID570;Elektrische Fußbodenheizung 150W TWIN-Technologie Bodenheizung Heizmatte 150Watt;211.9;211.9;False;0.0;True;boolean;Sofort versandfertig, Lieferzeit 48h;2;1000;https://www.jws-store.de/heiztechnik/elektrische-fussbodenheizungen/elektrische-fussbodenheizung-150-watt-elektrische-bodenheizung-twin-technologie-thernostat-id570-id580_57000_6689;https://cdn03.plentyone.com/iidhyn1xr43q/item/images/57000/full/1-1-pxo.jpg;Heiztechnik > Elektrische Fußbodenheizungen;JWS;False;1;2026-09-16T11:54:57+00:00
5212__ID580;Elektrische Fußbodenheizung 150W TWIN-Technologie Bodenheizung Heizmatte 150Watt;211.9;211.9;False;0.0;True;boolean;Sofort versandfertig, Lieferzeit 48h;2;1000;https://www.jws-store.de/heiztechnik/elektrische-fussbodenheizungen/elektrische-fussbodenheizung-150-watt-elektrische-bodenheizung-twin-technologie-thernostat-id570-id580_57000_6705;https://cdn03.plentyone.com/iidhyn1xr43q/item/images/57000/full/1-1-pxo.jpg;Heiztechnik > Elektrische Fußbodenheizungen;JWS;False;1;2026-09-16T11:54:57+00:00
5170_ID570;Elektrische Fußbodenheizung 150W TWIN-Technologie Bodenheizung Heizmatte 150Watt;151.9;151.9;False;0.0;True;boolean;Sofort versandfertig, Lieferzeit 48h;2;1000;https://www.jws-store.de/heiztechnik/elektrische-fussbodenheizungen/elektrische-fussbodenheizung-150-watt-elektrische-bodenheizung-twin-technologie-thernostat-id570-id580_57000_6684;https://cdn03.plentyone.com/iidhyn1xr43q/item/images/57000/full/1-1-pxo.jpg;Heiztechnik > Elektrische Fußbodenheizungen;JWS;False;1;2026-09-16T11:54:57+00:00
5170__ID580;Elektrische Fußbodenheizung 150W TWIN-Technologie Bodenheizung Heizmatte 150Watt;151.9;151.9;False;0.0;True;boolean;Sofort versandfertig, Lieferzeit 48h;2;1000;https://www.jws-store.de/heiztechnik/elektrische-fussbodenheizungen/elektrische-fussbodenheizung-150-watt-elektrische-bodenheizung-twin-technologie-thernostat-id570-id580_57000_6700;https://cdn03.plentyone.com/iidhyn1xr43q/item/images/57000/full/1-1-pxo.jpg;Heiztechnik > Elektrische Fußbodenheizungen;JWS;False;1;2026-09-16T11:54:57+00:00
5130_ID570;Elektrische Fußbodenheizung 150W TWIN-Technologie Bodenheizung Heizmatte 150Watt;121.9;121.9;False;0.0;True;boolean;Sofort versandfertig, Lieferzeit 48h;2;1000;https://www.jws-store.de/heiztechnik/elektrische-fussbodenheizungen/elektrische-fussbodenheizung-150-watt-elektrische-bodenheizung-twin-technologie-thernostat-id570-id580_57000_6679;https://cdn03.plentyone.com/iidhyn1xr43q/item/images/57000/full/1-1-pxo.jpg;Heiztechnik > Elektrische Fußbodenheizungen;JWS;False;1;2026-09-16T11:54:57+00:00
5130_ID580;Elektrische Fußbodenheizung 150W TWIN-Technologie Bodenheizung Heizmatte 150Watt;121.9;121.9;False;0.0;True;boolean;Sofort versandfertig, Lieferzeit 48h;2;1000;https://www.jws-store.de/heiztechnik/elektrische-fussbodenheizungen/elektrische-fussbodenheizung-150-watt-elektrische-bodenheizung-twin-technologie-thernostat-id570-id580_57000_6695;https://cdn03.plentyone.com/iidhyn1xr43q/item/images/57000/full/1-1-pxo.jpg;Heiztechnik > Elektrische Fußbodenheizungen;JWS;False;1;2026-09-16T11:54:57+00:00
5700;Elektrische Fußbodenheizung 150W TWIN-Technologie Bodenheizung Heizmatte 150Watt;104.9;104.9;False;0.0;True;boolean;Sofort versandfertig, Lieferzeit 48h;2;1000;https://www.jws-store.de/heiztechnik/elektrische-fussbodenheizungen/elektrische-fussbodenheizung-150-watt-elektrische-bodenheizung-twin-technologie-thernostat-id570-id580_57000_6674;https://cdn03.plentyone.com/iidhyn1xr43q/item/images/57000/full/1-1-pxo.jpg;Heiztechnik > Elektrische Fußbodenheizungen;JWS;False;1;2026-09-16T11:54:57+00:00
5215_ID570;Elektrische Fußbodenheizung 150W TWIN-Technologie Bodenheizung Heizmatte 150Watt;244.9;244.9;False;0.0;True;boolean;Sofort versandfertig, Lieferzeit 48h;2;1000;https://www.jws-store.de/heiztechnik/elektrische-fussbodenheizungen/elektrische-fussbodenheizung-150-watt-elektrische-bodenheizung-twin-technologie-thernostat-id570-id580_57000_6690;https://cdn03.plentyone.com/iidhyn1xr43q/item/images/57000/full/1-1-pxo.jpg;Heiztechnik > Elektrische Fußbodenheizungen;JWS;False;1;2026-09-16T11:54:57+00:00
5215__ID580;Elektrische Fußbodenheizung 150W TWIN-Technologie Bodenheizung Heizmatte 150Watt;244.9;244.9;False;0.0;True;boolean;Sofort versandfertig, Lieferzeit 48h;2;1000;https://www.jws-store.de/heiztechnik/elektrische-fussbodenheizungen/elektrische-fussbodenheizung-150-watt-elektrische-bodenheizung-twin-technologie-thernostat-id570-id580_57000_6706;https://cdn03.plentyone.com/iidhyn1xr43q/item/images/57000/full/1-1-pxo.jpg;Heiztechnik > Elektrische Fußbodenheizungen;JWS;False;1;2026-09-16T11:54:57+00:00
5180_ID570;Elektrische Fußbodenheizung 150W TWIN-Technologie Bodenheizung Heizmatte 150Watt;163.9;163.9;False;0.0;True;boolean;Sofort versandfertig, Lieferzeit 48h;2;1000;https://www.jws-store.de/heiztechnik/elektrische-fussbodenheizungen/elektrische-fussbodenheizung-150-watt-elektrische-bodenheizung-twin-technologie-thernostat-id570-id580_57000_6685;https://cdn03.plentyone.com/iidhyn1xr43q/item/images/57000/full/1-1-pxo.jpg;Heiztechnik > Elektrische Fußbodenheizungen;JWS;False;1;2026-09-16T11:54:57+00:00
5180__ID580;Elektrische Fußbodenheizung 150W TWIN-Technologie Bodenheizung Heizmatte 150Watt;163.9;163.9;False;0.0;True;boolean;Sofort versandfertig, Lieferzeit 48h;2;1000;https://www.jws-store.de/heiztechnik/elektrische-fussbodenheizungen/elektrische-fussbodenheizung-150-watt-elektrische-bodenheizung-twin-technologie-thernostat-id570-id580_57000_6701;https://cdn03.plentyone.com/iidhyn1xr43q/item/images/57000/full/1-1-pxo.jpg;Heiztechnik > Elektrische Fußbodenheizungen;JWS;False;1;2026-09-16T11:54:57+00:00
5135_ID570;Elektrische Fußbodenheizung 150W TWIN-Technologie Bodenheizung Heizmatte 150Watt;123.9;123.9;False;0.0;True;boolean;Sofort versandfertig, Lieferzeit 48h;2;1000;https://www.jws-store.de/heiztechnik/elektrische-fussbodenheizungen/elektrische-fussbodenheizung-150-watt-elektrische-bodenheizung-twin-technologie-thernostat-id570-id580_57000_6680;https://cdn03.plentyone.com/iidhyn1xr43q/item/images/57000/full/1-1-pxo.jpg;Heiztechnik > Elektrische Fußbodenheizungen;JWS;False;1;2026-09-16T11:54:57+00:00
5135_ID580;Elektrische Fußbodenheizung 150W TWIN-Technologie Bodenheizung Heizmatte 150Watt;123.9;123.9;False;0.0;True;boolean;Sofort versandfertig, Lieferzeit 48h;2;1000;https://www.jws-store.de/heiztechnik/elektrische-fussbodenheizungen/elektrische-fussbodenheizung-150-watt-elektrische-bodenheizung-twin-technologie-thernostat-id570-id580_57000_6696;https://cdn03.plentyone.com/iidhyn1xr43q/item/images/57000/full/1-1-pxo.jpg;Heiztechnik > Elektrische Fußbodenheizungen;JWS;False;1;2026-09-16T11:54:57+00:00
5110_ID570;Elektrische Fußbodenheizung 150W TWIN-Technologie Bodenheizung Heizmatte 150Watt;104.9;104.9;False;0.0;True;boolean;Sofort versandfertig, Lieferzeit 48h;2;1000;https://www.jws-store.de/heiztechnik/elektrische-fussbodenheizungen/elektrische-fussbodenheizung-150-watt-elektrische-bodenheizung-twin-technologie-thernostat-id570-id580_57000_6675;https://cdn03.plentyone.com/iidhyn1xr43q/item/images/57000/full/1-1-pxo.jpg;Heiztechnik > Elektrische Fußbodenheizungen;JWS;False;1;2026-09-16T11:54:57+00:00
5110_ID580;Elektrische Fußbodenheizung 150W TWIN-Technologie Bodenheizung Heizmatte 150Watt;104.9;104.9;False;0.0;True;boolean;Sofort versandfertig, Lieferzeit 48h;2;1000;https://www.jws-store.de/heiztechnik/elektrische-fussbodenheizungen/elektrische-fussbodenheizung-150-watt-elektrische-bodenheizung-twin-technologie-thernostat-id570-id580_57000_6691;https://cdn03.plentyone.com/iidhyn1xr43q/item/images/57000/full/1-1-pxo.jpg;Heiztechnik > Elektrische Fußbodenheizungen;JWS;False;1;2026-09-16T11:54:57+00:00
5190_ID570;Elektrische Fußbodenheizung 150W TWIN-Technologie Bodenheizung Heizmatte 150Watt;174.9;174.9;False;0.0;True;boolean;Sofort versandfertig, Lieferzeit 48h;2;1000;https://www.jws-store.de/heiztechnik/elektrische-fussbodenheizungen/elektrische-fussbodenheizung-150-watt-elektrische-bodenheizung-twin-technologie-thernostat-id570-id580_57000_6686;https://cdn03.plentyone.com/iidhyn1xr43q/item/images/57000/full/1-1-pxo.jpg;Heiztechnik > Elektrische Fußbodenheizungen;JWS;False;1;2026-09-16T11:54:57+00:00
5190__ID580;Elektrische Fußbodenheizung 150W TWIN-Technologie Bodenheizung Heizmatte 150Watt;174.9;174.9;False;0.0;True;boolean;Sofort versandfertig, Lieferzeit 48h;2;1000;https://www.jws-store.de/heiztechnik/elektrische-fussbodenheizungen/elektrische-fussbodenheizung-150-watt-elektrische-bodenheizung-twin-technologie-thernostat-id570-id580_57000_6702;https://cdn03.plentyone.com/iidhyn1xr43q/item/images/57000/full/1-1-pxo.jpg;Heiztechnik > Elektrische Fußbodenheizungen;JWS;False;1;2026-09-16T11:54:57+00:00
5140_ID570;Elektrische Fußbodenheizung 150W TWIN-Technologie Bodenheizung Heizmatte 150Watt;126.9;126.9;False;0.0;True;boolean;Sofort versandfertig, Lieferzeit 48h;2;1000;https://www.jws-store.de/heiztechnik/elektrische-fussbodenheizungen/elektrische-fussbodenheizung-150-watt-elektrische-bodenheizung-twin-technologie-thernostat-id570-id580_57000_6681;https://cdn03.plentyone.com/iidhyn1xr43q/item/images/57000/full/1-1-pxo.jpg;Heiztechnik > Elektrische Fußbodenheizungen;JWS;False;1;2026-09-16T11:54:57+00:00
5140_ID580;Elektrische Fußbodenheizung 150W TWIN-Technologie Bodenheizung Heizmatte 150Watt;126.9;126.9;False;0.0;True;boolean;Sofort versandfertig, Lieferzeit 48h;2;1000;https://www.jws-store.de/heiztechnik/elektrische-fussbodenheizungen/elektrische-fussbodenheizung-150-watt-elektrische-bodenheizung-twin-technologie-thernostat-id570-id580_57000_6697;https://cdn03.plentyone.com/iidhyn1xr43q/item/images/57000/full/1-1-pxo.jpg;Heiztechnik > Elektrische Fußbodenheizungen;JWS;False;1;2026-09-16T11:54:57+00:00
5115_ID570;Elektrische Fußbodenheizung 150W TWIN-Technologie Bodenheizung Heizmatte 150Watt;107.9;107.9;False;0.0;True;boolean;Sofort versandfertig, Lieferzeit 48h;2;1000;https://www.jws-store.de/heiztechnik/elektrische-fussbodenheizungen/elektrische-fussbodenheizung-150-watt-elektrische-bodenheizung-twin-technologie-thernostat-id570-id580_57000_6676;https://cdn03.plentyone.com/iidhyn1xr43q/item/images/57000/full/1-1-pxo.jpg;Heiztechnik > Elektrische Fußbodenheizungen;JWS;False;1;2026-09-16T11:54:57+00:00
5115_ID580;Elektrische Fußbodenheizung 150W TWIN-Technologie Bodenheizung Heizmatte 150Watt;107.9;107.9;False;0.0;True;boolean;Sofort versandfertig, Lieferzeit 48h;2;1000;https://www.jws-store.de/heiztechnik/elektrische-fussbodenheizungen/elektrische-fussbodenheizung-150-watt-elektrische-bodenheizung-twin-technologie-thernostat-id570-id580_57000_6692;https://cdn03.plentyone.com/iidhyn1xr43q/item/images/57000/full/1-1-pxo.jpg;Heiztechnik > Elektrische Fußbodenheizungen;JWS;False;1;2026-09-16T11:54:57+00:00
5210_ID570;Elektrische Fußbodenheizung 150W TWIN-Technologie Bodenheizung Heizmatte 150Watt;196.9;196.9;False;0.0;True;boolean;Sofort versandfertig, Lieferzeit 48h;2;1000;https://www.jws-store.de/heiztechnik/elektrische-fussbodenheizungen/elektrische-fussbodenheizung-150-watt-elektrische-bodenheizung-twin-technologie-thernostat-id570-id580_57000_6687;https://cdn03.plentyone.com/iidhyn1xr43q/item/images/57000/full/1-1-pxo.jpg;Heiztechnik > Elektrische Fußbodenheizungen;JWS;False;1;2026-09-16T11:54:57+00:00
5210__ID580;Elektrische Fußbodenheizung 150W TWIN-Technologie Bodenheizung Heizmatte 150Watt;196.9;196.9;False;0.0;True;boolean;Sofort versandfertig, Lieferzeit 48h;2;1000;https://www.jws-store.de/heiztechnik/elektrische-fussbodenheizungen/elektrische-fussbodenheizung-150-watt-elektrische-bodenheizung-twin-technologie-thernostat-id570-id580_57000_6703;https://cdn03.plentyone.com/iidhyn1xr43q/item/images/57000/full/1-1-pxo.jpg;Heiztechnik > Elektrische Fußbodenheizungen;JWS;False;1;2026-09-16T11:54:57+00:00
5150_ID570;Elektrische Fußbodenheizung 150W TWIN-Technologie Bodenheizung Heizmatte 150Watt;138.9;138.9;False;0.0;True;boolean;Sofort versandfertig, Lieferzeit 48h;2;1000;https://www.jws-store.de/heiztechnik/elektrische-fussbodenheizungen/elektrische-fussbodenheizung-150-watt-elektrische-bodenheizung-twin-technologie-thernostat-id570-id580_57000_6682;https://cdn03.plentyone.com/iidhyn1xr43q/item/images/57000/full/1-1-pxo.jpg;Heiztechnik > Elektrische Fußbodenheizungen;JWS;False;1;2026-09-16T11:54:57+00:00
5150_ID580;Elektrische Fußbodenheizung 150W TWIN-Technologie Bodenheizung Heizmatte 150Watt;138.9;138.9;False;0.0;True;boolean;Sofort versandfertig, Lieferzeit 48h;2;1000;https://www.jws-store.de/heiztechnik/elektrische-fussbodenheizungen/elektrische-fussbodenheizung-150-watt-elektrische-bodenheizung-twin-technologie-thernostat-id570-id580_57000_6698;https://cdn03.plentyone.com/iidhyn1xr43q/item/images/57000/full/1-1-pxo.jpg;Heiztechnik > Elektrische Fußbodenheizungen;JWS;False;1;2026-09-16T11:54:57+00:00
5120_ID570;Elektrische Fußbodenheizung 150W TWIN-Technologie Bodenheizung Heizmatte 150Watt;111.9;111.9;False;0.0;True;boolean;Sofort versandfertig, Lieferzeit 48h;2;1000;https://www.jws-store.de/heiztechnik/elektrische-fussbodenheizungen/elektrische-fussbodenheizung-150-watt-elektrische-bodenheizung-twin-technologie-thernostat-id570-id580_57000_6677;https://cdn03.plentyone.com/iidhyn1xr43q/item/images/57000/full/1-1-pxo.jpg;Heiztechnik > Elektrische Fußbodenheizungen;JWS;False;1;2026-09-16T11:54:57+00:00
5120_ID580;Elektrische Fußbodenheizung 150W TWIN-Technologie Bodenheizung Heizmatte 150Watt;111.9;111.9;False;0.0;True;boolean;Sofort versandfertig, Lieferzeit 48h;2;1000;https://www.jws-store.de/heiztechnik/elektrische-fussbodenheizungen/elektrische-fussbodenheizung-150-watt-elektrische-bodenheizung-twin-technologie-thernostat-id570-id580_57000_6693;https://cdn03.plentyone.com/iidhyn1xr43q/item/images/57000/full/1-1-pxo.jpg;Heiztechnik > Elektrische Fußbodenheizungen;JWS;False;1;2026-09-16T11:54:57+00:00
5150_580;Elektrische Fußbodenheizung 150W TWIN-Technologie Bodenheizung Heizmatte 150Watt;138.9;138.9;False;0.0;True;boolean;Sofort versandfertig, Lieferzeit 48h;2;1000;https://www.jws-store.de/heiztechnik/elektrische-fussbodenheizungen/elektrische-fussbodenheizung-150w-twin-technologie-bodenheizung-heizmatte-150watt_60000_6994;https://cdn03.plentyone.com/iidhyn1xr43q/item/images/60000/full/3-1-pxo.jpg;Heiztechnik > Elektrische Fußbodenheizungen;JWS;False;1;2026-09-16T11:54:57+00:00
5120_580;Elektrische Fußbodenheizung 150W TWIN-Technologie Bodenheizung Heizmatte 150Watt;111.9;111.9;False;0.0;True;boolean;Sofort versandfertig, Lieferzeit 48h;2;1000;https://www.jws-store.de/heiztechnik/elektrische-fussbodenheizungen/elektrische-fussbodenheizung-150w-twin-technologie-bodenheizung-heizmatte-150watt_60000_6989;https://cdn03.plentyone.com/iidhyn1xr43q/item/images/60000/full/3-1-pxo.jpg;Heiztechnik > Elektrische Fußbodenheizungen;JWS;False;1;2026-09-16T11:54:57+00:00
5211_580;Elektrische Fußbodenheizung 150W TWIN-Technologie Bodenheizung Heizmatte 150Watt;203.9;203.9;False;0.0;True;boolean;Sofort versandfertig, Lieferzeit 48h;2;1000;https://www.jws-store.de/heiztechnik/elektrische-fussbodenheizungen/elektrische-fussbodenheizung-150w-twin-technologie-bodenheizung-heizmatte-150watt_60000_7000;https://cdn03.plentyone.com/iidhyn1xr43q/item/images/60000/full/3-1-pxo.jpg;Heiztechnik > Elektrische Fußbodenheizungen;JWS;False;1;2026-09-16T11:54:57+00:00
5160_580;Elektrische Fußbodenheizung 150W TWIN-Technologie Bodenheizung Heizmatte 150Watt;144.9;144.9;False;0.0;True;boolean;Sofort versandfertig, Lieferzeit 48h;2;1000;https://www.jws-store.de/heiztechnik/elektrische-fussbodenheizungen/elektrische-fussbodenheizung-150w-twin-technologie-bodenheizung-heizmatte-150watt_60000_6995;https://cdn03.plentyone.com/iidhyn1xr43q/item/images/60000/full/3-1-pxo.jpg;Heiztechnik > Elektrische Fußbodenheizungen;JWS;False;1;2026-09-16T11:54:57+00:00
5125_580;Elektrische Fußbodenheizung 150W TWIN-Technologie Bodenheizung Heizmatte 150Watt;116.9;116.9;False;0.0;True;boolean;Sofort versandfertig, Lieferzeit 48h;2;1000;https://www.jws-store.de/heiztechnik/elektrische-fussbodenheizungen/elektrische-fussbodenheizung-150w-twin-technologie-bodenheizung-heizmatte-150watt_60000_6990;https://cdn03.plentyone.com/iidhyn1xr43q/item/images/60000/full/3-1-pxo.jpg;Heiztechnik > Elektrische Fußbodenheizungen;JWS;False;1;2026-09-16T11:54:57+00:00
5212_580;Elektrische Fußbodenheizung 150W TWIN-Technologie Bodenheizung Heizmatte 150Watt;211.9;211.9;False;0.0;True;boolean;Sofort versandfertig, Lieferzeit 48h;2;1000;https://www.jws-store.de/heiztechnik/elektrische-fussbodenheizungen/elektrische-fussbodenheizung-150w-twin-technologie-bodenheizung-heizmatte-150watt_60000_7001;https://cdn03.plentyone.com/iidhyn1xr43q/item/images/60000/full/3-1-pxo.jpg;Heiztechnik > Elektrische Fußbodenheizungen;JWS;False;1;2026-09-16T11:54:57+00:00
5170_580;Elektrische Fußbodenheizung 150W TWIN-Technologie Bodenheizung Heizmatte 150Watt;151.9;151.9;False;0.0;True;boolean;Sofort versandfertig, Lieferzeit 48h;2;1000;https://www.jws-store.de/heiztechnik/elektrische-fussbodenheizungen/elektrische-fussbodenheizung-150w-twin-technologie-bodenheizung-heizmatte-150watt_60000_6996;https://cdn03.plentyone.com/iidhyn1xr43q/item/images/60000/full/3-1-pxo.jpg;Heiztechnik > Elektrische Fußbodenheizungen;JWS;False;1;2026-09-16T11:54:57+00:00
5130_580;Elektrische Fußbodenheizung 150W TWIN-Technologie Bodenheizung Heizmatte 150Watt;121.9;121.9;False;0.0;True;boolean;Sofort versandfertig, Lieferzeit 48h;2;1000;https://www.jws-store.de/heiztechnik/elektrische-fussbodenheizungen/elektrische-fussbodenheizung-150w-twin-technologie-bodenheizung-heizmatte-150watt_60000_6991;https://cdn03.plentyone.com/iidhyn1xr43q/item/images/60000/full/3-1-pxo.jpg;Heiztechnik > Elektrische Fußbodenheizungen;JWS;False;1;2026-09-16T11:54:57+00:00
60000;Elektrische Fußbodenheizung 150W TWIN-Technologie Bodenheizung Heizmatte 150Watt;104.9;104.9;False;0.0;True;boolean;Sofort versandfertig, Lieferzeit 48h;2;1000;https://www.jws-store.de/heiztechnik/elektrische-fussbodenheizungen/elektrische-fussbodenheizung-150w-twin-technologie-bodenheizung-heizmatte-150watt_60000_6970;https://cdn03.plentyone.com/iidhyn1xr43q/item/images/60000/full/3-1-pxo.jpg;Heiztechnik > Elektrische Fußbodenheizungen;JWS;False;1;2026-09-16T11:54:57+00:00
5215_580;Elektrische Fußbodenheizung 150W TWIN-Technologie Bodenheizung Heizmatte 150Watt;244.9;244.9;False;0.0;True;boolean;Sofort versandfertig, Lieferzeit 48h;2;1000;https://www.jws-store.de/heiztechnik/elektrische-fussbodenheizungen/elektrische-fussbodenheizung-150w-twin-technologie-bodenheizung-heizmatte-150watt_60000_7002;https://cdn03.plentyone.com/iidhyn1xr43q/item/images/60000/full/3-1-pxo.jpg;Heiztechnik > Elektrische Fußbodenheizungen;JWS;False;1;2026-09-16T11:54:57+00:00
5180_580;Elektrische Fußbodenheizung 150W TWIN-Technologie Bodenheizung Heizmatte 150Watt;163.9;163.9;False;0.0;True;boolean;Sofort versandfertig, Lieferzeit 48h;2;1000;https://www.jws-store.de/heiztechnik/elektrische-fussbodenheizungen/elektrische-fussbodenheizung-150w-twin-technologie-bodenheizung-heizmatte-150watt_60000_6997;https://cdn03.plentyone.com/iidhyn1xr43q/item/images/60000/full/3-1-pxo.jpg;Heiztechnik > Elektrische Fußbodenheizungen;JWS;False;1;2026-09-16T11:54:57+00:00
5135_580;Elektrische Fußbodenheizung 150W TWIN-Technologie Bodenheizung Heizmatte 150Watt;123.9;123.9;False;0.0;True;boolean;Sofort versandfertig, Lieferzeit 48h;2;1000;https://www.jws-store.de/heiztechnik/elektrische-fussbodenheizungen/elektrische-fussbodenheizung-150w-twin-technologie-bodenheizung-heizmatte-150watt_60000_6992;https://cdn03.plentyone.com/iidhyn1xr43q/item/images/60000/full/3-1-pxo.jpg;Heiztechnik > Elektrische Fußbodenheizungen;JWS;False;1;2026-09-16T11:54:57+00:00
5110_580;Elektrische Fußbodenheizung 150W TWIN-Technologie Bodenheizung Heizmatte 150Watt;104.9;104.9;False;0.0;True;boolean;Sofort versandfertig, Lieferzeit 48h;2;1000;https://www.jws-store.de/heiztechnik/elektrische-fussbodenheizungen/elektrische-fussbodenheizung-150w-twin-technologie-bodenheizung-heizmatte-150watt_60000_6987;https://cdn03.plentyone.com/iidhyn1xr43q/item/images/60000/full/3-1-pxo.jpg;Heiztechnik > Elektrische Fußbodenheizungen;JWS;False;1;2026-09-16T11:54:57+00:00
5190_580;Elektrische Fußbodenheizung 150W TWIN-Technologie Bodenheizung Heizmatte 150Watt;174.9;174.9;False;0.0;True;boolean;Sofort versandfertig, Lieferzeit 48h;2;1000;https://www.jws-store.de/heiztechnik/elektrische-fussbodenheizungen/elektrische-fussbodenheizung-150w-twin-technologie-bodenheizung-heizmatte-150watt_60000_6998;https://cdn03.plentyone.com/iidhyn1xr43q/item/images/60000/full/3-1-pxo.jpg;Heiztechnik > Elektrische Fußbodenheizungen;JWS;False;1;2026-09-16T11:54:57+00:00
5140_580;Elektrische Fußbodenheizung 150W TWIN-Technologie Bodenheizung Heizmatte 150Watt;126.9;126.9;False;0.0;True;boolean;Sofort versandfertig, Lieferzeit 48h;2;1000;https://www.jws-store.de/heiztechnik/elektrische-fussbodenheizungen/elektrische-fussbodenheizung-150w-twin-technologie-bodenheizung-heizmatte-150watt_60000_6993;https://cdn03.plentyone.com/iidhyn1xr43q/item/images/60000/full/3-1-pxo.jpg;Heiztechnik > Elektrische Fußbodenheizungen;JWS;False;1;2026-09-16T11:54:57+00:00
5115_580;Elektrische Fußbodenheizung 150W TWIN-Technologie Bodenheizung Heizmatte 150Watt;107.9;107.9;False;0.0;True;boolean;Sofort versandfertig, Lieferzeit 48h;2;1000;https://www.jws-store.de/heiztechnik/elektrische-fussbodenheizungen/elektrische-fussbodenheizung-150w-twin-technologie-bodenheizung-heizmatte-150watt_60000_6988;https://cdn03.plentyone.com/iidhyn1xr43q/item/images/60000/full/3-1-pxo.jpg;Heiztechnik > Elektrische Fußbodenheizungen;JWS;False;1;2026-09-16T11:54:57+00:00
5210_580;Elektrische Fußbodenheizung 150W TWIN-Technologie Bodenheizung Heizmatte 150Watt;196.9;196.9;False;0.0;True;boolean;Sofort versandfertig, Lieferzeit 48h;2;1000;https://www.jws-store.de/heiztechnik/elektrische-fussbodenheizungen/elektrische-fussbodenheizung-150w-twin-technologie-bodenheizung-heizmatte-150watt_60000_6999;https://cdn03.plentyone.com/iidhyn1xr43q/item/images/60000/full/3-1-pxo.jpg;Heiztechnik > Elektrische Fußbodenheizungen;JWS;False;1;2026-09-16T11:54:57+00:00
5125_530;Elektrische Fußbodenheizung 150Watt WiFi Thermostat Elektrisch TWIN Technologie;110.9;110.9;False;0.0;True;boolean;Sofort versandfertig, Lieferzeit 48h;2;1000;https://www.jws-store.de/heiztechnik/elektrische-fussbodenheizungen/elektrische-fussbodenheizung-150watt-wifi-thermostat-elektrisch-twin-technologie_5030_4742;https://cdn03.plentyone.com/iidhyn1xr43q/item/images/5030/full/Fussbodenheizung-3-Thermostate2-pxo.jpg;Heiztechnik > Elektrische Fußbodenheizungen;JWS;False;1;2026-09-16T11:54:57+00:00
5125_540;Elektrische Fußbodenheizung 150Watt WiFi Thermostat Elektrisch TWIN Technologie;110.9;110.9;False;0.0;True;boolean;Sofort versandfertig, Lieferzeit 48h;2;1000;https://www.jws-store.de/heiztechnik/elektrische-fussbodenheizungen/elektrische-fussbodenheizung-150watt-wifi-thermostat-elektrisch-twin-technologie_5030_4758;https://cdn03.plentyone.com/iidhyn1xr43q/item/images/5030/full/Fussbodenheizung-3-Thermostate2-pxo.jpg;Heiztechnik > Elektrische Fußbodenheizungen;JWS;False;1;2026-09-16T11:54:57+00:00
5125_;Elektrische Fußbodenheizung 150Watt WiFi Thermostat Elektrisch TWIN Technologie;41.9;41.9;False;0.0;True;boolean;Sofort versandfertig, Lieferzeit 48h;2;1000;https://www.jws-store.de/heiztechnik/elektrische-fussbodenheizungen/elektrische-fussbodenheizung-150watt-wifi-thermostat-elektrisch-twin-technologie_5030_4774;https://cdn03.plentyone.com/iidhyn1xr43q/item/images/5030/full/Fussbodenheizung-3-Thermostate2-pxo.jpg;Heiztechnik > Elektrische Fußbodenheizungen;JWS;False;1;2026-09-16T11:54:57+00:00
5130_134;Elektrische Fußbodenheizung 150Watt WiFi Thermostat Elektrisch TWIN Technologie;81.9;81.9;False;0.0;True;boolean;Sofort versandfertig, Lieferzeit 48h;2;1000;https://www.jws-store.de/heiztechnik/elektrische-fussbodenheizungen/elektrische-fussbodenheizung-150watt-wifi-thermostat-elektrisch-twin-technologie_5030_5011;https://cdn03.plentyone.com/iidhyn1xr43q/item/images/5030/full/Fussbodenheizung-3-Thermostate2-pxo.jpg;Heiztechnik > Elektrische Fußbodenheizungen;JWS;False;1;2026-09-16T11:54:57+00:00
5135_133.;Elektrische Fußbodenheizung 150Watt WiFi Thermostat Elektrisch TWIN Technologie;93.9;93.9;False;0.0;True;boolean;Sofort versandfertig, Lieferzeit 48h;2;1000;https://www.jws-store.de/heiztechnik/elektrische-fussbodenheizungen/elektrische-fussbodenheizung-150watt-wifi-thermostat-elektrisch-twin-technologie_5030_5028;https://cdn03.plentyone.com/iidhyn1xr43q/item/images/5030/full/Fussbodenheizung-3-Thermostate2-pxo.jpg;Heiztechnik > Elektrische Fußbodenheizungen;JWS;False;1;2026-09-16T11:54:57+00:00
5120_134;Elektrische Fußbodenheizung 150Watt WiFi Thermostat Elektrisch TWIN Technologie;71.9;71.9;False;0.0;True;boolean;Sofort versandfertig, Lieferzeit 48h;2;1000;https://www.jws-store.de/heiztechnik/elektrische-fussbodenheizungen/elektrische-fussbodenheizung-150watt-wifi-thermostat-elektrisch-twin-technologie_5030_5009;https://cdn03.plentyone.com/iidhyn1xr43q/item/images/5030/full/Fussbodenheizung-3-Thermostate2-pxo.jpg;Heiztechnik > Elektrische Fußbodenheizungen;JWS;False;1;2026-09-16T11:54:57+00:00
5212_530;Elektrische Fußbodenheizung 150Watt WiFi Thermostat Elektrisch TWIN Technologie;206.9;206.9;False;0.0;True;boolean;Sofort versandfertig, Lieferzeit 48h;2;1000;https://www.jws-store.de/heiztechnik/elektrische-fussbodenheizungen/elektrische-fussbodenheizung-150watt-wifi-thermostat-elektrisch-twin-technologie_5030_4753;https://cdn03.plentyone.com/iidhyn1xr43q/item/images/5030/full/Fussbodenheizung-3-Thermostate2-pxo.jpg;Heiztechnik > Elektrische Fußbodenheizungen;JWS;False;1;2026-09-16T11:54:57+00:00
5212_540;Elektrische Fußbodenheizung 150Watt WiFi Thermostat Elektrisch TWIN Technologie;206.9;206.9;False;0.0;True;boolean;Sofort versandfertig, Lieferzeit 48h;2;1000;https://www.jws-store.de/heiztechnik/elektrische-fussbodenheizungen/elektrische-fussbodenheizung-150watt-wifi-thermostat-elektrisch-twin-technologie_5030_4769;https://cdn03.plentyone.com/iidhyn1xr43q/item/images/5030/full/Fussbodenheizung-3-Thermostate2-pxo.jpg;Heiztechnik > Elektrische Fußbodenheizungen;JWS;False;1;2026-09-16T11:54:57+00:00
5212_;Elektrische Fußbodenheizung 150Watt WiFi Thermostat Elektrisch TWIN Technologie;136.9;136.9;False;0.0;True;boolean;Sofort versandfertig, Lieferzeit 48h;2;1000;https://www.jws-store.de/heiztechnik/elektrische-fussbodenheizungen/elektrische-fussbodenheizung-150watt-wifi-thermostat-elektrisch-twin-technologie_5030_4785;https://cdn03.plentyone.com/iidhyn1xr43q/item/images/5030/full/Fussbodenheizung-3-Thermostate2-pxo.jpg;Heiztechnik > Elektrische Fußbodenheizungen;JWS;False;1;2026-09-16T11:54:57+00:00
5215_134;Elektrische Fußbodenheizung 150Watt WiFi Thermostat Elektrisch TWIN Technologie;204.9;204.9;False;0.0;True;boolean;Sofort versandfertig, Lieferzeit 48h;2;1000;https://www.jws-store.de/heiztechnik/elektrische-fussbodenheizungen/elektrische-fussbodenheizung-150watt-wifi-thermostat-elektrisch-twin-technologie_5030_5022;https://cdn03.plentyone.com/iidhyn1xr43q/item/images/5030/full/Fussbodenheizung-3-Thermostate2-pxo.jpg;Heiztechnik > Elektrische Fußbodenheizungen;JWS;False;1;2026-09-16T11:54:57+00:00
5170_530;Elektrische Fußbodenheizung 150Watt WiFi Thermostat Elektrisch TWIN Technologie;146.9;146.9;False;0.0;True;boolean;Sofort versandfertig, Lieferzeit 48h;2;1000;https://www.jws-store.de/heiztechnik/elektrische-fussbodenheizungen/elektrische-fussbodenheizung-150watt-wifi-thermostat-elektrisch-twin-technologie_5030_4748;https://cdn03.plentyone.com/iidhyn1xr43q/item/images/5030/full/Fussbodenheizung-3-Thermostate2-pxo.jpg;Heiztechnik > Elektrische Fußbodenheizungen;JWS;False;1;2026-09-16T11:54:57+00:00
5170_540;Elektrische Fußbodenheizung 150Watt WiFi Thermostat Elektrisch TWIN Technologie;146.9;146.9;False;0.0;True;boolean;Sofort versandfertig, Lieferzeit 48h;2;1000;https://www.jws-store.de/heiztechnik/elektrische-fussbodenheizungen/elektrische-fussbodenheizung-150watt-wifi-thermostat-elektrisch-twin-technologie_5030_4764;https://cdn03.plentyone.com/iidhyn1xr43q/item/images/5030/full/Fussbodenheizung-3-Thermostate2-pxo.jpg;Heiztechnik > Elektrische Fußbodenheizungen;JWS;False;1;2026-09-16T11:54:57+00:00
5170_;Elektrische Fußbodenheizung 150Watt WiFi Thermostat Elektrisch TWIN Technologie;76.9;76.9;False;0.0;True;boolean;Sofort versandfertig, Lieferzeit 48h;2;1000;https://www.jws-store.de/heiztechnik/elektrische-fussbodenheizungen/elektrische-fussbodenheizung-150watt-wifi-thermostat-elektrisch-twin-technologie_5030_4780;https://cdn03.plentyone.com/iidhyn1xr43q/item/images/5030/full/Fussbodenheizung-3-Thermostate2-pxo.jpg;Heiztechnik > Elektrische Fußbodenheizungen;JWS;False;1;2026-09-16T11:54:57+00:00
5180_134;Elektrische Fußbodenheizung 150Watt WiFi Thermostat Elektrisch TWIN Technologie;123.9;123.9;False;0.0;True;boolean;Sofort versandfertig, Lieferzeit 48h;2;1000;https://www.jws-store.de/heiztechnik/elektrische-fussbodenheizungen/elektrische-fussbodenheizung-150watt-wifi-thermostat-elektrisch-twin-technologie_5030_5017;https://cdn03.plentyone.com/iidhyn1xr43q/item/images/5030/full/Fussbodenheizung-3-Thermostate2-pxo.jpg;Heiztechnik > Elektrische Fußbodenheizungen;JWS;False;1;2026-09-16T11:54:57+00:00
5190_133.;Elektrische Fußbodenheizung 150Watt WiFi Thermostat Elektrisch TWIN Technologie;144.9;144.9;False;0.0;True;boolean;Sofort versandfertig, Lieferzeit 48h;2;1000;https://www.jws-store.de/heiztechnik/elektrische-fussbodenheizungen/elektrische-fussbodenheizung-150watt-wifi-thermostat-elektrisch-twin-technologie_5030_5034;https://cdn03.plentyone.com/iidhyn1xr43q/item/images/5030/full/Fussbodenheizung-3-Thermostate2-pxo.jpg;Heiztechnik > Elektrische Fußbodenheizungen;JWS;False;1;2026-09-16T11:54:57+00:00
5130_530;Elektrische Fußbodenheizung 150Watt WiFi Thermostat Elektrisch TWIN Technologie;116.9;116.9;False;0.0;True;boolean;Sofort versandfertig, Lieferzeit 48h;2;1000;https://www.jws-store.de/heiztechnik/elektrische-fussbodenheizungen/elektrische-fussbodenheizung-150watt-wifi-thermostat-elektrisch-twin-technologie_5030_4743;https://cdn03.plentyone.com/iidhyn1xr43q/item/images/5030/full/Fussbodenheizung-3-Thermostate2-pxo.jpg;Heiztechnik > Elektrische Fußbodenheizungen;JWS;False;1;2026-09-16T11:54:57+00:00
5130_540;Elektrische Fußbodenheizung 150Watt WiFi Thermostat Elektrisch TWIN Technologie;116.9;116.9;False;0.0;True;boolean;Sofort versandfertig, Lieferzeit 48h;2;1000;https://www.jws-store.de/heiztechnik/elektrische-fussbodenheizungen/elektrische-fussbodenheizung-150watt-wifi-thermostat-elektrisch-twin-technologie_5030_4759;https://cdn03.plentyone.com/iidhyn1xr43q/item/images/5030/full/Fussbodenheizung-3-Thermostate2-pxo.jpg;Heiztechnik > Elektrische Fußbodenheizungen;JWS;False;1;2026-09-16T11:54:57+00:00
5130_;Elektrische Fußbodenheizung 150Watt WiFi Thermostat Elektrisch TWIN Technologie;46.9;46.9;False;0.0;True;boolean;Sofort versandfertig, Lieferzeit 48h;2;1000;https://www.jws-store.de/heiztechnik/elektrische-fussbodenheizungen/elektrische-fussbodenheizung-150watt-wifi-thermostat-elektrisch-twin-technologie_5030_4775;https://cdn03.plentyone.com/iidhyn1xr43q/item/images/5030/full/Fussbodenheizung-3-Thermostate2-pxo.jpg;Heiztechnik > Elektrische Fußbodenheizungen;JWS;False;1;2026-09-16T11:54:57+00:00
5135_134;Elektrische Fußbodenheizung 150Watt WiFi Thermostat Elektrisch TWIN Technologie;83.9;83.9;False;0.0;True;boolean;Sofort versandfertig, Lieferzeit 48h;2;1000;https://www.jws-store.de/heiztechnik/elektrische-fussbodenheizungen/elektrische-fussbodenheizung-150watt-wifi-thermostat-elektrisch-twin-technologie_5030_5012;https://cdn03.plentyone.com/iidhyn1xr43q/item/images/5030/full/Fussbodenheizung-3-Thermostate2-pxo.jpg;Heiztechnik > Elektrische Fußbodenheizungen;JWS;False;1;2026-09-16T11:54:57+00:00
5140_133.;Elektrische Fußbodenheizung 150Watt WiFi Thermostat Elektrisch TWIN Technologie;96.9;96.9;False;0.0;True;boolean;Sofort versandfertig, Lieferzeit 48h;2;1000;https://www.jws-store.de/heiztechnik/elektrische-fussbodenheizungen/elektrische-fussbodenheizung-150watt-wifi-thermostat-elektrisch-twin-technologie_5030_5029;https://cdn03.plentyone.com/iidhyn1xr43q/item/images/5030/full/Fussbodenheizung-3-Thermostate2-pxo.jpg;Heiztechnik > Elektrische Fußbodenheizungen;JWS;False;1;2026-09-16T11:54:57+00:00
5120_133.;Elektrische Fußbodenheizung 150Watt WiFi Thermostat Elektrisch TWIN Technologie;81.9;81.9;False;0.0;True;boolean;Sofort versandfertig, Lieferzeit 48h;2;1000;https://www.jws-store.de/heiztechnik/elektrische-fussbodenheizungen/elektrische-fussbodenheizung-150watt-wifi-thermostat-elektrisch-twin-technologie_5030_5025;https://cdn03.plentyone.com/iidhyn1xr43q/item/images/5030/full/Fussbodenheizung-3-Thermostate2-pxo.jpg;Heiztechnik > Elektrische Fußbodenheizungen;JWS;False;1;2026-09-16T11:54:57+00:00
5030;Elektrische Fußbodenheizung 150Watt WiFi Thermostat Elektrisch TWIN Technologie;29.9;29.9;False;0.0;True;boolean;Sofort versandfertig, Lieferzeit 48h;2;1000;https://www.jws-store.de/heiztechnik/elektrische-fussbodenheizungen/elektrische-fussbodenheizung-150watt-wifi-thermostat-elektrisch-twin-technologie_5030_4706;https://cdn03.plentyone.com/iidhyn1xr43q/item/images/5030/full/Fussbodenheizung-3-Thermostate2-pxo.jpg;Heiztechnik > Elektrische Fußbodenheizungen;JWS;False;1;2026-09-16T11:54:57+00:00
5215_530;Elektrische Fußbodenheizung 150Watt WiFi Thermostat Elektrisch TWIN Technologie;239.9;239.9;False;0.0;True;boolean;Sofort versandfertig, Lieferzeit 48h;2;1000;https://www.jws-store.de/heiztechnik/elektrische-fussbodenheizungen/elektrische-fussbodenheizung-150watt-wifi-thermostat-elektrisch-twin-technologie_5030_4754;https://cdn03.plentyone.com/iidhyn1xr43q/item/images/5030/full/Fussbodenheizung-3-Thermostate2-pxo.jpg;Heiztechnik > Elektrische Fußbodenheizungen;JWS;False;1;2026-09-16T11:54:57+00:00
5215_540;Elektrische Fußbodenheizung 150Watt WiFi Thermostat Elektrisch TWIN Technologie;239.9;239.9;False;0.0;True;boolean;Sofort versandfertig, Lieferzeit 48h;2;1000;https://www.jws-store.de/heiztechnik/elektrische-fussbodenheizungen/elektrische-fussbodenheizung-150watt-wifi-thermostat-elektrisch-twin-technologie_5030_4770;https://cdn03.plentyone.com/iidhyn1xr43q/item/images/5030/full/Fussbodenheizung-3-Thermostate2-pxo.jpg;Heiztechnik > Elektrische Fußbodenheizungen;JWS;False;1;2026-09-16T11:54:57+00:00
5215_;Elektrische Fußbodenheizung 150Watt WiFi Thermostat Elektrisch TWIN Technologie;169.9;169.9;False;0.0;True;boolean;Sofort versandfertig, Lieferzeit 48h;2;1000;https://www.jws-store.de/heiztechnik/elektrische-fussbodenheizungen/elektrische-fussbodenheizung-150watt-wifi-thermostat-elektrisch-twin-technologie_5030_4786;https://cdn03.plentyone.com/iidhyn1xr43q/item/images/5030/full/Fussbodenheizung-3-Thermostate2-pxo.jpg;Heiztechnik > Elektrische Fußbodenheizungen;JWS;False;1;2026-09-16T11:54:57+00:00
5110_133.;Elektrische Fußbodenheizung 150Watt WiFi Thermostat Elektrisch TWIN Technologie;74.9;74.9;False;0.0;True;boolean;Sofort versandfertig, Lieferzeit 48h;2;1000;https://www.jws-store.de/heiztechnik/elektrische-fussbodenheizungen/elektrische-fussbodenheizung-150watt-wifi-thermostat-elektrisch-twin-technologie_5030_5023;https://cdn03.plentyone.com/iidhyn1xr43q/item/images/5030/full/Fussbodenheizung-3-Thermostate2-pxo.jpg;Heiztechnik > Elektrische Fußbodenheizungen;JWS;False;1;2026-09-16T11:54:57+00:00
5180_530;Elektrische Fußbodenheizung 150Watt WiFi Thermostat Elektrisch TWIN Technologie;158.9;158.9;False;0.0;True;boolean;Sofort versandfertig, Lieferzeit 48h;2;1000;https://www.jws-store.de/heiztechnik/elektrische-fussbodenheizungen/elektrische-fussbodenheizung-150watt-wifi-thermostat-elektrisch-twin-technologie_5030_4749;https://cdn03.plentyone.com/iidhyn1xr43q/item/images/5030/full/Fussbodenheizung-3-Thermostate2-pxo.jpg;Heiztechnik > Elektrische Fußbodenheizungen;JWS;False;1;2026-09-16T11:54:57+00:00
5180_540;Elektrische Fußbodenheizung 150Watt WiFi Thermostat Elektrisch TWIN Technologie;158.9;158.9;False;0.0;True;boolean;Sofort versandfertig, Lieferzeit 48h;2;1000;https://www.jws-store.de/heiztechnik/elektrische-fussbodenheizungen/elektrische-fussbodenheizung-150watt-wifi-thermostat-elektrisch-twin-technologie_5030_4765;https://cdn03.plentyone.com/iidhyn1xr43q/item/images/5030/full/Fussbodenheizung-3-Thermostate2-pxo.jpg;Heiztechnik > Elektrische Fußbodenheizungen;JWS;False;1;2026-09-16T11:54:57+00:00
5180_;Elektrische Fußbodenheizung 150Watt WiFi Thermostat Elektrisch TWIN Technologie;88.9;88.9;False;0.0;True;boolean;Sofort versandfertig, Lieferzeit 48h;2;1000;https://www.jws-store.de/heiztechnik/elektrische-fussbodenheizungen/elektrische-fussbodenheizung-150watt-wifi-thermostat-elektrisch-twin-technologie_5030_4781;https://cdn03.plentyone.com/iidhyn1xr43q/item/images/5030/full/Fussbodenheizung-3-Thermostate2-pxo.jpg;Heiztechnik > Elektrische Fußbodenheizungen;JWS;False;1;2026-09-16T11:54:57+00:00
5190_134;Elektrische Fußbodenheizung 150Watt WiFi Thermostat Elektrisch TWIN Technologie;134.9;134.9;False;0.0;True;boolean;Sofort versandfertig, Lieferzeit 48h;2;1000;https://www.jws-store.de/heiztechnik/elektrische-fussbodenheizungen/elektrische-fussbodenheizung-150watt-wifi-thermostat-elektrisch-twin-technologie_5030_5018;https://cdn03.plentyone.com/iidhyn1xr43q/item/images/5030/full/Fussbodenheizung-3-Thermostate2-pxo.jpg;Heiztechnik > Elektrische Fußbodenheizungen;JWS;False;1;2026-09-16T11:54:57+00:00
5210_133.;Elektrische Fußbodenheizung 150Watt WiFi Thermostat Elektrisch TWIN Technologie;166.9;166.9;False;0.0;True;boolean;Sofort versandfertig, Lieferzeit 48h;2;1000;https://www.jws-store.de/heiztechnik/elektrische-fussbodenheizungen/elektrische-fussbodenheizung-150watt-wifi-thermostat-elektrisch-twin-technologie_5030_5035;https://cdn03.plentyone.com/iidhyn1xr43q/item/images/5030/full/Fussbodenheizung-3-Thermostate2-pxo.jpg;Heiztechnik > Elektrische Fußbodenheizungen;JWS;False;1;2026-09-16T11:54:57+00:00
5135_530;Elektrische Fußbodenheizung 150Watt WiFi Thermostat Elektrisch TWIN Technologie;118.9;118.9;False;0.0;True;boolean;Sofort versandfertig, Lieferzeit 48h;2;1000;https://www.jws-store.de/heiztechnik/elektrische-fussbodenheizungen/elektrische-fussbodenheizung-150watt-wifi-thermostat-elektrisch-twin-technologie_5030_4744;https://cdn03.plentyone.com/iidhyn1xr43q/item/images/5030/full/Fussbodenheizung-3-Thermostate2-pxo.jpg;Heiztechnik > Elektrische Fußbodenheizungen;JWS;False;1;2026-09-16T11:54:57+00:00
5135_540;Elektrische Fußbodenheizung 150Watt WiFi Thermostat Elektrisch TWIN Technologie;118.9;118.9;False;0.0;True;boolean;Sofort versandfertig, Lieferzeit 48h;2;1000;https://www.jws-store.de/heiztechnik/elektrische-fussbodenheizungen/elektrische-fussbodenheizung-150watt-wifi-thermostat-elektrisch-twin-technologie_5030_4760;https://cdn03.plentyone.com/iidhyn1xr43q/item/images/5030/full/Fussbodenheizung-3-Thermostate2-pxo.jpg;Heiztechnik > Elektrische Fußbodenheizungen;JWS;False;1;2026-09-16T11:54:57+00:00
5135_;Elektrische Fußbodenheizung 150Watt WiFi Thermostat Elektrisch TWIN Technologie;48.9;48.9;False;0.0;True;boolean;Sofort versandfertig, Lieferzeit 48h;2;1000;https://www.jws-store.de/heiztechnik/elektrische-fussbodenheizungen/elektrische-fussbodenheizung-150watt-wifi-thermostat-elektrisch-twin-technologie_5030_4776;https://cdn03.plentyone.com/iidhyn1xr43q/item/images/5030/full/Fussbodenheizung-3-Thermostate2-pxo.jpg;Heiztechnik > Elektrische Fußbodenheizungen;JWS;False;1;2026-09-16T11:54:57+00:00
5140_134;Elektrische Fußbodenheizung 150Watt WiFi Thermostat Elektrisch TWIN Technologie;86.9;86.9;False;0.0;True;boolean;Sofort versandfertig, Lieferzeit 48h;2;1000;https://www.jws-store.de/heiztechnik/elektrische-fussbodenheizungen/elektrische-fussbodenheizung-150watt-wifi-thermostat-elektrisch-twin-technologie_5030_5013;https://cdn03.plentyone.com/iidhyn1xr43q/item/images/5030/full/Fussbodenheizung-3-Thermostate2-pxo.jpg;Heiztechnik > Elektrische Fußbodenheizungen;JWS;False;1;2026-09-16T11:54:57+00:00
5150_133.;Elektrische Fußbodenheizung 150Watt WiFi Thermostat Elektrisch TWIN Technologie;108.9;108.9;False;0.0;True;boolean;Sofort versandfertig, Lieferzeit 48h;2;1000;https://www.jws-store.de/heiztechnik/elektrische-fussbodenheizungen/elektrische-fussbodenheizung-150watt-wifi-thermostat-elektrisch-twin-technologie_5030_5030;https://cdn03.plentyone.com/iidhyn1xr43q/item/images/5030/full/Fussbodenheizung-3-Thermostate2-pxo.jpg;Heiztechnik > Elektrische Fußbodenheizungen;JWS;False;1;2026-09-16T11:54:57+00:00
5110_530;Elektrische Fußbodenheizung 150Watt WiFi Thermostat Elektrisch TWIN Technologie;99.9;99.9;False;0.0;True;boolean;Sofort versandfertig, Lieferzeit 48h;2;1000;https://www.jws-store.de/heiztechnik/elektrische-fussbodenheizungen/elektrische-fussbodenheizung-150watt-wifi-thermostat-elektrisch-twin-technologie_5030_4739;https://cdn03.plentyone.com/iidhyn1xr43q/item/images/5030/full/Fussbodenheizung-3-Thermostate2-pxo.jpg;Heiztechnik > Elektrische Fußbodenheizungen;JWS;False;1;2026-09-16T11:54:57+00:00
5110_540;Elektrische Fußbodenheizung 150Watt WiFi Thermostat Elektrisch TWIN Technologie;99.9;99.9;False;0.0;True;boolean;Sofort versandfertig, Lieferzeit 48h;2;1000;https://www.jws-store.de/heiztechnik/elektrische-fussbodenheizungen/elektrische-fussbodenheizung-150watt-wifi-thermostat-elektrisch-twin-technologie_5030_4755;https://cdn03.plentyone.com/iidhyn1xr43q/item/images/5030/full/Fussbodenheizung-3-Thermostate2-pxo.jpg;Heiztechnik > Elektrische Fußbodenheizungen;JWS;False;1;2026-09-16T11:54:57+00:00
5110_;Elektrische Fußbodenheizung 150Watt WiFi Thermostat Elektrisch TWIN Technologie;29.9;29.9;False;0.0;True;boolean;Sofort versandfertig, Lieferzeit 48h;2;1000;https://www.jws-store.de/heiztechnik/elektrische-fussbodenheizungen/elektrische-fussbodenheizung-150watt-wifi-thermostat-elektrisch-twin-technologie_5030_4771;https://cdn03.plentyone.com/iidhyn1xr43q/item/images/5030/full/Fussbodenheizung-3-Thermostate2-pxo.jpg;Heiztechnik > Elektrische Fußbodenheizungen;JWS;False;1;2026-09-16T11:54:57+00:00
5110_134;Elektrische Fußbodenheizung 150Watt WiFi Thermostat Elektrisch TWIN Technologie;64.9;64.9;False;0.0;True;boolean;Sofort versandfertig, Lieferzeit 48h;2;1000;https://www.jws-store.de/heiztechnik/elektrische-fussbodenheizungen/elektrische-fussbodenheizung-150watt-wifi-thermostat-elektrisch-twin-technologie_5030_5007;https://cdn03.plentyone.com/iidhyn1xr43q/item/images/5030/full/Fussbodenheizung-3-Thermostate2-pxo.jpg;Heiztechnik > Elektrische Fußbodenheizungen;JWS;False;1;2026-09-16T11:54:57+00:00
5115_133.;Elektrische Fußbodenheizung 150Watt WiFi Thermostat Elektrisch TWIN Technologie;77.9;77.9;False;0.0;True;boolean;Sofort versandfertig, Lieferzeit 48h;2;1000;https://www.jws-store.de/heiztechnik/elektrische-fussbodenheizungen/elektrische-fussbodenheizung-150watt-wifi-thermostat-elektrisch-twin-technologie_5030_5024;https://cdn03.plentyone.com/iidhyn1xr43q/item/images/5030/full/Fussbodenheizung-3-Thermostate2-pxo.jpg;Heiztechnik > Elektrische Fußbodenheizungen;JWS;False;1;2026-09-16T11:54:57+00:00
5190_530;Elektrische Fußbodenheizung 150Watt WiFi Thermostat Elektrisch TWIN Technologie;169.9;169.9;False;0.0;True;boolean;Sofort versandfertig, Lieferzeit 48h;2;1000;https://www.jws-store.de/heiztechnik/elektrische-fussbodenheizungen/elektrische-fussbodenheizung-150watt-wifi-thermostat-elektrisch-twin-technologie_5030_4750;https://cdn03.plentyone.com/iidhyn1xr43q/item/images/5030/full/Fussbodenheizung-3-Thermostate2-pxo.jpg;Heiztechnik > Elektrische Fußbodenheizungen;JWS;False;1;2026-09-16T11:54:57+00:00
5190_540;Elektrische Fußbodenheizung 150Watt WiFi Thermostat Elektrisch TWIN Technologie;169.9;169.9;False;0.0;True;boolean;Sofort versandfertig, Lieferzeit 48h;2;1000;https://www.jws-store.de/heiztechnik/elektrische-fussbodenheizungen/elektrische-fussbodenheizung-150watt-wifi-thermostat-elektrisch-twin-technologie_5030_4766;https://cdn03.plentyone.com/iidhyn1xr43q/item/images/5030/full/Fussbodenheizung-3-Thermostate2-pxo.jpg;Heiztechnik > Elektrische Fußbodenheizungen;JWS;False;1;2026-09-16T11:54:57+00:00
5190_;Elektrische Fußbodenheizung 150Watt WiFi Thermostat Elektrisch TWIN Technologie;99.9;99.9;False;0.0;True;boolean;Sofort versandfertig, Lieferzeit 48h;2;1000;https://www.jws-store.de/heiztechnik/elektrische-fussbodenheizungen/elektrische-fussbodenheizung-150watt-wifi-thermostat-elektrisch-twin-technologie_5030_4782;https://cdn03.plentyone.com/iidhyn1xr43q/item/images/5030/full/Fussbodenheizung-3-Thermostate2-pxo.jpg;Heiztechnik > Elektrische Fußbodenheizungen;JWS;False;1;2026-09-16T11:54:57+00:00
5210_134;Elektrische Fußbodenheizung 150Watt WiFi Thermostat Elektrisch TWIN Technologie;156.9;156.9;False;0.0;True;boolean;Sofort versandfertig, Lieferzeit 48h;2;1000;https://www.jws-store.de/heiztechnik/elektrische-fussbodenheizungen/elektrische-fussbodenheizung-150watt-wifi-thermostat-elektrisch-twin-technologie_5030_5019;https://cdn03.plentyone.com/iidhyn1xr43q/item/images/5030/full/Fussbodenheizung-3-Thermostate2-pxo.jpg;Heiztechnik > Elektrische Fußbodenheizungen;JWS;False;1;2026-09-16T11:54:57+00:00
5211_133.;Elektrische Fußbodenheizung 150Watt WiFi Thermostat Elektrisch TWIN Technologie;173.9;173.9;False;0.0;True;boolean;Sofort versandfertig, Lieferzeit 48h;2;1000;https://www.jws-store.de/heiztechnik/elektrische-fussbodenheizungen/elektrische-fussbodenheizung-150watt-wifi-thermostat-elektrisch-twin-technologie_5030_5036;https://cdn03.plentyone.com/iidhyn1xr43q/item/images/5030/full/Fussbodenheizung-3-Thermostate2-pxo.jpg;Heiztechnik > Elektrische Fußbodenheizungen;JWS;False;1;2026-09-16T11:54:57+00:00
5140_530;Elektrische Fußbodenheizung 150Watt WiFi Thermostat Elektrisch TWIN Technologie;121.9;121.9;False;0.0;True;boolean;Sofort versandfertig, Lieferzeit 48h;2;1000;https://www.jws-store.de/heiztechnik/elektrische-fussbodenheizungen/elektrische-fussbodenheizung-150watt-wifi-thermostat-elektrisch-twin-technologie_5030_4745;https://cdn03.plentyone.com/iidhyn1xr43q/item/images/5030/full/Fussbodenheizung-3-Thermostate2-pxo.jpg;Heiztechnik > Elektrische Fußbodenheizungen;JWS;False;1;2026-09-16T11:54:57+00:00
5140_540;Elektrische Fußbodenheizung 150Watt WiFi Thermostat Elektrisch TWIN Technologie;121.9;121.9;False;0.0;True;boolean;Sofort versandfertig, Lieferzeit 48h;2;1000;https://www.jws-store.de/heiztechnik/elektrische-fussbodenheizungen/elektrische-fussbodenheizung-150watt-wifi-thermostat-elektrisch-twin-technologie_5030_4761;https://cdn03.plentyone.com/iidhyn1xr43q/item/images/5030/full/Fussbodenheizung-3-Thermostate2-pxo.jpg;Heiztechnik > Elektrische Fußbodenheizungen;JWS;False;1;2026-09-16T11:54:57+00:00
5140_;Elektrische Fußbodenheizung 150Watt WiFi Thermostat Elektrisch TWIN Technologie;51.9;51.9;False;0.0;True;boolean;Sofort versandfertig, Lieferzeit 48h;2;1000;https://www.jws-store.de/heiztechnik/elektrische-fussbodenheizungen/elektrische-fussbodenheizung-150watt-wifi-thermostat-elektrisch-twin-technologie_5030_4777;https://cdn03.plentyone.com/iidhyn1xr43q/item/images/5030/full/Fussbodenheizung-3-Thermostate2-pxo.jpg;Heiztechnik > Elektrische Fußbodenheizungen;JWS;False;1;2026-09-16T11:54:57+00:00
5150_134;Elektrische Fußbodenheizung 150Watt WiFi Thermostat Elektrisch TWIN Technologie;98.9;98.9;False;0.0;True;boolean;Sofort versandfertig, Lieferzeit 48h;2;1000;https://www.jws-store.de/heiztechnik/elektrische-fussbodenheizungen/elektrische-fussbodenheizung-150watt-wifi-thermostat-elektrisch-twin-technologie_5030_5014;https://cdn03.plentyone.com/iidhyn1xr43q/item/images/5030/full/Fussbodenheizung-3-Thermostate2-pxo.jpg;Heiztechnik > Elektrische Fußbodenheizungen;JWS;False;1;2026-09-16T11:54:57+00:00
5160_133.;Elektrische Fußbodenheizung 150Watt WiFi Thermostat Elektrisch TWIN Technologie;114.9;114.9;False;0.0;True;boolean;Sofort versandfertig, Lieferzeit 48h;2;1000;https://www.jws-store.de/heiztechnik/elektrische-fussbodenheizungen/elektrische-fussbodenheizung-150watt-wifi-thermostat-elektrisch-twin-technologie_5030_5031;https://cdn03.plentyone.com/iidhyn1xr43q/item/images/5030/full/Fussbodenheizung-3-Thermostate2-pxo.jpg;Heiztechnik > Elektrische Fußbodenheizungen;JWS;False;1;2026-09-16T11:54:57+00:00
5115_530;Elektrische Fußbodenheizung 150Watt WiFi Thermostat Elektrisch TWIN Technologie;102.9;132.9;True;22.57;True;boolean;Sofort versandfertig, Lieferzeit 48h;2;1000;https://www.jws-store.de/heiztechnik/elektrische-fussbodenheizungen/elektrische-fussbodenheizung-150watt-wifi-thermostat-elektrisch-twin-technologie_5030_4740;https://cdn03.plentyone.com/iidhyn1xr43q/item/images/5030/full/Fussbodenheizung-3-Thermostate2-pxo.jpg;Heiztechnik > Elektrische Fußbodenheizungen;JWS;False;1;2026-09-16T11:54:57+00:00
5115_540;Elektrische Fußbodenheizung 150Watt WiFi Thermostat Elektrisch TWIN Technologie;102.9;102.9;False;0.0;True;boolean;Sofort versandfertig, Lieferzeit 48h;2;1000;https://www.jws-store.de/heiztechnik/elektrische-fussbodenheizungen/elektrische-fussbodenheizung-150watt-wifi-thermostat-elektrisch-twin-technologie_5030_4756;https://cdn03.plentyone.com/iidhyn1xr43q/item/images/5030/full/Fussbodenheizung-3-Thermostate2-pxo.jpg;Heiztechnik > Elektrische Fußbodenheizungen;JWS;False;1;2026-09-16T11:54:57+00:00
5115_;Elektrische Fußbodenheizung 150Watt WiFi Thermostat Elektrisch TWIN Technologie;32.9;32.9;False;0.0;True;boolean;Sofort versandfertig, Lieferzeit 48h;2;1000;https://www.jws-store.de/heiztechnik/elektrische-fussbodenheizungen/elektrische-fussbodenheizung-150watt-wifi-thermostat-elektrisch-twin-technologie_5030_4772;https://cdn03.plentyone.com/iidhyn1xr43q/item/images/5030/full/Fussbodenheizung-3-Thermostate2-pxo.jpg;Heiztechnik > Elektrische Fußbodenheizungen;JWS;False;1;2026-09-16T11:54:57+00:00
5115_134;Elektrische Fußbodenheizung 150Watt WiFi Thermostat Elektrisch TWIN Technologie;67.9;67.9;False;0.0;True;boolean;Sofort versandfertig, Lieferzeit 48h;2;1000;https://www.jws-store.de/heiztechnik/elektrische-fussbodenheizungen/elektrische-fussbodenheizung-150watt-wifi-thermostat-elektrisch-twin-technologie_5030_5008;https://cdn03.plentyone.com/iidhyn1xr43q/item/images/5030/full/Fussbodenheizung-3-Thermostate2-pxo.jpg;Heiztechnik > Elektrische Fußbodenheizungen;JWS;False;1;2026-09-16T11:54:57+00:00
5125_133.;Elektrische Fußbodenheizung 150Watt WiFi Thermostat Elektrisch TWIN Technologie;86.9;86.9;False;0.0;True;boolean;Sofort versandfertig, Lieferzeit 48h;2;1000;https://www.jws-store.de/heiztechnik/elektrische-fussbodenheizungen/elektrische-fussbodenheizung-150watt-wifi-thermostat-elektrisch-twin-technologie_5030_5026;https://cdn03.plentyone.com/iidhyn1xr43q/item/images/5030/full/Fussbodenheizung-3-Thermostate2-pxo.jpg;Heiztechnik > Elektrische Fußbodenheizungen;JWS;False;1;2026-09-16T11:54:57+00:00
5210_530;Elektrische Fußbodenheizung 150Watt WiFi Thermostat Elektrisch TWIN Technologie;191.9;191.9;False;0.0;True;boolean;Sofort versandfertig, Lieferzeit 48h;2;1000;https://www.jws-store.de/heiztechnik/elektrische-fussbodenheizungen/elektrische-fussbodenheizung-150watt-wifi-thermostat-elektrisch-twin-technologie_5030_4751;https://cdn03.plentyone.com/iidhyn1xr43q/item/images/5030/full/Fussbodenheizung-3-Thermostate2-pxo.jpg;Heiztechnik > Elektrische Fußbodenheizungen;JWS;False;1;2026-09-16T11:54:57+00:00
5210_540;Elektrische Fußbodenheizung 150Watt WiFi Thermostat Elektrisch TWIN Technologie;191.9;191.9;False;0.0;True;boolean;Sofort versandfertig, Lieferzeit 48h;2;1000;https://www.jws-store.de/heiztechnik/elektrische-fussbodenheizungen/elektrische-fussbodenheizung-150watt-wifi-thermostat-elektrisch-twin-technologie_5030_4767;https://cdn03.plentyone.com/iidhyn1xr43q/item/images/5030/full/Fussbodenheizung-3-Thermostate2-pxo.jpg;Heiztechnik > Elektrische Fußbodenheizungen;JWS;False;1;2026-09-16T11:54:57+00:00
5210_;Elektrische Fußbodenheizung 150Watt WiFi Thermostat Elektrisch TWIN Technologie;121.9;121.9;False;0.0;True;boolean;Sofort versandfertig, Lieferzeit 48h;2;1000;https://www.jws-store.de/heiztechnik/elektrische-fussbodenheizungen/elektrische-fussbodenheizung-150watt-wifi-thermostat-elektrisch-twin-technologie_5030_4783;https://cdn03.plentyone.com/iidhyn1xr43q/item/images/5030/full/Fussbodenheizung-3-Thermostate2-pxo.jpg;Heiztechnik > Elektrische Fußbodenheizungen;JWS;False;1;2026-09-16T11:54:57+00:00
5211_134;Elektrische Fußbodenheizung 150Watt WiFi Thermostat Elektrisch TWIN Technologie;163.9;163.9;False;0.0;True;boolean;Sofort versandfertig, Lieferzeit 48h;2;1000;https://www.jws-store.de/heiztechnik/elektrische-fussbodenheizungen/elektrische-fussbodenheizung-150watt-wifi-thermostat-elektrisch-twin-technologie_5030_5020;https://cdn03.plentyone.com/iidhyn1xr43q/item/images/5030/full/Fussbodenheizung-3-Thermostate2-pxo.jpg;Heiztechnik > Elektrische Fußbodenheizungen;JWS;False;1;2026-09-16T11:54:57+00:00
5212_133.;Elektrische Fußbodenheizung 150Watt WiFi Thermostat Elektrisch TWIN Technologie;181.9;181.9;False;0.0;True;boolean;Sofort versandfertig, Lieferzeit 48h;2;1000;https://www.jws-store.de/heiztechnik/elektrische-fussbodenheizungen/elektrische-fussbodenheizung-150watt-wifi-thermostat-elektrisch-twin-technologie_5030_5037;https://cdn03.plentyone.com/iidhyn1xr43q/item/images/5030/full/Fussbodenheizung-3-Thermostate2-pxo.jpg;Heiztechnik > Elektrische Fußbodenheizungen;JWS;False;1;2026-09-16T11:54:57+00:00
5150_530;Elektrische Fußbodenheizung 150Watt WiFi Thermostat Elektrisch TWIN Technologie;133.9;133.9;False;0.0;True;boolean;Sofort versandfertig, Lieferzeit 48h;2;1000;https://www.jws-store.de/heiztechnik/elektrische-fussbodenheizungen/elektrische-fussbodenheizung-150watt-wifi-thermostat-elektrisch-twin-technologie_5030_4746;https://cdn03.plentyone.com/iidhyn1xr43q/item/images/5030/full/Fussbodenheizung-3-Thermostate2-pxo.jpg;Heiztechnik > Elektrische Fußbodenheizungen;JWS;False;1;2026-09-16T11:54:57+00:00
5150_540;Elektrische Fußbodenheizung 150Watt WiFi Thermostat Elektrisch TWIN Technologie;133.9;133.9;False;0.0;True;boolean;Sofort versandfertig, Lieferzeit 48h;2;1000;https://www.jws-store.de/heiztechnik/elektrische-fussbodenheizungen/elektrische-fussbodenheizung-150watt-wifi-thermostat-elektrisch-twin-technologie_5030_4762;https://cdn03.plentyone.com/iidhyn1xr43q/item/images/5030/full/Fussbodenheizung-3-Thermostate2-pxo.jpg;Heiztechnik > Elektrische Fußbodenheizungen;JWS;False;1;2026-09-16T11:54:57+00:00
5150_;Elektrische Fußbodenheizung 150Watt WiFi Thermostat Elektrisch TWIN Technologie;63.9;63.9;False;0.0;True;boolean;Sofort versandfertig, Lieferzeit 48h;2;1000;https://www.jws-store.de/heiztechnik/elektrische-fussbodenheizungen/elektrische-fussbodenheizung-150watt-wifi-thermostat-elektrisch-twin-technologie_5030_4778;https://cdn03.plentyone.com/iidhyn1xr43q/item/images/5030/full/Fussbodenheizung-3-Thermostate2-pxo.jpg;Heiztechnik > Elektrische Fußbodenheizungen;JWS;False;1;2026-09-16T11:54:57+00:00
5160_134;Elektrische Fußbodenheizung 150Watt WiFi Thermostat Elektrisch TWIN Technologie;104.9;104.9;False;0.0;True;boolean;Sofort versandfertig, Lieferzeit 48h;2;1000;https://www.jws-store.de/heiztechnik/elektrische-fussbodenheizungen/elektrische-fussbodenheizung-150watt-wifi-thermostat-elektrisch-twin-technologie_5030_5015;https://cdn03.plentyone.com/iidhyn1xr43q/item/images/5030/full/Fussbodenheizung-3-Thermostate2-pxo.jpg;Heiztechnik > Elektrische Fußbodenheizungen;JWS;False;1;2026-09-16T11:54:57+00:00
5170_133.;Elektrische Fußbodenheizung 150Watt WiFi Thermostat Elektrisch TWIN Technologie;121.9;121.9;False;0.0;True;boolean;Sofort versandfertig, Lieferzeit 48h;2;1000;https://www.jws-store.de/heiztechnik/elektrische-fussbodenheizungen/elektrische-fussbodenheizung-150watt-wifi-thermostat-elektrisch-twin-technologie_5030_5032;https://cdn03.plentyone.com/iidhyn1xr43q/item/images/5030/full/Fussbodenheizung-3-Thermostate2-pxo.jpg;Heiztechnik > Elektrische Fußbodenheizungen;JWS;False;1;2026-09-16T11:54:57+00:00
5120_530;Elektrische Fußbodenheizung 150Watt WiFi Thermostat Elektrisch TWIN Technologie;106.9;106.9;False;0.0;True;boolean;Sofort versandfertig, Lieferzeit 48h;2;1000;https://www.jws-store.de/heiztechnik/elektrische-fussbodenheizungen/elektrische-fussbodenheizung-150watt-wifi-thermostat-elektrisch-twin-technologie_5030_4741;https://cdn03.plentyone.com/iidhyn1xr43q/item/images/5030/full/Fussbodenheizung-3-Thermostate2-pxo.jpg;Heiztechnik > Elektrische Fußbodenheizungen;JWS;False;1;2026-09-16T11:54:57+00:00
5120_540;Elektrische Fußbodenheizung 150Watt WiFi Thermostat Elektrisch TWIN Technologie;106.9;106.9;False;0.0;True;boolean;Sofort versandfertig, Lieferzeit 48h;2;1000;https://www.jws-store.de/heiztechnik/elektrische-fussbodenheizungen/elektrische-fussbodenheizung-150watt-wifi-thermostat-elektrisch-twin-technologie_5030_4757;https://cdn03.plentyone.com/iidhyn1xr43q/item/images/5030/full/Fussbodenheizung-3-Thermostate2-pxo.jpg;Heiztechnik > Elektrische Fußbodenheizungen;JWS;False;1;2026-09-16T11:54:57+00:00
5120_;Elektrische Fußbodenheizung 150Watt WiFi Thermostat Elektrisch TWIN Technologie;36.9;36.9;False;0.0;True;boolean;Sofort versandfertig, Lieferzeit 48h;2;1000;https://www.jws-store.de/heiztechnik/elektrische-fussbodenheizungen/elektrische-fussbodenheizung-150watt-wifi-thermostat-elektrisch-twin-technologie_5030_4773;https://cdn03.plentyone.com/iidhyn1xr43q/item/images/5030/full/Fussbodenheizung-3-Thermostate2-pxo.jpg;Heiztechnik > Elektrische Fußbodenheizungen;JWS;False;1;2026-09-16T11:54:57+00:00
5125_134;Elektrische Fußbodenheizung 150Watt WiFi Thermostat Elektrisch TWIN Technologie;76.9;76.9;False;0.0;True;boolean;Sofort versandfertig, Lieferzeit 48h;2;1000;https://www.jws-store.de/heiztechnik/elektrische-fussbodenheizungen/elektrische-fussbodenheizung-150watt-wifi-thermostat-elektrisch-twin-technologie_5030_5010;https://cdn03.plentyone.com/iidhyn1xr43q/item/images/5030/full/Fussbodenheizung-3-Thermostate2-pxo.jpg;Heiztechnik > Elektrische Fußbodenheizungen;JWS;False;1;2026-09-16T11:54:57+00:00
5130_133.;Elektrische Fußbodenheizung 150Watt WiFi Thermostat Elektrisch TWIN Technologie;91.9;91.9;False;0.0;True;boolean;Sofort versandfertig, Lieferzeit 48h;2;1000;https://www.jws-store.de/heiztechnik/elektrische-fussbodenheizungen/elektrische-fussbodenheizung-150watt-wifi-thermostat-elektrisch-twin-technologie_5030_5027;https://cdn03.plentyone.com/iidhyn1xr43q/item/images/5030/full/Fussbodenheizung-3-Thermostate2-pxo.jpg;Heiztechnik > Elektrische Fußbodenheizungen;JWS;False;1;2026-09-16T11:54:57+00:00
5211_530;Elektrische Fußbodenheizung 150Watt WiFi Thermostat Elektrisch TWIN Technologie;198.9;198.9;False;0.0;True;boolean;Sofort versandfertig, Lieferzeit 48h;2;1000;https://www.jws-store.de/heiztechnik/elektrische-fussbodenheizungen/elektrische-fussbodenheizung-150watt-wifi-thermostat-elektrisch-twin-technologie_5030_4752;https://cdn03.plentyone.com/iidhyn1xr43q/item/images/5030/full/Fussbodenheizung-3-Thermostate2-pxo.jpg;Heiztechnik > Elektrische Fußbodenheizungen;JWS;False;1;2026-09-16T11:54:57+00:00
5211_540;Elektrische Fußbodenheizung 150Watt WiFi Thermostat Elektrisch TWIN Technologie;198.9;198.9;False;0.0;True;boolean;Sofort versandfertig, Lieferzeit 48h;2;1000;https://www.jws-store.de/heiztechnik/elektrische-fussbodenheizungen/elektrische-fussbodenheizung-150watt-wifi-thermostat-elektrisch-twin-technologie_5030_4768;https://cdn03.plentyone.com/iidhyn1xr43q/item/images/5030/full/Fussbodenheizung-3-Thermostate2-pxo.jpg;Heiztechnik > Elektrische Fußbodenheizungen;JWS;False;1;2026-09-16T11:54:57+00:00
5211_;Elektrische Fußbodenheizung 150Watt WiFi Thermostat Elektrisch TWIN Technologie;128.9;128.9;False;0.0;True;boolean;Sofort versandfertig, Lieferzeit 48h;2;1000;https://www.jws-store.de/heiztechnik/elektrische-fussbodenheizungen/elektrische-fussbodenheizung-150watt-wifi-thermostat-elektrisch-twin-technologie_5030_4784;https://cdn03.plentyone.com/iidhyn1xr43q/item/images/5030/full/Fussbodenheizung-3-Thermostate2-pxo.jpg;Heiztechnik > Elektrische Fußbodenheizungen;JWS;False;1;2026-09-16T11:54:57+00:00
5212_134;Elektrische Fußbodenheizung 150Watt WiFi Thermostat Elektrisch TWIN Technologie;171.9;171.9;False;0.0;True;boolean;Sofort versandfertig, Lieferzeit 48h;2;1000;https://www.jws-store.de/heiztechnik/elektrische-fussbodenheizungen/elektrische-fussbodenheizung-150watt-wifi-thermostat-elektrisch-twin-technologie_5030_5021;https://cdn03.plentyone.com/iidhyn1xr43q/item/images/5030/full/Fussbodenheizung-3-Thermostate2-pxo.jpg;Heiztechnik > Elektrische Fußbodenheizungen;JWS;False;1;2026-09-16T11:54:57+00:00
5215_133.;Elektrische Fußbodenheizung 150Watt WiFi Thermostat Elektrisch TWIN Technologie;214.9;214.9;False;0.0;True;boolean;Sofort versandfertig, Lieferzeit 48h;2;1000;https://www.jws-store.de/heiztechnik/elektrische-fussbodenheizungen/elektrische-fussbodenheizung-150watt-wifi-thermostat-elektrisch-twin-technologie_5030_5038;https://cdn03.plentyone.com/iidhyn1xr43q/item/images/5030/full/Fussbodenheizung-3-Thermostate2-pxo.jpg;Heiztechnik > Elektrische Fußbodenheizungen;JWS;False;1;2026-09-16T11:54:57+00:00
5160_530;Elektrische Fußbodenheizung 150Watt WiFi Thermostat Elektrisch TWIN Technologie;139.9;139.9;False;0.0;True;boolean;Sofort versandfertig, Lieferzeit 48h;2;1000;https://www.jws-store.de/heiztechnik/elektrische-fussbodenheizungen/elektrische-fussbodenheizung-150watt-wifi-thermostat-elektrisch-twin-technologie_5030_4747;https://cdn03.plentyone.com/iidhyn1xr43q/item/images/5030/full/Fussbodenheizung-3-Thermostate2-pxo.jpg;Heiztechnik > Elektrische Fußbodenheizungen;JWS;False;1;2026-09-16T11:54:57+00:00
5160_540;Elektrische Fußbodenheizung 150Watt WiFi Thermostat Elektrisch TWIN Technologie;139.9;139.9;False;0.0;True;boolean;Sofort versandfertig, Lieferzeit 48h;2;1000;https://www.jws-store.de/heiztechnik/elektrische-fussbodenheizungen/elektrische-fussbodenheizung-150watt-wifi-thermostat-elektrisch-twin-technologie_5030_4763;https://cdn03.plentyone.com/iidhyn1xr43q/item/images/5030/full/Fussbodenheizung-3-Thermostate2-pxo.jpg;Heiztechnik > Elektrische Fußbodenheizungen;JWS;False;1;2026-09-16T11:54:57+00:00
5160_;Elektrische Fußbodenheizung 150Watt WiFi Thermostat Elektrisch TWIN Technologie;69.9;69.9;False;0.0;True;boolean;Sofort versandfertig, Lieferzeit 48h;2;1000;https://www.jws-store.de/heiztechnik/elektrische-fussbodenheizungen/elektrische-fussbodenheizung-150watt-wifi-thermostat-elektrisch-twin-technologie_5030_4779;https://cdn03.plentyone.com/iidhyn1xr43q/item/images/5030/full/Fussbodenheizung-3-Thermostate2-pxo.jpg;Heiztechnik > Elektrische Fußbodenheizungen;JWS;False;1;2026-09-16T11:54:57+00:00
5170_134;Elektrische Fußbodenheizung 150Watt WiFi Thermostat Elektrisch TWIN Technologie;111.9;111.9;False;0.0;True;boolean;Sofort versandfertig, Lieferzeit 48h;2;1000;https://www.jws-store.de/heiztechnik/elektrische-fussbodenheizungen/elektrische-fussbodenheizung-150watt-wifi-thermostat-elektrisch-twin-technologie_5030_5016;https://cdn03.plentyone.com/iidhyn1xr43q/item/images/5030/full/Fussbodenheizung-3-Thermostate2-pxo.jpg;Heiztechnik > Elektrische Fußbodenheizungen;JWS;False;1;2026-09-16T11:54:57+00:00
5180_133.;Elektrische Fußbodenheizung 150Watt WiFi Thermostat Elektrisch TWIN Technologie;133.9;133.9;False;0.0;True;boolean;Sofort versandfertig, Lieferzeit 48h;2;1000;https://www.jws-store.de/heiztechnik/elektrische-fussbodenheizungen/elektrische-fussbodenheizung-150watt-wifi-thermostat-elektrisch-twin-technologie_5030_5033;https://cdn03.plentyone.com/iidhyn1xr43q/item/images/5030/full/Fussbodenheizung-3-Thermostate2-pxo.jpg;Heiztechnik > Elektrische Fußbodenheizungen;JWS;False;1;2026-09-16T11:54:57+00:00
5150.;Elektrische Fußbodenheizung 150Watt je m² Elektrisch TWIN Technologie JWS verschiedene Größen;63.9;63.9;False;0.0;True;boolean;Sofort versandfertig, Lieferzeit 48h;2;1000;https://www.jws-store.de/elektrische-fussbodenheizung-150watt-je-m-elektrisch-twin-technologie-jws_5000_3654;https://cdn03.plentyone.com/iidhyn1xr43q/item/images/5000/full/Heizmatte-Fussbodenheizung.jpg;Heiztechnik > Elektrische Fußbodenheizungen;JWS;False;1;2026-09-16T11:54:57+00:00
5120.;Elektrische Fußbodenheizung 150Watt je m² Elektrisch TWIN Technologie JWS verschiedene Größen;36.9;36.9;False;0.0;True;boolean;Sofort versandfertig, Lieferzeit 48h;2;1000;https://www.jws-store.de/elektrische-fussbodenheizung-150watt-je-m-elektrisch-twin-technologie-jws_5000_3649;https://cdn03.plentyone.com/iidhyn1xr43q/item/images/5000/full/Heizmatte-Fussbodenheizung.jpg;Heiztechnik > Elektrische Fußbodenheizungen;JWS;False;1;2026-09-16T11:54:57+00:00
5211.;Elektrische Fußbodenheizung 150Watt je m² Elektrisch TWIN Technologie JWS verschiedene Größen;128.9;128.9;False;0.0;True;boolean;Sofort versandfertig, Lieferzeit 48h;2;1000;https://www.jws-store.de/elektrische-fussbodenheizung-150watt-je-m-elektrisch-twin-technologie-jws_5000_3660;https://cdn03.plentyone.com/iidhyn1xr43q/item/images/5000/full/Heizmatte-Fussbodenheizung.jpg;Heiztechnik > Elektrische Fußbodenheizungen;JWS;False;1;2026-09-16T11:54:57+00:00
5160.;Elektrische Fußbodenheizung 150Watt je m² Elektrisch TWIN Technologie JWS verschiedene Größen;69.9;69.9;False;0.0;True;boolean;Sofort versandfertig, Lieferzeit 48h;2;1000;https://www.jws-store.de/elektrische-fussbodenheizung-150watt-je-m-elektrisch-twin-technologie-jws_5000_3655;https://cdn03.plentyone.com/iidhyn1xr43q/item/images/5000/full/Heizmatte-Fussbodenheizung.jpg;Heiztechnik > Elektrische Fußbodenheizungen;JWS;False;1;2026-09-16T11:54:57+00:00
5125.;Elektrische Fußbodenheizung 150Watt je m² Elektrisch TWIN Technologie JWS verschiedene Größen;41.9;41.9;False;0.0;True;boolean;Sofort versandfertig, Lieferzeit 48h;2;1000;https://www.jws-store.de/elektrische-fussbodenheizung-150watt-je-m-elektrisch-twin-technologie-jws_5000_3650;https://cdn03.plentyone.com/iidhyn1xr43q/item/images/5000/full/Heizmatte-Fussbodenheizung.jpg;Heiztechnik > Elektrische Fußbodenheizungen;JWS;False;1;2026-09-16T11:54:57+00:00
5212.;Elektrische Fußbodenheizung 150Watt je m² Elektrisch TWIN Technologie JWS verschiedene Größen;136.9;136.9;False;0.0;True;boolean;Sofort versandfertig, Lieferzeit 48h;2;1000;https://www.jws-store.de/elektrische-fussbodenheizung-150watt-je-m-elektrisch-twin-technologie-jws_5000_3661;https://cdn03.plentyone.com/iidhyn1xr43q/item/images/5000/full/Heizmatte-Fussbodenheizung.jpg;Heiztechnik > Elektrische Fußbodenheizungen;JWS;False;1;2026-09-16T11:54:57+00:00
5170.;Elektrische Fußbodenheizung 150Watt je m² Elektrisch TWIN Technologie JWS verschiedene Größen;76.9;76.9;False;0.0;True;boolean;Sofort versandfertig, Lieferzeit 48h;2;1000;https://www.jws-store.de/elektrische-fussbodenheizung-150watt-je-m-elektrisch-twin-technologie-jws_5000_3656;https://cdn03.plentyone.com/iidhyn1xr43q/item/images/5000/full/Heizmatte-Fussbodenheizung.jpg;Heiztechnik > Elektrische Fußbodenheizungen;JWS;False;1;2026-09-16T11:54:57+00:00
5130.;Elektrische Fußbodenheizung 150Watt je m² Elektrisch TWIN Technologie JWS verschiedene Größen;46.9;46.9;False;0.0;True;boolean;Sofort versandfertig, Lieferzeit 48h;2;1000;https://www.jws-store.de/elektrische-fussbodenheizung-150watt-je-m-elektrisch-twin-technologie-jws_5000_3651;https://cdn03.plentyone.com/iidhyn1xr43q/item/images/5000/full/Heizmatte-Fussbodenheizung.jpg;Heiztechnik > Elektrische Fußbodenheizungen;JWS;False;1;2026-09-16T11:54:57+00:00
5000;Elektrische Fußbodenheizung 150Watt je m² Elektrisch TWIN Technologie JWS verschiedene Größen;29.9;29.9;False;0.0;True;boolean;Sofort versandfertig, Lieferzeit 48h;2;1000;https://www.jws-store.de/elektrische-fussbodenheizung-150watt-je-m-elektrisch-twin-technologie-jws_5000_3341;https://cdn03.plentyone.com/iidhyn1xr43q/item/images/5000/full/Heizmatte-Fussbodenheizung.jpg;Heiztechnik > Elektrische Fußbodenheizungen;JWS;False;1;2026-09-16T11:54:57+00:00
5215.;Elektrische Fußbodenheizung 150Watt je m² Elektrisch TWIN Technologie JWS verschiedene Größen;171.9;171.9;False;0.0;True;boolean;Sofort versandfertig, Lieferzeit 48h;2;1000;https://www.jws-store.de/elektrische-fussbodenheizung-150watt-je-m-elektrisch-twin-technologie-jws_5000_3662;https://cdn03.plentyone.com/iidhyn1xr43q/item/images/5000/full/Heizmatte-Fussbodenheizung.jpg;Heiztechnik > Elektrische Fußbodenheizungen;JWS;False;1;2026-09-16T11:54:57+00:00
5180.;Elektrische Fußbodenheizung 150Watt je m² Elektrisch TWIN Technologie JWS verschiedene Größen;88.9;88.9;False;0.0;True;boolean;Sofort versandfertig, Lieferzeit 48h;2;1000;https://www.jws-store.de/elektrische-fussbodenheizung-150watt-je-m-elektrisch-twin-technologie-jws_5000_3657;https://cdn03.plentyone.com/iidhyn1xr43q/item/images/5000/full/Heizmatte-Fussbodenheizung.jpg;Heiztechnik > Elektrische Fußbodenheizungen;JWS;False;1;2026-09-16T11:54:57+00:00
5135.;Elektrische Fußbodenheizung 150Watt je m² Elektrisch TWIN Technologie JWS verschiedene Größen;48.9;48.9;False;0.0;True;boolean;Sofort versandfertig, Lieferzeit 48h;2;1000;https://www.jws-store.de/elektrische-fussbodenheizung-150watt-je-m-elektrisch-twin-technologie-jws_5000_3652;https://cdn03.plentyone.com/iidhyn1xr43q/item/images/5000/full/Heizmatte-Fussbodenheizung.jpg;Heiztechnik > Elektrische Fußbodenheizungen;JWS;False;1;2026-09-16T11:54:57+00:00
5110.;Elektrische Fußbodenheizung 150Watt je m² Elektrisch TWIN Technologie JWS verschiedene Größen;29.9;29.9;False;0.0;True;boolean;Sofort versandfertig, Lieferzeit 48h;2;1000;https://www.jws-store.de/elektrische-fussbodenheizung-150watt-je-m-elektrisch-twin-technologie-jws_5000_3647;https://cdn03.plentyone.com/iidhyn1xr43q/item/images/5000/full/Heizmatte-Fussbodenheizung.jpg;Heiztechnik > Elektrische Fußbodenheizungen;JWS;False;1;2026-09-16T11:54:57+00:00
5190.;Elektrische Fußbodenheizung 150Watt je m² Elektrisch TWIN Technologie JWS verschiedene Größen;99.9;99.9;False;0.0;True;boolean;Sofort versandfertig, Lieferzeit 48h;2;1000;https://www.jws-store.de/elektrische-fussbodenheizung-150watt-je-m-elektrisch-twin-technologie-jws_5000_3658;https://cdn03.plentyone.com/iidhyn1xr43q/item/images/5000/full/Heizmatte-Fussbodenheizung.jpg;Heiztechnik > Elektrische Fußbodenheizungen;JWS;False;1;2026-09-16T11:54:57+00:00
5140.;Elektrische Fußbodenheizung 150Watt je m² Elektrisch TWIN Technologie JWS verschiedene Größen;51.9;51.9;False;0.0;True;boolean;Sofort versandfertig, Lieferzeit 48h;2;1000;https://www.jws-store.de/elektrische-fussbodenheizung-150watt-je-m-elektrisch-twin-technologie-jws_5000_3653;https://cdn03.plentyone.com/iidhyn1xr43q/item/images/5000/full/Heizmatte-Fussbodenheizung.jpg;Heiztechnik > Elektrische Fußbodenheizungen;JWS;False;1;2026-09-16T11:54:57+00:00
5115.;Elektrische Fußbodenheizung 150Watt je m² Elektrisch TWIN Technologie JWS verschiedene Größen;32.9;32.9;False;0.0;True;boolean;Sofort versandfertig, Lieferzeit 48h;2;1000;https://www.jws-store.de/elektrische-fussbodenheizung-150watt-je-m-elektrisch-twin-technologie-jws_5000_3648;https://cdn03.plentyone.com/iidhyn1xr43q/item/images/5000/full/Heizmatte-Fussbodenheizung.jpg;Heiztechnik > Elektrische Fußbodenheizungen;JWS;False;1;2026-09-16T11:54:57+00:00
5210.;Elektrische Fußbodenheizung 150Watt je m² Elektrisch TWIN Technologie JWS verschiedene Größen;121.9;121.9;False;0.0;True;boolean;Sofort versandfertig, Lieferzeit 48h;2;1000;https://www.jws-store.de/elektrische-fussbodenheizung-150watt-je-m-elektrisch-twin-technologie-jws_5000_3659;https://cdn03.plentyone.com/iidhyn1xr43q/item/images/5000/full/Heizmatte-Fussbodenheizung.jpg;Heiztechnik > Elektrische Fußbodenheizungen;JWS;False;1;2026-09-16T11:54:57+00:00
5130_132;Elektrische Fußbodenheizung 150Watt je m² Thermostat Touch schwarz Elektrisch TWIN Technologie JWS verschiedene Größen;77.9;77.9;False;0.0;True;boolean;Sofort versandfertig, Lieferzeit 48h;2;1000;https://www.jws-store.de/elektrische-fussbodenheizung-150watt-je-m-thermostat-touch-schwarz-elektrisch-twin-technologie-jws_5003_3397;https://cdn03.plentyone.com/iidhyn1xr43q/item/images/5003/full/Fussbodenheizung-thermostat-schwarz.jpg;Heiztechnik > Elektrische Fußbodenheizungen;JWS;False;1;2026-09-16T11:54:57+00:00
5003;Elektrische Fußbodenheizung 150Watt je m² Thermostat Touch schwarz Elektrisch TWIN Technologie JWS verschiedene Größen;57.9;57.9;False;0.0;True;boolean;Sofort versandfertig, Lieferzeit 48h;2;1000;https://www.jws-store.de/elektrische-fussbodenheizung-150watt-je-m-thermostat-touch-schwarz-elektrisch-twin-technologie-jws_5003_3344;https://cdn03.plentyone.com/iidhyn1xr43q/item/images/5003/full/Fussbodenheizung-thermostat-schwarz.jpg;Heiztechnik > Elektrische Fußbodenheizungen;JWS;False;1;2026-09-16T11:54:57+00:00
5215_132;Elektrische Fußbodenheizung 150Watt je m² Thermostat Touch schwarz Elektrisch TWIN Technologie JWS verschiedene Größen;202.9;202.9;False;0.0;True;boolean;Sofort versandfertig, Lieferzeit 48h;2;1000;https://www.jws-store.de/elektrische-fussbodenheizung-150watt-je-m-thermostat-touch-schwarz-elektrisch-twin-technologie-jws_5003_3408;https://cdn03.plentyone.com/iidhyn1xr43q/item/images/5003/full/Fussbodenheizung-thermostat-schwarz.jpg;Heiztechnik > Elektrische Fußbodenheizungen;JWS;False;1;2026-09-16T11:54:57+00:00
5180_132;Elektrische Fußbodenheizung 150Watt je m² Thermostat Touch schwarz Elektrisch TWIN Technologie JWS verschiedene Größen;119.9;119.9;False;0.0;True;boolean;Sofort versandfertig, Lieferzeit 48h;2;1000;https://www.jws-store.de/elektrische-fussbodenheizung-150watt-je-m-thermostat-touch-schwarz-elektrisch-twin-technologie-jws_5003_3403;https://cdn03.plentyone.com/iidhyn1xr43q/item/images/5003/full/Fussbodenheizung-thermostat-schwarz.jpg;Heiztechnik > Elektrische Fußbodenheizungen;JWS;False;1;2026-09-16T11:54:57+00:00
5135_132;Elektrische Fußbodenheizung 150Watt je m² Thermostat Touch schwarz Elektrisch TWIN Technologie JWS verschiedene Größen;79.9;79.9;False;0.0;True;boolean;Sofort versandfertig, Lieferzeit 48h;2;1000;https://www.jws-store.de/elektrische-fussbodenheizung-150watt-je-m-thermostat-touch-schwarz-elektrisch-twin-technologie-jws_5003_3398;https://cdn03.plentyone.com/iidhyn1xr43q/item/images/5003/full/Fussbodenheizung-thermostat-schwarz.jpg;Heiztechnik > Elektrische Fußbodenheizungen;JWS;False;1;2026-09-16T11:54:57+00:00
5110_132;Elektrische Fußbodenheizung 150Watt je m² Thermostat Touch schwarz Elektrisch TWIN Technologie JWS verschiedene Größen;60.9;60.9;False;0.0;True;boolean;Sofort versandfertig, Lieferzeit 48h;2;1000;https://www.jws-store.de/elektrische-fussbodenheizung-150watt-je-m-thermostat-touch-schwarz-elektrisch-twin-technologie-jws_5003_3393;https://cdn03.plentyone.com/iidhyn1xr43q/item/images/5003/full/Fussbodenheizung-thermostat-schwarz.jpg;Heiztechnik > Elektrische Fußbodenheizungen;JWS;False;1;2026-09-16T11:54:57+00:00
5190_132;Elektrische Fußbodenheizung 150Watt je m² Thermostat Touch schwarz Elektrisch TWIN Technologie JWS verschiedene Größen;130.9;130.9;False;0.0;True;boolean;Sofort versandfertig, Lieferzeit 48h;2;1000;https://www.jws-store.de/elektrische-fussbodenheizung-150watt-je-m-thermostat-touch-schwarz-elektrisch-twin-technologie-jws_5003_3404;https://cdn03.plentyone.com/iidhyn1xr43q/item/images/5003/full/Fussbodenheizung-thermostat-schwarz.jpg;Heiztechnik > Elektrische Fußbodenheizungen;JWS;False;1;2026-09-16T11:54:57+00:00
5140_132;Elektrische Fußbodenheizung 150Watt je m² Thermostat Touch schwarz Elektrisch TWIN Technologie JWS verschiedene Größen;82.9;82.9;False;0.0;True;boolean;Sofort versandfertig, Lieferzeit 48h;2;1000;https://www.jws-store.de/elektrische-fussbodenheizung-150watt-je-m-thermostat-touch-schwarz-elektrisch-twin-technologie-jws_5003_3399;https://cdn03.plentyone.com/iidhyn1xr43q/item/images/5003/full/Fussbodenheizung-thermostat-schwarz.jpg;Heiztechnik > Elektrische Fußbodenheizungen;JWS;False;1;2026-09-16T11:54:57+00:00
5115_132;Elektrische Fußbodenheizung 150Watt je m² Thermostat Touch schwarz Elektrisch TWIN Technologie JWS verschiedene Größen;63.9;63.9;False;0.0;True;boolean;Sofort versandfertig, Lieferzeit 48h;2;1000;https://www.jws-store.de/elektrische-fussbodenheizung-150watt-je-m-thermostat-touch-schwarz-elektrisch-twin-technologie-jws_5003_3394;https://cdn03.plentyone.com/iidhyn1xr43q/item/images/5003/full/Fussbodenheizung-thermostat-schwarz.jpg;Heiztechnik > Elektrische Fußbodenheizungen;JWS;False;1;2026-09-16T11:54:57+00:00
5210_132;Elektrische Fußbodenheizung 150Watt je m² Thermostat Touch schwarz Elektrisch TWIN Technologie JWS verschiedene Größen;152.9;152.9;False;0.0;True;boolean;Sofort versandfertig, Lieferzeit 48h;2;1000;https://www.jws-store.de/elektrische-fussbodenheizung-150watt-je-m-thermostat-touch-schwarz-elektrisch-twin-technologie-jws_5003_3405;https://cdn03.plentyone.com/iidhyn1xr43q/item/images/5003/full/Fussbodenheizung-thermostat-schwarz.jpg;Heiztechnik > Elektrische Fußbodenheizungen;JWS;False;1;2026-09-16T11:54:57+00:00
5150_132;Elektrische Fußbodenheizung 150Watt je m² Thermostat Touch schwarz Elektrisch TWIN Technologie JWS verschiedene Größen;94.9;94.9;False;0.0;True;boolean;Sofort versandfertig, Lieferzeit 48h;2;1000;https://www.jws-store.de/elektrische-fussbodenheizung-150watt-je-m-thermostat-touch-schwarz-elektrisch-twin-technologie-jws_5003_3400;https://cdn03.plentyone.com/iidhyn1xr43q/item/images/5003/full/Fussbodenheizung-thermostat-schwarz.jpg;Heiztechnik > Elektrische Fußbodenheizungen;JWS;False;1;2026-09-16T11:54:57+00:00
5120_132;Elektrische Fußbodenheizung 150Watt je m² Thermostat Touch schwarz Elektrisch TWIN Technologie JWS verschiedene Größen;67.9;67.9;False;0.0;True;boolean;Sofort versandfertig, Lieferzeit 48h;2;1000;https://www.jws-store.de/elektrische-fussbodenheizung-150watt-je-m-thermostat-touch-schwarz-elektrisch-twin-technologie-jws_5003_3395;https://cdn03.plentyone.com/iidhyn1xr43q/item/images/5003/full/Fussbodenheizung-thermostat-schwarz.jpg;Heiztechnik > Elektrische Fußbodenheizungen;JWS;False;1;2026-09-16T11:54:57+00:00
5211_132;Elektrische Fußbodenheizung 150Watt je m² Thermostat Touch schwarz Elektrisch TWIN Technologie JWS verschiedene Größen;159.9;159.9;False;0.0;True;boolean;Sofort versandfertig, Lieferzeit 48h;2;1000;https://www.jws-store.de/elektrische-fussbodenheizung-150watt-je-m-thermostat-touch-schwarz-elektrisch-twin-technologie-jws_5003_3406;https://cdn03.plentyone.com/iidhyn1xr43q/item/images/5003/full/Fussbodenheizung-thermostat-schwarz.jpg;Heiztechnik > Elektrische Fußbodenheizungen;JWS;False;1;2026-09-16T11:54:57+00:00
5160_132;Elektrische Fußbodenheizung 150Watt je m² Thermostat Touch schwarz Elektrisch TWIN Technologie JWS verschiedene Größen;103.9;103.9;False;0.0;True;boolean;Sofort versandfertig, Lieferzeit 48h;2;1000;https://www.jws-store.de/elektrische-fussbodenheizung-150watt-je-m-thermostat-touch-schwarz-elektrisch-twin-technologie-jws_5003_3401;https://cdn03.plentyone.com/iidhyn1xr43q/item/images/5003/full/Fussbodenheizung-thermostat-schwarz.jpg;Heiztechnik > Elektrische Fußbodenheizungen;JWS;False;1;2026-09-16T11:54:57+00:00
5125_132;Elektrische Fußbodenheizung 150Watt je m² Thermostat Touch schwarz Elektrisch TWIN Technologie JWS verschiedene Größen;72.9;72.9;False;0.0;True;boolean;Sofort versandfertig, Lieferzeit 48h;2;1000;https://www.jws-store.de/elektrische-fussbodenheizung-150watt-je-m-thermostat-touch-schwarz-elektrisch-twin-technologie-jws_5003_3396;https://cdn03.plentyone.com/iidhyn1xr43q/item/images/5003/full/Fussbodenheizung-thermostat-schwarz.jpg;Heiztechnik > Elektrische Fußbodenheizungen;JWS;False;1;2026-09-16T11:54:57+00:00
5212_132;Elektrische Fußbodenheizung 150Watt je m² Thermostat Touch schwarz Elektrisch TWIN Technologie JWS verschiedene Größen;167.9;167.9;False;0.0;True;boolean;Sofort versandfertig, Lieferzeit 48h;2;1000;https://www.jws-store.de/elektrische-fussbodenheizung-150watt-je-m-thermostat-touch-schwarz-elektrisch-twin-technologie-jws_5003_3407;https://cdn03.plentyone.com/iidhyn1xr43q/item/images/5003/full/Fussbodenheizung-thermostat-schwarz.jpg;Heiztechnik > Elektrische Fußbodenheizungen;JWS;False;1;2026-09-16T11:54:57+00:00
5170_132;Elektrische Fußbodenheizung 150Watt je m² Thermostat Touch schwarz Elektrisch TWIN Technologie JWS verschiedene Größen;107.9;107.9;False;0.0;True;boolean;Sofort versandfertig, Lieferzeit 48h;2;1000;https://www.jws-store.de/elektrische-fussbodenheizung-150watt-je-m-thermostat-touch-schwarz-elektrisch-twin-technologie-jws_5003_3402;https://cdn03.plentyone.com/iidhyn1xr43q/item/images/5003/full/Fussbodenheizung-thermostat-schwarz.jpg;Heiztechnik > Elektrische Fußbodenheizungen;JWS;False;1;2026-09-16T11:54:57+00:00
5135_251;Elektrische Fußbodenheizung 150Watt je m² Thermostat Touch weiß Elektrisch TWIN Technologie JWS verschiedene Größen;73.9;73.9;False;0.0;True;boolean;Sofort versandfertig, Lieferzeit 48h;2;1000;https://www.jws-store.de/elektrische-fussbodenheizung-150watt-je-m-thermostat-touch-weiss-elektrisch-twin-technologie-jws_5002_3382;https://cdn03.plentyone.com/iidhyn1xr43q/item/images/5002/full/s-l1600--3-.jpg;Heiztechnik > Elektrische Fußbodenheizungen;JWS;False;1;2026-09-16T11:54:57+00:00
5110_251;Elektrische Fußbodenheizung 150Watt je m² Thermostat Touch weiß Elektrisch TWIN Technologie JWS verschiedene Größen;54.9;54.9;False;0.0;True;boolean;Sofort versandfertig, Lieferzeit 48h;2;1000;https://www.jws-store.de/elektrische-fussbodenheizung-150watt-je-m-thermostat-touch-weiss-elektrisch-twin-technologie-jws_5002_3377;https://cdn03.plentyone.com/iidhyn1xr43q/item/images/5002/full/s-l1600--3-.jpg;Heiztechnik > Elektrische Fußbodenheizungen;JWS;False;1;2026-09-16T11:54:57+00:00
5190_251;Elektrische Fußbodenheizung 150Watt je m² Thermostat Touch weiß Elektrisch TWIN Technologie JWS verschiedene Größen;124.9;124.9;False;0.0;True;boolean;Sofort versandfertig, Lieferzeit 48h;2;1000;https://www.jws-store.de/elektrische-fussbodenheizung-150watt-je-m-thermostat-touch-weiss-elektrisch-twin-technologie-jws_5002_3388;https://cdn03.plentyone.com/iidhyn1xr43q/item/images/5002/full/s-l1600--3-.jpg;Heiztechnik > Elektrische Fußbodenheizungen;JWS;False;1;2026-09-16T11:54:57+00:00
5140_251;Elektrische Fußbodenheizung 150Watt je m² Thermostat Touch weiß Elektrisch TWIN Technologie JWS verschiedene Größen;76.9;76.9;False;0.0;True;boolean;Sofort versandfertig, Lieferzeit 48h;2;1000;https://www.jws-store.de/elektrische-fussbodenheizung-150watt-je-m-thermostat-touch-weiss-elektrisch-twin-technologie-jws_5002_3383;https://cdn03.plentyone.com/iidhyn1xr43q/item/images/5002/full/s-l1600--3-.jpg;Heiztechnik > Elektrische Fußbodenheizungen;JWS;False;1;2026-09-16T11:54:57+00:00
5115_251;Elektrische Fußbodenheizung 150Watt je m² Thermostat Touch weiß Elektrisch TWIN Technologie JWS verschiedene Größen;57.9;57.9;False;0.0;True;boolean;Sofort versandfertig, Lieferzeit 48h;2;1000;https://www.jws-store.de/elektrische-fussbodenheizung-150watt-je-m-thermostat-touch-weiss-elektrisch-twin-technologie-jws_5002_3378;https://cdn03.plentyone.com/iidhyn1xr43q/item/images/5002/full/s-l1600--3-.jpg;Heiztechnik > Elektrische Fußbodenheizungen;JWS;False;1;2026-09-16T11:54:57+00:00
5210_251;Elektrische Fußbodenheizung 150Watt je m² Thermostat Touch weiß Elektrisch TWIN Technologie JWS verschiedene Größen;146.9;146.9;False;0.0;True;boolean;Sofort versandfertig, Lieferzeit 48h;2;1000;https://www.jws-store.de/elektrische-fussbodenheizung-150watt-je-m-thermostat-touch-weiss-elektrisch-twin-technologie-jws_5002_3389;https://cdn03.plentyone.com/iidhyn1xr43q/item/images/5002/full/s-l1600--3-.jpg;Heiztechnik > Elektrische Fußbodenheizungen;JWS;False;1;2026-09-16T11:54:57+00:00
5150_251;Elektrische Fußbodenheizung 150Watt je m² Thermostat Touch weiß Elektrisch TWIN Technologie JWS verschiedene Größen;88.9;88.9;False;0.0;True;boolean;Sofort versandfertig, Lieferzeit 48h;2;1000;https://www.jws-store.de/elektrische-fussbodenheizung-150watt-je-m-thermostat-touch-weiss-elektrisch-twin-technologie-jws_5002_3384;https://cdn03.plentyone.com/iidhyn1xr43q/item/images/5002/full/s-l1600--3-.jpg;Heiztechnik > Elektrische Fußbodenheizungen;JWS;False;1;2026-09-16T11:54:57+00:00
5120_251;Elektrische Fußbodenheizung 150Watt je m² Thermostat Touch weiß Elektrisch TWIN Technologie JWS verschiedene Größen;61.9;61.9;False;0.0;True;boolean;Sofort versandfertig, Lieferzeit 48h;2;1000;https://www.jws-store.de/elektrische-fussbodenheizung-150watt-je-m-thermostat-touch-weiss-elektrisch-twin-technologie-jws_5002_3379;https://cdn03.plentyone.com/iidhyn1xr43q/item/images/5002/full/s-l1600--3-.jpg;Heiztechnik > Elektrische Fußbodenheizungen;JWS;False;1;2026-09-16T11:54:57+00:00
5211_251;Elektrische Fußbodenheizung 150Watt je m² Thermostat Touch weiß Elektrisch TWIN Technologie JWS verschiedene Größen;153.9;153.9;False;0.0;True;boolean;Sofort versandfertig, Lieferzeit 48h;2;1000;https://www.jws-store.de/elektrische-fussbodenheizung-150watt-je-m-thermostat-touch-weiss-elektrisch-twin-technologie-jws_5002_3390;https://cdn03.plentyone.com/iidhyn1xr43q/item/images/5002/full/s-l1600--3-.jpg;Heiztechnik > Elektrische Fußbodenheizungen;JWS;False;1;2026-09-16T11:54:57+00:00
5160_251;Elektrische Fußbodenheizung 150Watt je m² Thermostat Touch weiß Elektrisch TWIN Technologie JWS verschiedene Größen;92.9;92.9;False;0.0;True;boolean;Sofort versandfertig, Lieferzeit 48h;2;1000;https://www.jws-store.de/elektrische-fussbodenheizung-150watt-je-m-thermostat-touch-weiss-elektrisch-twin-technologie-jws_5002_3385;https://cdn03.plentyone.com/iidhyn1xr43q/item/images/5002/full/s-l1600--3-.jpg;Heiztechnik > Elektrische Fußbodenheizungen;JWS;False;1;2026-09-16T11:54:57+00:00
5125_251;Elektrische Fußbodenheizung 150Watt je m² Thermostat Touch weiß Elektrisch TWIN Technologie JWS verschiedene Größen;66.9;66.9;False;0.0;True;boolean;Sofort versandfertig, Lieferzeit 48h;2;1000;https://www.jws-store.de/elektrische-fussbodenheizung-150watt-je-m-thermostat-touch-weiss-elektrisch-twin-technologie-jws_5002_3380;https://cdn03.plentyone.com/iidhyn1xr43q/item/images/5002/full/s-l1600--3-.jpg;Heiztechnik > Elektrische Fußbodenheizungen;JWS;False;1;2026-09-16T11:54:57+00:00
5212_251;Elektrische Fußbodenheizung 150Watt je m² Thermostat Touch weiß Elektrisch TWIN Technologie JWS verschiedene Größen;161.9;161.9;False;0.0;True;boolean;Sofort versandfertig, Lieferzeit 48h;2;1000;https://www.jws-store.de/elektrische-fussbodenheizung-150watt-je-m-thermostat-touch-weiss-elektrisch-twin-technologie-jws_5002_3391;https://cdn03.plentyone.com/iidhyn1xr43q/item/images/5002/full/s-l1600--3-.jpg;Heiztechnik > Elektrische Fußbodenheizungen;JWS;False;1;2026-09-16T11:54:57+00:00
5170_251;Elektrische Fußbodenheizung 150Watt je m² Thermostat Touch weiß Elektrisch TWIN Technologie JWS verschiedene Größen;102.9;102.9;False;0.0;True;boolean;Sofort versandfertig, Lieferzeit 48h;2;1000;https://www.jws-store.de/elektrische-fussbodenheizung-150watt-je-m-thermostat-touch-weiss-elektrisch-twin-technologie-jws_5002_3386;https://cdn03.plentyone.com/iidhyn1xr43q/item/images/5002/full/s-l1600--3-.jpg;Heiztechnik > Elektrische Fußbodenheizungen;JWS;False;1;2026-09-16T11:54:57+00:00
5130_251;Elektrische Fußbodenheizung 150Watt je m² Thermostat Touch weiß Elektrisch TWIN Technologie JWS verschiedene Größen;71.9;71.9;False;0.0;True;boolean;Sofort versandfertig, Lieferzeit 48h;2;1000;https://www.jws-store.de/elektrische-fussbodenheizung-150watt-je-m-thermostat-touch-weiss-elektrisch-twin-technologie-jws_5002_3381;https://cdn03.plentyone.com/iidhyn1xr43q/item/images/5002/full/s-l1600--3-.jpg;Heiztechnik > Elektrische Fußbodenheizungen;JWS;False;1;2026-09-16T11:54:57+00:00
5215_251;Elektrische Fußbodenheizung 150Watt je m² Thermostat Touch weiß Elektrisch TWIN Technologie JWS verschiedene Größen;196.9;196.9;False;0.0;True;boolean;Sofort versandfertig, Lieferzeit 48h;2;1000;https://www.jws-store.de/elektrische-fussbodenheizung-150watt-je-m-thermostat-touch-weiss-elektrisch-twin-technologie-jws_5002_3392;https://cdn03.plentyone.com/iidhyn1xr43q/item/images/5002/full/s-l1600--3-.jpg;Heiztechnik > Elektrische Fußbodenheizungen;JWS;False;1;2026-09-16T11:54:57+00:00
5002;Elektrische Fußbodenheizung 150Watt je m² Thermostat Touch weiß Elektrisch TWIN Technologie JWS verschiedene Größen;54.9;54.9;False;0.0;True;boolean;Sofort versandfertig, Lieferzeit 48h;2;1000;https://www.jws-store.de/elektrische-fussbodenheizung-150watt-je-m-thermostat-touch-weiss-elektrisch-twin-technologie-jws_5002_3343;https://cdn03.plentyone.com/iidhyn1xr43q/item/images/5002/full/s-l1600--3-.jpg;Heiztechnik > Elektrische Fußbodenheizungen;JWS;False;1;2026-09-16T11:54:57+00:00
5180_251;Elektrische Fußbodenheizung 150Watt je m² Thermostat Touch weiß Elektrisch TWIN Technologie JWS verschiedene Größen;113.9;113.9;False;0.0;True;boolean;Sofort versandfertig, Lieferzeit 48h;2;1000;https://www.jws-store.de/elektrische-fussbodenheizung-150watt-je-m-thermostat-touch-weiss-elektrisch-twin-technologie-jws_5002_3387;https://cdn03.plentyone.com/iidhyn1xr43q/item/images/5002/full/s-l1600--3-.jpg;Heiztechnik > Elektrische Fußbodenheizungen;JWS;False;1;2026-09-16T11:54:57+00:00
5140_253;Elektrische Fußbodenheizung 150Watt je m² Thermostat analog Elektrisch TWIN Technologie JWS verschiedene Größen;64.9;64.9;False;0.0;True;boolean;Sofort versandfertig, Lieferzeit 48h;2;1000;https://www.jws-store.de/elektrische-fussbodenheizung-150watt-je-m-thermostat-analog-elektrisch-twin-technologie-jws_5001_3367;https://cdn03.plentyone.com/iidhyn1xr43q/item/images/5001/full/Elektrische-Fussbodenheizung2.jpg;Heiztechnik > Elektrische Fußbodenheizungen;JWS;False;1;2026-09-16T11:54:57+00:00
5115_253;Elektrische Fußbodenheizung 150Watt je m² Thermostat analog Elektrisch TWIN Technologie JWS verschiedene Größen;45.9;45.9;False;0.0;True;boolean;Sofort versandfertig, Lieferzeit 48h;2;1000;https://www.jws-store.de/elektrische-fussbodenheizung-150watt-je-m-thermostat-analog-elektrisch-twin-technologie-jws_5001_3362;https://cdn03.plentyone.com/iidhyn1xr43q/item/images/5001/full/Elektrische-Fussbodenheizung2.jpg;Heiztechnik > Elektrische Fußbodenheizungen;JWS;False;1;2026-09-16T11:54:57+00:00
5210_253;Elektrische Fußbodenheizung 150Watt je m² Thermostat analog Elektrisch TWIN Technologie JWS verschiedene Größen;134.9;134.9;False;0.0;True;boolean;Sofort versandfertig, Lieferzeit 48h;2;1000;https://www.jws-store.de/elektrische-fussbodenheizung-150watt-je-m-thermostat-analog-elektrisch-twin-technologie-jws_5001_3373;https://cdn03.plentyone.com/iidhyn1xr43q/item/images/5001/full/Elektrische-Fussbodenheizung2.jpg;Heiztechnik > Elektrische Fußbodenheizungen;JWS;False;1;2026-09-16T11:54:57+00:00
5150_253;Elektrische Fußbodenheizung 150Watt je m² Thermostat analog Elektrisch TWIN Technologie JWS verschiedene Größen;76.9;76.9;False;0.0;True;boolean;Sofort versandfertig, Lieferzeit 48h;2;1000;https://www.jws-store.de/elektrische-fussbodenheizung-150watt-je-m-thermostat-analog-elektrisch-twin-technologie-jws_5001_3368;https://cdn03.plentyone.com/iidhyn1xr43q/item/images/5001/full/Elektrische-Fussbodenheizung2.jpg;Heiztechnik > Elektrische Fußbodenheizungen;JWS;False;1;2026-09-16T11:54:57+00:00
5120_253;Elektrische Fußbodenheizung 150Watt je m² Thermostat analog Elektrisch TWIN Technologie JWS verschiedene Größen;49.9;49.9;False;0.0;True;boolean;Sofort versandfertig, Lieferzeit 48h;2;1000;https://www.jws-store.de/elektrische-fussbodenheizung-150watt-je-m-thermostat-analog-elektrisch-twin-technologie-jws_5001_3363;https://cdn03.plentyone.com/iidhyn1xr43q/item/images/5001/full/Elektrische-Fussbodenheizung2.jpg;Heiztechnik > Elektrische Fußbodenheizungen;JWS;False;1;2026-09-16T11:54:57+00:00
5211_253;Elektrische Fußbodenheizung 150Watt je m² Thermostat analog Elektrisch TWIN Technologie JWS verschiedene Größen;141.9;141.9;False;0.0;True;boolean;Sofort versandfertig, Lieferzeit 48h;2;1000;https://www.jws-store.de/elektrische-fussbodenheizung-150watt-je-m-thermostat-analog-elektrisch-twin-technologie-jws_5001_3374;https://cdn03.plentyone.com/iidhyn1xr43q/item/images/5001/full/Elektrische-Fussbodenheizung2.jpg;Heiztechnik > Elektrische Fußbodenheizungen;JWS;False;1;2026-09-16T11:54:57+00:00
5160_253;Elektrische Fußbodenheizung 150Watt je m² Thermostat analog Elektrisch TWIN Technologie JWS verschiedene Größen;82.9;82.9;False;0.0;True;boolean;Sofort versandfertig, Lieferzeit 48h;2;1000;https://www.jws-store.de/elektrische-fussbodenheizung-150watt-je-m-thermostat-analog-elektrisch-twin-technologie-jws_5001_3369;https://cdn03.plentyone.com/iidhyn1xr43q/item/images/5001/full/Elektrische-Fussbodenheizung2.jpg;Heiztechnik > Elektrische Fußbodenheizungen;JWS;False;1;2026-09-16T11:54:57+00:00
5125_253;Elektrische Fußbodenheizung 150Watt je m² Thermostat analog Elektrisch TWIN Technologie JWS verschiedene Größen;54.9;54.9;False;0.0;True;boolean;Sofort versandfertig, Lieferzeit 48h;2;1000;https://www.jws-store.de/elektrische-fussbodenheizung-150watt-je-m-thermostat-analog-elektrisch-twin-technologie-jws_5001_3364;https://cdn03.plentyone.com/iidhyn1xr43q/item/images/5001/full/Elektrische-Fussbodenheizung2.jpg;Heiztechnik > Elektrische Fußbodenheizungen;JWS;False;1;2026-09-16T11:54:57+00:00
5212_253;Elektrische Fußbodenheizung 150Watt je m² Thermostat analog Elektrisch TWIN Technologie JWS verschiedene Größen;149.9;149.9;False;0.0;True;boolean;Sofort versandfertig, Lieferzeit 48h;2;1000;https://www.jws-store.de/elektrische-fussbodenheizung-150watt-je-m-thermostat-analog-elektrisch-twin-technologie-jws_5001_3375;https://cdn03.plentyone.com/iidhyn1xr43q/item/images/5001/full/Elektrische-Fussbodenheizung2.jpg;Heiztechnik > Elektrische Fußbodenheizungen;JWS;False;1;2026-09-16T11:54:57+00:00
5170_253;Elektrische Fußbodenheizung 150Watt je m² Thermostat analog Elektrisch TWIN Technologie JWS verschiedene Größen;89.9;89.9;False;0.0;True;boolean;Sofort versandfertig, Lieferzeit 48h;2;1000;https://www.jws-store.de/elektrische-fussbodenheizung-150watt-je-m-thermostat-analog-elektrisch-twin-technologie-jws_5001_3370;https://cdn03.plentyone.com/iidhyn1xr43q/item/images/5001/full/Elektrische-Fussbodenheizung2.jpg;Heiztechnik > Elektrische Fußbodenheizungen;JWS;False;1;2026-09-16T11:54:57+00:00
5130_253;Elektrische Fußbodenheizung 150Watt je m² Thermostat analog Elektrisch TWIN Technologie JWS verschiedene Größen;59.9;59.9;False;0.0;True;boolean;Sofort versandfertig, Lieferzeit 48h;2;1000;https://www.jws-store.de/elektrische-fussbodenheizung-150watt-je-m-thermostat-analog-elektrisch-twin-technologie-jws_5001_3365;https://cdn03.plentyone.com/iidhyn1xr43q/item/images/5001/full/Elektrische-Fussbodenheizung2.jpg;Heiztechnik > Elektrische Fußbodenheizungen;JWS;False;1;2026-09-16T11:54:57+00:00
5001;Elektrische Fußbodenheizung 150Watt je m² Thermostat analog Elektrisch TWIN Technologie JWS verschiedene Größen;42.9;42.9;False;0.0;True;boolean;Sofort versandfertig, Lieferzeit 48h;2;1000;https://www.jws-store.de/elektrische-fussbodenheizung-150watt-je-m-thermostat-analog-elektrisch-twin-technologie-jws_5001_3342;https://cdn03.plentyone.com/iidhyn1xr43q/item/images/5001/full/Elektrische-Fussbodenheizung2.jpg;Heiztechnik > Elektrische Fußbodenheizungen;JWS;False;1;2026-09-16T11:54:57+00:00
5215_253;Elektrische Fußbodenheizung 150Watt je m² Thermostat analog Elektrisch TWIN Technologie JWS verschiedene Größen;184.9;184.9;False;0.0;True;boolean;Sofort versandfertig, Lieferzeit 48h;2;1000;https://www.jws-store.de/elektrische-fussbodenheizung-150watt-je-m-thermostat-analog-elektrisch-twin-technologie-jws_5001_3376;https://cdn03.plentyone.com/iidhyn1xr43q/item/images/5001/full/Elektrische-Fussbodenheizung2.jpg;Heiztechnik > Elektrische Fußbodenheizungen;JWS;False;1;2026-09-16T11:54:57+00:00
5180_253;Elektrische Fußbodenheizung 150Watt je m² Thermostat analog Elektrisch TWIN Technologie JWS verschiedene Größen;101.9;101.9;False;0.0;True;boolean;Sofort versandfertig, Lieferzeit 48h;2;1000;https://www.jws-store.de/elektrische-fussbodenheizung-150watt-je-m-thermostat-analog-elektrisch-twin-technologie-jws_5001_3371;https://cdn03.plentyone.com/iidhyn1xr43q/item/images/5001/full/Elektrische-Fussbodenheizung2.jpg;Heiztechnik > Elektrische Fußbodenheizungen;JWS;False;1;2026-09-16T11:54:57+00:00
5135_253;Elektrische Fußbodenheizung 150Watt je m² Thermostat analog Elektrisch TWIN Technologie JWS verschiedene Größen;61.9;61.9;False;0.0;True;boolean;Sofort versandfertig, Lieferzeit 48h;2;1000;https://www.jws-store.de/elektrische-fussbodenheizung-150watt-je-m-thermostat-analog-elektrisch-twin-technologie-jws_5001_3366;https://cdn03.plentyone.com/iidhyn1xr43q/item/images/5001/full/Elektrische-Fussbodenheizung2.jpg;Heiztechnik > Elektrische Fußbodenheizungen;JWS;False;1;2026-09-16T11:54:57+00:00
5110_253;Elektrische Fußbodenheizung 150Watt je m² Thermostat analog Elektrisch TWIN Technologie JWS verschiedene Größen;42.9;42.9;False;0.0;True;boolean;Sofort versandfertig, Lieferzeit 48h;2;1000;https://www.jws-store.de/elektrische-fussbodenheizung-150watt-je-m-thermostat-analog-elektrisch-twin-technologie-jws_5001_3361;https://cdn03.plentyone.com/iidhyn1xr43q/item/images/5001/full/Elektrische-Fussbodenheizung2.jpg;Heiztechnik > Elektrische Fußbodenheizungen;JWS;False;1;2026-09-16T11:54:57+00:00
5190_253;Elektrische Fußbodenheizung 150Watt je m² Thermostat analog Elektrisch TWIN Technologie JWS verschiedene Größen;112.9;112.9;False;0.0;True;boolean;Sofort versandfertig, Lieferzeit 48h;2;1000;https://www.jws-store.de/elektrische-fussbodenheizung-150watt-je-m-thermostat-analog-elektrisch-twin-technologie-jws_5001_3372;https://cdn03.plentyone.com/iidhyn1xr43q/item/images/5001/full/Elektrische-Fussbodenheizung2.jpg;Heiztechnik > Elektrische Fußbodenheizungen;JWS;False;1;2026-09-16T11:54:57+00:00
5411_ID570;Elektrische Fußbodenheizung 200 Watt Elektrische Bodenheizung TWIN Technologie Thernostat ID570 ID580;220.9;220.9;False;0.0;True;boolean;Sofort versandfertig, Lieferzeit 48h;2;1000;https://www.jws-store.de/heiztechnik/elektrische-fussbodenheizungen/elektrische-fussbodenheizung-200-watt-elektrische-bodenheizung-twin-technologie-thernostat-id570-id580_58000_6755;https://cdn03.plentyone.com/iidhyn1xr43q/item/images/58000/full/1-1-pxo.jpg;Heiztechnik > Elektrische Fußbodenheizungen;JWS;False;1;2026-09-16T11:54:57+00:00
5350_ID570;Elektrische Fußbodenheizung 200 Watt Elektrische Bodenheizung TWIN Technologie Thernostat ID570 ID580;150.9;150.9;False;0.0;True;boolean;Sofort versandfertig, Lieferzeit 48h;2;1000;https://www.jws-store.de/heiztechnik/elektrische-fussbodenheizungen/elektrische-fussbodenheizung-200-watt-elektrische-bodenheizung-twin-technologie-thernostat-id570-id580_58000_6749;https://cdn03.plentyone.com/iidhyn1xr43q/item/images/58000/full/1-1-pxo.jpg;Heiztechnik > Elektrische Fußbodenheizungen;JWS;False;1;2026-09-16T11:54:57+00:00
5390_ID580;Elektrische Fußbodenheizung 200 Watt Elektrische Bodenheizung TWIN Technologie Thernostat ID570 ID580;198.9;198.9;False;0.0;True;boolean;Sofort versandfertig, Lieferzeit 48h;2;1000;https://www.jws-store.de/heiztechnik/elektrische-fussbodenheizungen/elektrische-fussbodenheizung-200-watt-elektrische-bodenheizung-twin-technologie-thernostat-id570-id580_58000_6769;https://cdn03.plentyone.com/iidhyn1xr43q/item/images/58000/full/1-1-pxo.jpg;Heiztechnik > Elektrische Fußbodenheizungen;JWS;False;1;2026-09-16T11:54:57+00:00
5315_ID570;Elektrische Fußbodenheizung 200 Watt Elektrische Bodenheizung TWIN Technologie Thernostat ID570 ID580;112.9;112.9;False;0.0;True;boolean;Sofort versandfertig, Lieferzeit 48h;2;1000;https://www.jws-store.de/heiztechnik/elektrische-fussbodenheizungen/elektrische-fussbodenheizung-200-watt-elektrische-bodenheizung-twin-technologie-thernostat-id570-id580_58000_6743;https://cdn03.plentyone.com/iidhyn1xr43q/item/images/58000/full/1-1-pxo.jpg;Heiztechnik > Elektrische Fußbodenheizungen;JWS;False;1;2026-09-16T11:54:57+00:00
5330_ID580;Elektrische Fußbodenheizung 200 Watt Elektrische Bodenheizung TWIN Technologie Thernostat ID570 ID580;127.9;127.9;False;0.0;True;boolean;Sofort versandfertig, Lieferzeit 48h;2;1000;https://www.jws-store.de/heiztechnik/elektrische-fussbodenheizungen/elektrische-fussbodenheizung-200-watt-elektrische-bodenheizung-twin-technologie-thernostat-id570-id580_58000_6762;https://cdn03.plentyone.com/iidhyn1xr43q/item/images/58000/full/1-1-pxo.jpg;Heiztechnik > Elektrische Fußbodenheizungen;JWS;False;1;2026-09-16T11:54:57+00:00
5412_ID570;Elektrische Fußbodenheizung 200 Watt Elektrische Bodenheizung TWIN Technologie Thernostat ID570 ID580;229.9;229.9;False;0.0;True;boolean;Sofort versandfertig, Lieferzeit 48h;2;1000;https://www.jws-store.de/heiztechnik/elektrische-fussbodenheizungen/elektrische-fussbodenheizung-200-watt-elektrische-bodenheizung-twin-technologie-thernostat-id570-id580_58000_6756;https://cdn03.plentyone.com/iidhyn1xr43q/item/images/58000/full/1-1-pxo.jpg;Heiztechnik > Elektrische Fußbodenheizungen;JWS;False;1;2026-09-16T11:54:57+00:00
5360_ID570;Elektrische Fußbodenheizung 200 Watt Elektrische Bodenheizung TWIN Technologie Thernostat ID570 ID580;160.9;160.9;False;0.0;True;boolean;Sofort versandfertig, Lieferzeit 48h;2;1000;https://www.jws-store.de/heiztechnik/elektrische-fussbodenheizungen/elektrische-fussbodenheizung-200-watt-elektrische-bodenheizung-twin-technologie-thernostat-id570-id580_58000_6750;https://cdn03.plentyone.com/iidhyn1xr43q/item/images/58000/full/1-1-pxo.jpg;Heiztechnik > Elektrische Fußbodenheizungen;JWS;False;1;2026-09-16T11:54:57+00:00
5410_ID580;Elektrische Fußbodenheizung 200 Watt Elektrische Bodenheizung TWIN Technologie Thernostat ID570 ID580;207.9;207.9;False;0.0;True;boolean;Sofort versandfertig, Lieferzeit 48h;2;1000;https://www.jws-store.de/heiztechnik/elektrische-fussbodenheizungen/elektrische-fussbodenheizung-200-watt-elektrische-bodenheizung-twin-technologie-thernostat-id570-id580_58000_6770;https://cdn03.plentyone.com/iidhyn1xr43q/item/images/58000/full/1-1-pxo.jpg;Heiztechnik > Elektrische Fußbodenheizungen;JWS;False;1;2026-09-16T11:54:57+00:00
5320_ID570;Elektrische Fußbodenheizung 200 Watt Elektrische Bodenheizung TWIN Technologie Thernostat ID570 ID580;120.9;120.9;False;0.0;True;boolean;Sofort versandfertig, Lieferzeit 48h;2;1000;https://www.jws-store.de/heiztechnik/elektrische-fussbodenheizungen/elektrische-fussbodenheizung-200-watt-elektrische-bodenheizung-twin-technologie-thernostat-id570-id580_58000_6744;https://cdn03.plentyone.com/iidhyn1xr43q/item/images/58000/full/1-1-pxo.jpg;Heiztechnik > Elektrische Fußbodenheizungen;JWS;False;1;2026-09-16T11:54:57+00:00
5335_ID580;Elektrische Fußbodenheizung 200 Watt Elektrische Bodenheizung TWIN Technologie Thernostat ID570 ID580;132.9;132.9;False;0.0;True;boolean;Sofort versandfertig, Lieferzeit 48h;2;1000;https://www.jws-store.de/heiztechnik/elektrische-fussbodenheizungen/elektrische-fussbodenheizung-200-watt-elektrische-bodenheizung-twin-technologie-thernostat-id570-id580_58000_6763;https://cdn03.plentyone.com/iidhyn1xr43q/item/images/58000/full/1-1-pxo.jpg;Heiztechnik > Elektrische Fußbodenheizungen;JWS;False;1;2026-09-16T11:54:57+00:00
5310_ID580;Elektrische Fußbodenheizung 200 Watt Elektrische Bodenheizung TWIN Technologie Thernostat ID570 ID580;109.9;109.9;False;0.0;True;boolean;Sofort versandfertig, Lieferzeit 48h;2;1000;https://www.jws-store.de/heiztechnik/elektrische-fussbodenheizungen/elektrische-fussbodenheizung-200-watt-elektrische-bodenheizung-twin-technologie-thernostat-id570-id580_58000_6758;https://cdn03.plentyone.com/iidhyn1xr43q/item/images/58000/full/1-1-pxo.jpg;Heiztechnik > Elektrische Fußbodenheizungen;JWS;False;1;2026-09-16T11:54:57+00:00
5380_ID570;Elektrische Fußbodenheizung 200 Watt Elektrische Bodenheizung TWIN Technologie Thernostat ID570 ID580;184.9;184.9;False;0.0;True;boolean;Sofort versandfertig, Lieferzeit 48h;2;1000;https://www.jws-store.de/heiztechnik/elektrische-fussbodenheizungen/elektrische-fussbodenheizung-200-watt-elektrische-bodenheizung-twin-technologie-thernostat-id570-id580_58000_6752;https://cdn03.plentyone.com/iidhyn1xr43q/item/images/58000/full/1-1-pxo.jpg;Heiztechnik > Elektrische Fußbodenheizungen;JWS;False;1;2026-09-16T11:54:57+00:00
5411_ID580;Elektrische Fußbodenheizung 200 Watt Elektrische Bodenheizung TWIN Technologie Thernostat ID570 ID580;220.9;220.9;False;0.0;True;boolean;Sofort versandfertig, Lieferzeit 48h;2;1000;https://www.jws-store.de/heiztechnik/elektrische-fussbodenheizungen/elektrische-fussbodenheizung-200-watt-elektrische-bodenheizung-twin-technologie-thernostat-id570-id580_58000_6771;https://cdn03.plentyone.com/iidhyn1xr43q/item/images/58000/full/1-1-pxo.jpg;Heiztechnik > Elektrische Fußbodenheizungen;JWS;False;1;2026-09-16T11:54:57+00:00
5325_ID570;Elektrische Fußbodenheizung 200 Watt Elektrische Bodenheizung TWIN Technologie Thernostat ID570 ID580;122.9;122.9;False;0.0;True;boolean;Sofort versandfertig, Lieferzeit 48h;2;1000;https://www.jws-store.de/heiztechnik/elektrische-fussbodenheizungen/elektrische-fussbodenheizung-200-watt-elektrische-bodenheizung-twin-technologie-thernostat-id570-id580_58000_6745;https://cdn03.plentyone.com/iidhyn1xr43q/item/images/58000/full/1-1-pxo.jpg;Heiztechnik > Elektrische Fußbodenheizungen;JWS;False;1;2026-09-16T11:54:57+00:00
5350_ID580;Elektrische Fußbodenheizung 200 Watt Elektrische Bodenheizung TWIN Technologie Thernostat ID570 ID580;150.9;150.9;False;0.0;True;boolean;Sofort versandfertig, Lieferzeit 48h;2;1000;https://www.jws-store.de/heiztechnik/elektrische-fussbodenheizungen/elektrische-fussbodenheizung-200-watt-elektrische-bodenheizung-twin-technologie-thernostat-id570-id580_58000_6765;https://cdn03.plentyone.com/iidhyn1xr43q/item/images/58000/full/1-1-pxo.jpg;Heiztechnik > Elektrische Fußbodenheizungen;JWS;False;1;2026-09-16T11:54:57+00:00
5315_ID580;Elektrische Fußbodenheizung 200 Watt Elektrische Bodenheizung TWIN Technologie Thernostat ID570 ID580;112.9;112.9;False;0.0;True;boolean;Sofort versandfertig, Lieferzeit 48h;2;1000;https://www.jws-store.de/heiztechnik/elektrische-fussbodenheizungen/elektrische-fussbodenheizung-200-watt-elektrische-bodenheizung-twin-technologie-thernostat-id570-id580_58000_6759;https://cdn03.plentyone.com/iidhyn1xr43q/item/images/58000/full/1-1-pxo.jpg;Heiztechnik > Elektrische Fußbodenheizungen;JWS;False;1;2026-09-16T11:54:57+00:00
5390_ID570;Elektrische Fußbodenheizung 200 Watt Elektrische Bodenheizung TWIN Technologie Thernostat ID570 ID580;198.9;198.9;False;0.0;True;boolean;Sofort versandfertig, Lieferzeit 48h;2;1000;https://www.jws-store.de/heiztechnik/elektrische-fussbodenheizungen/elektrische-fussbodenheizung-200-watt-elektrische-bodenheizung-twin-technologie-thernostat-id570-id580_58000_6753;https://cdn03.plentyone.com/iidhyn1xr43q/item/images/58000/full/1-1-pxo.jpg;Heiztechnik > Elektrische Fußbodenheizungen;JWS;False;1;2026-09-16T11:54:57+00:00
5412_ID580;Elektrische Fußbodenheizung 200 Watt Elektrische Bodenheizung TWIN Technologie Thernostat ID570 ID580;229.9;229.9;False;0.0;True;boolean;Sofort versandfertig, Lieferzeit 48h;2;1000;https://www.jws-store.de/heiztechnik/elektrische-fussbodenheizungen/elektrische-fussbodenheizung-200-watt-elektrische-bodenheizung-twin-technologie-thernostat-id570-id580_58000_6772;https://cdn03.plentyone.com/iidhyn1xr43q/item/images/58000/full/1-1-pxo.jpg;Heiztechnik > Elektrische Fußbodenheizungen;JWS;False;1;2026-09-16T11:54:57+00:00
5330_ID570;Elektrische Fußbodenheizung 200 Watt Elektrische Bodenheizung TWIN Technologie Thernostat ID570 ID580;127.9;127.9;False;0.0;True;boolean;Sofort versandfertig, Lieferzeit 48h;2;1000;https://www.jws-store.de/heiztechnik/elektrische-fussbodenheizungen/elektrische-fussbodenheizung-200-watt-elektrische-bodenheizung-twin-technologie-thernostat-id570-id580_58000_6746;https://cdn03.plentyone.com/iidhyn1xr43q/item/images/58000/full/1-1-pxo.jpg;Heiztechnik > Elektrische Fußbodenheizungen;JWS;False;1;2026-09-16T11:54:57+00:00
5360_ID580;Elektrische Fußbodenheizung 200 Watt Elektrische Bodenheizung TWIN Technologie Thernostat ID570 ID580;160.9;160.9;False;0.0;True;boolean;Sofort versandfertig, Lieferzeit 48h;2;1000;https://www.jws-store.de/heiztechnik/elektrische-fussbodenheizungen/elektrische-fussbodenheizung-200-watt-elektrische-bodenheizung-twin-technologie-thernostat-id570-id580_58000_6766;https://cdn03.plentyone.com/iidhyn1xr43q/item/images/58000/full/1-1-pxo.jpg;Heiztechnik > Elektrische Fußbodenheizungen;JWS;False;1;2026-09-16T11:54:57+00:00
58000;Elektrische Fußbodenheizung 200 Watt Elektrische Bodenheizung TWIN Technologie Thernostat ID570 ID580;109.9;109.9;False;0.0;True;boolean;Sofort versandfertig, Lieferzeit 48h;2;1000;https://www.jws-store.de/heiztechnik/elektrische-fussbodenheizungen/elektrische-fussbodenheizung-200-watt-elektrische-bodenheizung-twin-technologie-thernostat-id570-id580_58000_6741;https://cdn03.plentyone.com/iidhyn1xr43q/item/images/58000/full/1-1-pxo.jpg;Heiztechnik > Elektrische Fußbodenheizungen;JWS;False;1;2026-09-16T11:54:57+00:00
5320_ID580;Elektrische Fußbodenheizung 200 Watt Elektrische Bodenheizung TWIN Technologie Thernostat ID570 ID580;120.9;120.9;False;0.0;True;boolean;Sofort versandfertig, Lieferzeit 48h;2;1000;https://www.jws-store.de/heiztechnik/elektrische-fussbodenheizungen/elektrische-fussbodenheizung-200-watt-elektrische-bodenheizung-twin-technologie-thernostat-id570-id580_58000_6760;https://cdn03.plentyone.com/iidhyn1xr43q/item/images/58000/full/1-1-pxo.jpg;Heiztechnik > Elektrische Fußbodenheizungen;JWS;False;1;2026-09-16T11:54:57+00:00
5410_ID570;Elektrische Fußbodenheizung 200 Watt Elektrische Bodenheizung TWIN Technologie Thernostat ID570 ID580;207.9;207.9;False;0.0;True;boolean;Sofort versandfertig, Lieferzeit 48h;2;1000;https://www.jws-store.de/heiztechnik/elektrische-fussbodenheizungen/elektrische-fussbodenheizung-200-watt-elektrische-bodenheizung-twin-technologie-thernostat-id570-id580_58000_6754;https://cdn03.plentyone.com/iidhyn1xr43q/item/images/58000/full/1-1-pxo.jpg;Heiztechnik > Elektrische Fußbodenheizungen;JWS;False;1;2026-09-16T11:54:57+00:00
5335_ID570;Elektrische Fußbodenheizung 200 Watt Elektrische Bodenheizung TWIN Technologie Thernostat ID570 ID580;132.9;132.9;False;0.0;True;boolean;Sofort versandfertig, Lieferzeit 48h;2;1000;https://www.jws-store.de/heiztechnik/elektrische-fussbodenheizungen/elektrische-fussbodenheizung-200-watt-elektrische-bodenheizung-twin-technologie-thernostat-id570-id580_58000_6747;https://cdn03.plentyone.com/iidhyn1xr43q/item/images/58000/full/1-1-pxo.jpg;Heiztechnik > Elektrische Fußbodenheizungen;JWS;False;1;2026-09-16T11:54:57+00:00
5380_ID580;Elektrische Fußbodenheizung 200 Watt Elektrische Bodenheizung TWIN Technologie Thernostat ID570 ID580;184.9;184.9;False;0.0;True;boolean;Sofort versandfertig, Lieferzeit 48h;2;1000;https://www.jws-store.de/heiztechnik/elektrische-fussbodenheizungen/elektrische-fussbodenheizung-200-watt-elektrische-bodenheizung-twin-technologie-thernostat-id570-id580_58000_6768;https://cdn03.plentyone.com/iidhyn1xr43q/item/images/58000/full/1-1-pxo.jpg;Heiztechnik > Elektrische Fußbodenheizungen;JWS;False;1;2026-09-16T11:54:57+00:00
5310_ID570;Elektrische Fußbodenheizung 200 Watt Elektrische Bodenheizung TWIN Technologie Thernostat ID570 ID580;109.9;109.9;False;0.0;True;boolean;Sofort versandfertig, Lieferzeit 48h;2;1000;https://www.jws-store.de/heiztechnik/elektrische-fussbodenheizungen/elektrische-fussbodenheizung-200-watt-elektrische-bodenheizung-twin-technologie-thernostat-id570-id580_58000_6742;https://cdn03.plentyone.com/iidhyn1xr43q/item/images/58000/full/1-1-pxo.jpg;Heiztechnik > Elektrische Fußbodenheizungen;JWS;False;1;2026-09-16T11:54:57+00:00
5325_ID580;Elektrische Fußbodenheizung 200 Watt Elektrische Bodenheizung TWIN Technologie Thernostat ID570 ID580;122.9;122.9;False;0.0;True;boolean;Sofort versandfertig, Lieferzeit 48h;2;1000;https://www.jws-store.de/heiztechnik/elektrische-fussbodenheizungen/elektrische-fussbodenheizung-200-watt-elektrische-bodenheizung-twin-technologie-thernostat-id570-id580_58000_6761;https://cdn03.plentyone.com/iidhyn1xr43q/item/images/58000/full/1-1-pxo.jpg;Heiztechnik > Elektrische Fußbodenheizungen;JWS;False;1;2026-09-16T11:54:57+00:00
5330_530;Elektrische Fußbodenheizung 200Watt WiFi Thermostat Elektrisch TWIN Technologie;122.9;122.9;False;0.0;True;boolean;Sofort versandfertig, Lieferzeit 48h;2;1000;https://www.jws-store.de/heiztechnik/elektrische-fussbodenheizungen/elektrische-fussbodenheizung-200watt-wifi-thermostat-elektrisch-twin-technologie_5040_4792;https://cdn03.plentyone.com/iidhyn1xr43q/item/images/5040/full/Fussbodenheizung-3-Thermostate2-pxo.jpg;Heiztechnik > Elektrische Fußbodenheizungen;JWS;False;1;2026-09-16T11:54:57+00:00
5330_540;Elektrische Fußbodenheizung 200Watt WiFi Thermostat Elektrisch TWIN Technologie;122.9;122.9;False;0.0;True;boolean;Sofort versandfertig, Lieferzeit 48h;2;1000;https://www.jws-store.de/heiztechnik/elektrische-fussbodenheizungen/elektrische-fussbodenheizung-200watt-wifi-thermostat-elektrisch-twin-technologie_5040_4808;https://cdn03.plentyone.com/iidhyn1xr43q/item/images/5040/full/Fussbodenheizung-3-Thermostate2-pxo.jpg;Heiztechnik > Elektrische Fußbodenheizungen;JWS;False;1;2026-09-16T11:54:57+00:00
5330_;Elektrische Fußbodenheizung 200Watt WiFi Thermostat Elektrisch TWIN Technologie;52.9;52.9;False;0.0;True;boolean;Sofort versandfertig, Lieferzeit 48h;2;1000;https://www.jws-store.de/heiztechnik/elektrische-fussbodenheizungen/elektrische-fussbodenheizung-200watt-wifi-thermostat-elektrisch-twin-technologie_5040_4824;https://cdn03.plentyone.com/iidhyn1xr43q/item/images/5040/full/Fussbodenheizung-3-Thermostate2-pxo.jpg;Heiztechnik > Elektrische Fußbodenheizungen;JWS;False;1;2026-09-16T11:54:57+00:00
5412_134;Elektrische Fußbodenheizung 200Watt WiFi Thermostat Elektrisch TWIN Technologie;189.9;189.9;False;0.0;True;boolean;Sofort versandfertig, Lieferzeit 48h;2;1000;https://www.jws-store.de/heiztechnik/elektrische-fussbodenheizungen/elektrische-fussbodenheizung-200watt-wifi-thermostat-elektrisch-twin-technologie_5040_5053;https://cdn03.plentyone.com/iidhyn1xr43q/item/images/5040/full/Fussbodenheizung-3-Thermostate2-pxo.jpg;Heiztechnik > Elektrische Fußbodenheizungen;JWS;False;1;2026-09-16T11:54:57+00:00
5412_133;Elektrische Fußbodenheizung 200Watt WiFi Thermostat Elektrisch TWIN Technologie;199.9;199.9;False;0.0;True;boolean;Sofort versandfertig, Lieferzeit 48h;2;1000;https://www.jws-store.de/heiztechnik/elektrische-fussbodenheizungen/elektrische-fussbodenheizung-200watt-wifi-thermostat-elektrisch-twin-technologie_5040_5069;https://cdn03.plentyone.com/iidhyn1xr43q/item/images/5040/full/Fussbodenheizung-3-Thermostate2-pxo.jpg;Heiztechnik > Elektrische Fußbodenheizungen;JWS;False;1;2026-09-16T11:54:57+00:00
5040;Elektrische Fußbodenheizung 200Watt WiFi Thermostat Elektrisch TWIN Technologie;35.9;35.9;False;0.0;True;boolean;Sofort versandfertig, Lieferzeit 48h;2;1000;https://www.jws-store.de/heiztechnik/elektrische-fussbodenheizungen/elektrische-fussbodenheizung-200watt-wifi-thermostat-elektrisch-twin-technologie_5040_4787;https://cdn03.plentyone.com/iidhyn1xr43q/item/images/5040/full/Fussbodenheizung-3-Thermostate2-pxo.jpg;Heiztechnik > Elektrische Fußbodenheizungen;JWS;False;1;2026-09-16T11:54:57+00:00
5415_530;Elektrische Fußbodenheizung 200Watt WiFi Thermostat Elektrisch TWIN Technologie;249.9;249.9;False;0.0;True;boolean;Sofort versandfertig, Lieferzeit 48h;2;1000;https://www.jws-store.de/heiztechnik/elektrische-fussbodenheizungen/elektrische-fussbodenheizung-200watt-wifi-thermostat-elektrisch-twin-technologie_5040_4803;https://cdn03.plentyone.com/iidhyn1xr43q/item/images/5040/full/Fussbodenheizung-3-Thermostate2-pxo.jpg;Heiztechnik > Elektrische Fußbodenheizungen;JWS;False;1;2026-09-16T11:54:57+00:00
5415_540;Elektrische Fußbodenheizung 200Watt WiFi Thermostat Elektrisch TWIN Technologie;249.9;249.9;False;0.0;True;boolean;Sofort versandfertig, Lieferzeit 48h;2;1000;https://www.jws-store.de/heiztechnik/elektrische-fussbodenheizungen/elektrische-fussbodenheizung-200watt-wifi-thermostat-elektrisch-twin-technologie_5040_4819;https://cdn03.plentyone.com/iidhyn1xr43q/item/images/5040/full/Fussbodenheizung-3-Thermostate2-pxo.jpg;Heiztechnik > Elektrische Fußbodenheizungen;JWS;False;1;2026-09-16T11:54:57+00:00
5415_;Elektrische Fußbodenheizung 200Watt WiFi Thermostat Elektrisch TWIN Technologie;179.9;179.9;False;0.0;True;boolean;Sofort versandfertig, Lieferzeit 48h;2;1000;https://www.jws-store.de/heiztechnik/elektrische-fussbodenheizungen/elektrische-fussbodenheizung-200watt-wifi-thermostat-elektrisch-twin-technologie_5040_4835;https://cdn03.plentyone.com/iidhyn1xr43q/item/images/5040/full/Fussbodenheizung-3-Thermostate2-pxo.jpg;Heiztechnik > Elektrische Fußbodenheizungen;JWS;False;1;2026-09-16T11:54:57+00:00
5370_134;Elektrische Fußbodenheizung 200Watt WiFi Thermostat Elektrisch TWIN Technologie;134.9;134.9;False;0.0;True;boolean;Sofort versandfertig, Lieferzeit 48h;2;1000;https://www.jws-store.de/heiztechnik/elektrische-fussbodenheizungen/elektrische-fussbodenheizung-200watt-wifi-thermostat-elektrisch-twin-technologie_5040_5048;https://cdn03.plentyone.com/iidhyn1xr43q/item/images/5040/full/Fussbodenheizung-3-Thermostate2-pxo.jpg;Heiztechnik > Elektrische Fußbodenheizungen;JWS;False;1;2026-09-16T11:54:57+00:00
5370_133;Elektrische Fußbodenheizung 200Watt WiFi Thermostat Elektrisch TWIN Technologie;144.9;144.9;False;0.0;True;boolean;Sofort versandfertig, Lieferzeit 48h;2;1000;https://www.jws-store.de/heiztechnik/elektrische-fussbodenheizungen/elektrische-fussbodenheizung-200watt-wifi-thermostat-elektrisch-twin-technologie_5040_5064;https://cdn03.plentyone.com/iidhyn1xr43q/item/images/5040/full/Fussbodenheizung-3-Thermostate2-pxo.jpg;Heiztechnik > Elektrische Fußbodenheizungen;JWS;False;1;2026-09-16T11:54:57+00:00
5380_530;Elektrische Fußbodenheizung 200Watt WiFi Thermostat Elektrisch TWIN Technologie;179.9;179.9;False;0.0;True;boolean;Sofort versandfertig, Lieferzeit 48h;2;1000;https://www.jws-store.de/heiztechnik/elektrische-fussbodenheizungen/elektrische-fussbodenheizung-200watt-wifi-thermostat-elektrisch-twin-technologie_5040_4798;https://cdn03.plentyone.com/iidhyn1xr43q/item/images/5040/full/Fussbodenheizung-3-Thermostate2-pxo.jpg;Heiztechnik > Elektrische Fußbodenheizungen;JWS;False;1;2026-09-16T11:54:57+00:00
5380_540;Elektrische Fußbodenheizung 200Watt WiFi Thermostat Elektrisch TWIN Technologie;179.9;179.9;False;0.0;True;boolean;Sofort versandfertig, Lieferzeit 48h;2;1000;https://www.jws-store.de/heiztechnik/elektrische-fussbodenheizungen/elektrische-fussbodenheizung-200watt-wifi-thermostat-elektrisch-twin-technologie_5040_4814;https://cdn03.plentyone.com/iidhyn1xr43q/item/images/5040/full/Fussbodenheizung-3-Thermostate2-pxo.jpg;Heiztechnik > Elektrische Fußbodenheizungen;JWS;False;1;2026-09-16T11:54:57+00:00
5380_;Elektrische Fußbodenheizung 200Watt WiFi Thermostat Elektrisch TWIN Technologie;109.9;109.9;False;0.0;True;boolean;Sofort versandfertig, Lieferzeit 48h;2;1000;https://www.jws-store.de/heiztechnik/elektrische-fussbodenheizungen/elektrische-fussbodenheizung-200watt-wifi-thermostat-elektrisch-twin-technologie_5040_4830;https://cdn03.plentyone.com/iidhyn1xr43q/item/images/5040/full/Fussbodenheizung-3-Thermostate2-pxo.jpg;Heiztechnik > Elektrische Fußbodenheizungen;JWS;False;1;2026-09-16T11:54:57+00:00
5330_134;Elektrische Fußbodenheizung 200Watt WiFi Thermostat Elektrisch TWIN Technologie;87.9;87.9;False;0.0;True;boolean;Sofort versandfertig, Lieferzeit 48h;2;1000;https://www.jws-store.de/heiztechnik/elektrische-fussbodenheizungen/elektrische-fussbodenheizung-200watt-wifi-thermostat-elektrisch-twin-technologie_5040_5043;https://cdn03.plentyone.com/iidhyn1xr43q/item/images/5040/full/Fussbodenheizung-3-Thermostate2-pxo.jpg;Heiztechnik > Elektrische Fußbodenheizungen;JWS;False;1;2026-09-16T11:54:57+00:00
5330_133;Elektrische Fußbodenheizung 200Watt WiFi Thermostat Elektrisch TWIN Technologie;97.9;97.9;False;0.0;True;boolean;Sofort versandfertig, Lieferzeit 48h;2;1000;https://www.jws-store.de/heiztechnik/elektrische-fussbodenheizungen/elektrische-fussbodenheizung-200watt-wifi-thermostat-elektrisch-twin-technologie_5040_5059;https://cdn03.plentyone.com/iidhyn1xr43q/item/images/5040/full/Fussbodenheizung-3-Thermostate2-pxo.jpg;Heiztechnik > Elektrische Fußbodenheizungen;JWS;False;1;2026-09-16T11:54:57+00:00
5335_530;Elektrische Fußbodenheizung 200Watt WiFi Thermostat Elektrisch TWIN Technologie;127.9;127.9;False;0.0;True;boolean;Sofort versandfertig, Lieferzeit 48h;2;1000;https://www.jws-store.de/heiztechnik/elektrische-fussbodenheizungen/elektrische-fussbodenheizung-200watt-wifi-thermostat-elektrisch-twin-technologie_5040_4793;https://cdn03.plentyone.com/iidhyn1xr43q/item/images/5040/full/Fussbodenheizung-3-Thermostate2-pxo.jpg;Heiztechnik > Elektrische Fußbodenheizungen;JWS;False;1;2026-09-16T11:54:57+00:00
5335_540;Elektrische Fußbodenheizung 200Watt WiFi Thermostat Elektrisch TWIN Technologie;127.9;127.9;False;0.0;True;boolean;Sofort versandfertig, Lieferzeit 48h;2;1000;https://www.jws-store.de/heiztechnik/elektrische-fussbodenheizungen/elektrische-fussbodenheizung-200watt-wifi-thermostat-elektrisch-twin-technologie_5040_4809;https://cdn03.plentyone.com/iidhyn1xr43q/item/images/5040/full/Fussbodenheizung-3-Thermostate2-pxo.jpg;Heiztechnik > Elektrische Fußbodenheizungen;JWS;False;1;2026-09-16T11:54:57+00:00
5335_;Elektrische Fußbodenheizung 200Watt WiFi Thermostat Elektrisch TWIN Technologie;57.9;57.9;False;0.0;True;boolean;Sofort versandfertig, Lieferzeit 48h;2;1000;https://www.jws-store.de/heiztechnik/elektrische-fussbodenheizungen/elektrische-fussbodenheizung-200watt-wifi-thermostat-elektrisch-twin-technologie_5040_4825;https://cdn03.plentyone.com/iidhyn1xr43q/item/images/5040/full/Fussbodenheizung-3-Thermostate2-pxo.jpg;Heiztechnik > Elektrische Fußbodenheizungen;JWS;False;1;2026-09-16T11:54:57+00:00
5415_134;Elektrische Fußbodenheizung 200Watt WiFi Thermostat Elektrisch TWIN Technologie;214.9;214.9;False;0.0;True;boolean;Sofort versandfertig, Lieferzeit 48h;2;1000;https://www.jws-store.de/heiztechnik/elektrische-fussbodenheizungen/elektrische-fussbodenheizung-200watt-wifi-thermostat-elektrisch-twin-technologie_5040_5054;https://cdn03.plentyone.com/iidhyn1xr43q/item/images/5040/full/Fussbodenheizung-3-Thermostate2-pxo.jpg;Heiztechnik > Elektrische Fußbodenheizungen;JWS;False;1;2026-09-16T11:54:57+00:00
5415_133;Elektrische Fußbodenheizung 200Watt WiFi Thermostat Elektrisch TWIN Technologie;224.9;224.9;False;0.0;True;boolean;Sofort versandfertig, Lieferzeit 48h;2;1000;https://www.jws-store.de/heiztechnik/elektrische-fussbodenheizungen/elektrische-fussbodenheizung-200watt-wifi-thermostat-elektrisch-twin-technologie_5040_5070;https://cdn03.plentyone.com/iidhyn1xr43q/item/images/5040/full/Fussbodenheizung-3-Thermostate2-pxo.jpg;Heiztechnik > Elektrische Fußbodenheizungen;JWS;False;1;2026-09-16T11:54:57+00:00
5310_530;Elektrische Fußbodenheizung 200Watt WiFi Thermostat Elektrisch TWIN Technologie;105.9;105.9;False;0.0;True;boolean;Sofort versandfertig, Lieferzeit 48h;2;1000;https://www.jws-store.de/heiztechnik/elektrische-fussbodenheizungen/elektrische-fussbodenheizung-200watt-wifi-thermostat-elektrisch-twin-technologie_5040_4788;https://cdn03.plentyone.com/iidhyn1xr43q/item/images/5040/full/Fussbodenheizung-3-Thermostate2-pxo.jpg;Heiztechnik > Elektrische Fußbodenheizungen;JWS;False;1;2026-09-16T11:54:57+00:00
5310_540;Elektrische Fußbodenheizung 200Watt WiFi Thermostat Elektrisch TWIN Technologie;105.9;105.9;False;0.0;True;boolean;Sofort versandfertig, Lieferzeit 48h;2;1000;https://www.jws-store.de/heiztechnik/elektrische-fussbodenheizungen/elektrische-fussbodenheizung-200watt-wifi-thermostat-elektrisch-twin-technologie_5040_4804;https://cdn03.plentyone.com/iidhyn1xr43q/item/images/5040/full/Fussbodenheizung-3-Thermostate2-pxo.jpg;Heiztechnik > Elektrische Fußbodenheizungen;JWS;False;1;2026-09-16T11:54:57+00:00
5310_;Elektrische Fußbodenheizung 200Watt WiFi Thermostat Elektrisch TWIN Technologie;35.9;35.9;False;0.0;True;boolean;Sofort versandfertig, Lieferzeit 48h;2;1000;https://www.jws-store.de/heiztechnik/elektrische-fussbodenheizungen/elektrische-fussbodenheizung-200watt-wifi-thermostat-elektrisch-twin-technologie_5040_4820;https://cdn03.plentyone.com/iidhyn1xr43q/item/images/5040/full/Fussbodenheizung-3-Thermostate2-pxo.jpg;Heiztechnik > Elektrische Fußbodenheizungen;JWS;False;1;2026-09-16T11:54:57+00:00
5380_134;Elektrische Fußbodenheizung 200Watt WiFi Thermostat Elektrisch TWIN Technologie;144.9;144.9;False;0.0;True;boolean;Sofort versandfertig, Lieferzeit 48h;2;1000;https://www.jws-store.de/heiztechnik/elektrische-fussbodenheizungen/elektrische-fussbodenheizung-200watt-wifi-thermostat-elektrisch-twin-technologie_5040_5049;https://cdn03.plentyone.com/iidhyn1xr43q/item/images/5040/full/Fussbodenheizung-3-Thermostate2-pxo.jpg;Heiztechnik > Elektrische Fußbodenheizungen;JWS;False;1;2026-09-16T11:54:57+00:00
5380_133;Elektrische Fußbodenheizung 200Watt WiFi Thermostat Elektrisch TWIN Technologie;154.9;154.9;False;0.0;True;boolean;Sofort versandfertig, Lieferzeit 48h;2;1000;https://www.jws-store.de/heiztechnik/elektrische-fussbodenheizungen/elektrische-fussbodenheizung-200watt-wifi-thermostat-elektrisch-twin-technologie_5040_5065;https://cdn03.plentyone.com/iidhyn1xr43q/item/images/5040/full/Fussbodenheizung-3-Thermostate2-pxo.jpg;Heiztechnik > Elektrische Fußbodenheizungen;JWS;False;1;2026-09-16T11:54:57+00:00
5390_530;Elektrische Fußbodenheizung 200Watt WiFi Thermostat Elektrisch TWIN Technologie;193.9;193.9;False;0.0;True;boolean;Sofort versandfertig, Lieferzeit 48h;2;1000;https://www.jws-store.de/heiztechnik/elektrische-fussbodenheizungen/elektrische-fussbodenheizung-200watt-wifi-thermostat-elektrisch-twin-technologie_5040_4799;https://cdn03.plentyone.com/iidhyn1xr43q/item/images/5040/full/Fussbodenheizung-3-Thermostate2-pxo.jpg;Heiztechnik > Elektrische Fußbodenheizungen;JWS;False;1;2026-09-16T11:54:57+00:00
5390_540;Elektrische Fußbodenheizung 200Watt WiFi Thermostat Elektrisch TWIN Technologie;193.9;193.9;False;0.0;True;boolean;Sofort versandfertig, Lieferzeit 48h;2;1000;https://www.jws-store.de/heiztechnik/elektrische-fussbodenheizungen/elektrische-fussbodenheizung-200watt-wifi-thermostat-elektrisch-twin-technologie_5040_4815;https://cdn03.plentyone.com/iidhyn1xr43q/item/images/5040/full/Fussbodenheizung-3-Thermostate2-pxo.jpg;Heiztechnik > Elektrische Fußbodenheizungen;JWS;False;1;2026-09-16T11:54:57+00:00
5390_;Elektrische Fußbodenheizung 200Watt WiFi Thermostat Elektrisch TWIN Technologie;123.9;123.9;False;0.0;True;boolean;Sofort versandfertig, Lieferzeit 48h;2;1000;https://www.jws-store.de/heiztechnik/elektrische-fussbodenheizungen/elektrische-fussbodenheizung-200watt-wifi-thermostat-elektrisch-twin-technologie_5040_4831;https://cdn03.plentyone.com/iidhyn1xr43q/item/images/5040/full/Fussbodenheizung-3-Thermostate2-pxo.jpg;Heiztechnik > Elektrische Fußbodenheizungen;JWS;False;1;2026-09-16T11:54:57+00:00
5335_134;Elektrische Fußbodenheizung 200Watt WiFi Thermostat Elektrisch TWIN Technologie;92.9;92.9;False;0.0;True;boolean;Sofort versandfertig, Lieferzeit 48h;2;1000;https://www.jws-store.de/heiztechnik/elektrische-fussbodenheizungen/elektrische-fussbodenheizung-200watt-wifi-thermostat-elektrisch-twin-technologie_5040_5044;https://cdn03.plentyone.com/iidhyn1xr43q/item/images/5040/full/Fussbodenheizung-3-Thermostate2-pxo.jpg;Heiztechnik > Elektrische Fußbodenheizungen;JWS;False;1;2026-09-16T11:54:57+00:00
5335_133;Elektrische Fußbodenheizung 200Watt WiFi Thermostat Elektrisch TWIN Technologie;102.9;102.9;False;0.0;True;boolean;Sofort versandfertig, Lieferzeit 48h;2;1000;https://www.jws-store.de/heiztechnik/elektrische-fussbodenheizungen/elektrische-fussbodenheizung-200watt-wifi-thermostat-elektrisch-twin-technologie_5040_5060;https://cdn03.plentyone.com/iidhyn1xr43q/item/images/5040/full/Fussbodenheizung-3-Thermostate2-pxo.jpg;Heiztechnik > Elektrische Fußbodenheizungen;JWS;False;1;2026-09-16T11:54:57+00:00
5340_530;Elektrische Fußbodenheizung 200Watt WiFi Thermostat Elektrisch TWIN Technologie;133.9;133.9;False;0.0;True;boolean;Sofort versandfertig, Lieferzeit 48h;2;1000;https://www.jws-store.de/heiztechnik/elektrische-fussbodenheizungen/elektrische-fussbodenheizung-200watt-wifi-thermostat-elektrisch-twin-technologie_5040_4794;https://cdn03.plentyone.com/iidhyn1xr43q/item/images/5040/full/Fussbodenheizung-3-Thermostate2-pxo.jpg;Heiztechnik > Elektrische Fußbodenheizungen;JWS;False;1;2026-09-16T11:54:57+00:00
5340_540;Elektrische Fußbodenheizung 200Watt WiFi Thermostat Elektrisch TWIN Technologie;133.9;133.9;False;0.0;True;boolean;Sofort versandfertig, Lieferzeit 48h;2;1000;https://www.jws-store.de/heiztechnik/elektrische-fussbodenheizungen/elektrische-fussbodenheizung-200watt-wifi-thermostat-elektrisch-twin-technologie_5040_4810;https://cdn03.plentyone.com/iidhyn1xr43q/item/images/5040/full/Fussbodenheizung-3-Thermostate2-pxo.jpg;Heiztechnik > Elektrische Fußbodenheizungen;JWS;False;1;2026-09-16T11:54:57+00:00
5340_;Elektrische Fußbodenheizung 200Watt WiFi Thermostat Elektrisch TWIN Technologie;63.9;63.9;False;0.0;True;boolean;Sofort versandfertig, Lieferzeit 48h;2;1000;https://www.jws-store.de/heiztechnik/elektrische-fussbodenheizungen/elektrische-fussbodenheizung-200watt-wifi-thermostat-elektrisch-twin-technologie_5040_4826;https://cdn03.plentyone.com/iidhyn1xr43q/item/images/5040/full/Fussbodenheizung-3-Thermostate2-pxo.jpg;Heiztechnik > Elektrische Fußbodenheizungen;JWS;False;1;2026-09-16T11:54:57+00:00
5310_134;Elektrische Fußbodenheizung 200Watt WiFi Thermostat Elektrisch TWIN Technologie;70.9;70.9;False;0.0;True;boolean;Sofort versandfertig, Lieferzeit 48h;2;1000;https://www.jws-store.de/heiztechnik/elektrische-fussbodenheizungen/elektrische-fussbodenheizung-200watt-wifi-thermostat-elektrisch-twin-technologie_5040_5039;https://cdn03.plentyone.com/iidhyn1xr43q/item/images/5040/full/Fussbodenheizung-3-Thermostate2-pxo.jpg;Heiztechnik > Elektrische Fußbodenheizungen;JWS;False;1;2026-09-16T11:54:57+00:00
5310_133;Elektrische Fußbodenheizung 200Watt WiFi Thermostat Elektrisch TWIN Technologie;80.9;80.9;False;0.0;True;boolean;Sofort versandfertig, Lieferzeit 48h;2;1000;https://www.jws-store.de/heiztechnik/elektrische-fussbodenheizungen/elektrische-fussbodenheizung-200watt-wifi-thermostat-elektrisch-twin-technologie_5040_5055;https://cdn03.plentyone.com/iidhyn1xr43q/item/images/5040/full/Fussbodenheizung-3-Thermostate2-pxo.jpg;Heiztechnik > Elektrische Fußbodenheizungen;JWS;False;1;2026-09-16T11:54:57+00:00
5315_530;Elektrische Fußbodenheizung 200Watt WiFi Thermostat Elektrisch TWIN Technologie;107.9;107.9;False;0.0;True;boolean;Sofort versandfertig, Lieferzeit 48h;2;1000;https://www.jws-store.de/heiztechnik/elektrische-fussbodenheizungen/elektrische-fussbodenheizung-200watt-wifi-thermostat-elektrisch-twin-technologie_5040_4789;https://cdn03.plentyone.com/iidhyn1xr43q/item/images/5040/full/Fussbodenheizung-3-Thermostate2-pxo.jpg;Heiztechnik > Elektrische Fußbodenheizungen;JWS;False;1;2026-09-16T11:54:57+00:00
5315_540;Elektrische Fußbodenheizung 200Watt WiFi Thermostat Elektrisch TWIN Technologie;107.9;107.9;False;0.0;True;boolean;Sofort versandfertig, Lieferzeit 48h;2;1000;https://www.jws-store.de/heiztechnik/elektrische-fussbodenheizungen/elektrische-fussbodenheizung-200watt-wifi-thermostat-elektrisch-twin-technologie_5040_4805;https://cdn03.plentyone.com/iidhyn1xr43q/item/images/5040/full/Fussbodenheizung-3-Thermostate2-pxo.jpg;Heiztechnik > Elektrische Fußbodenheizungen;JWS;False;1;2026-09-16T11:54:57+00:00
5315_;Elektrische Fußbodenheizung 200Watt WiFi Thermostat Elektrisch TWIN Technologie;37.9;37.9;False;0.0;True;boolean;Sofort versandfertig, Lieferzeit 48h;2;1000;https://www.jws-store.de/heiztechnik/elektrische-fussbodenheizungen/elektrische-fussbodenheizung-200watt-wifi-thermostat-elektrisch-twin-technologie_5040_4821;https://cdn03.plentyone.com/iidhyn1xr43q/item/images/5040/full/Fussbodenheizung-3-Thermostate2-pxo.jpg;Heiztechnik > Elektrische Fußbodenheizungen;JWS;False;1;2026-09-16T11:54:57+00:00
5390_134;Elektrische Fußbodenheizung 200Watt WiFi Thermostat Elektrisch TWIN Technologie;158.9;158.9;False;0.0;True;boolean;Sofort versandfertig, Lieferzeit 48h;2;1000;https://www.jws-store.de/heiztechnik/elektrische-fussbodenheizungen/elektrische-fussbodenheizung-200watt-wifi-thermostat-elektrisch-twin-technologie_5040_5050;https://cdn03.plentyone.com/iidhyn1xr43q/item/images/5040/full/Fussbodenheizung-3-Thermostate2-pxo.jpg;Heiztechnik > Elektrische Fußbodenheizungen;JWS;False;1;2026-09-16T11:54:57+00:00
5390_133;Elektrische Fußbodenheizung 200Watt WiFi Thermostat Elektrisch TWIN Technologie;168.9;168.9;False;0.0;True;boolean;Sofort versandfertig, Lieferzeit 48h;2;1000;https://www.jws-store.de/heiztechnik/elektrische-fussbodenheizungen/elektrische-fussbodenheizung-200watt-wifi-thermostat-elektrisch-twin-technologie_5040_5066;https://cdn03.plentyone.com/iidhyn1xr43q/item/images/5040/full/Fussbodenheizung-3-Thermostate2-pxo.jpg;Heiztechnik > Elektrische Fußbodenheizungen;JWS;False;1;2026-09-16T11:54:57+00:00
5410_530;Elektrische Fußbodenheizung 200Watt WiFi Thermostat Elektrisch TWIN Technologie;202.9;202.9;False;0.0;True;boolean;Sofort versandfertig, Lieferzeit 48h;2;1000;https://www.jws-store.de/heiztechnik/elektrische-fussbodenheizungen/elektrische-fussbodenheizung-200watt-wifi-thermostat-elektrisch-twin-technologie_5040_4800;https://cdn03.plentyone.com/iidhyn1xr43q/item/images/5040/full/Fussbodenheizung-3-Thermostate2-pxo.jpg;Heiztechnik > Elektrische Fußbodenheizungen;JWS;False;1;2026-09-16T11:54:57+00:00
5410_540;Elektrische Fußbodenheizung 200Watt WiFi Thermostat Elektrisch TWIN Technologie;202.9;202.9;False;0.0;True;boolean;Sofort versandfertig, Lieferzeit 48h;2;1000;https://www.jws-store.de/heiztechnik/elektrische-fussbodenheizungen/elektrische-fussbodenheizung-200watt-wifi-thermostat-elektrisch-twin-technologie_5040_4816;https://cdn03.plentyone.com/iidhyn1xr43q/item/images/5040/full/Fussbodenheizung-3-Thermostate2-pxo.jpg;Heiztechnik > Elektrische Fußbodenheizungen;JWS;False;1;2026-09-16T11:54:57+00:00
5410_;Elektrische Fußbodenheizung 200Watt WiFi Thermostat Elektrisch TWIN Technologie;132.9;132.9;False;0.0;True;boolean;Sofort versandfertig, Lieferzeit 48h;2;1000;https://www.jws-store.de/heiztechnik/elektrische-fussbodenheizungen/elektrische-fussbodenheizung-200watt-wifi-thermostat-elektrisch-twin-technologie_5040_4832;https://cdn03.plentyone.com/iidhyn1xr43q/item/images/5040/full/Fussbodenheizung-3-Thermostate2-pxo.jpg;Heiztechnik > Elektrische Fußbodenheizungen;JWS;False;1;2026-09-16T11:54:57+00:00
5340_134;Elektrische Fußbodenheizung 200Watt WiFi Thermostat Elektrisch TWIN Technologie;98.9;98.9;False;0.0;True;boolean;Sofort versandfertig, Lieferzeit 48h;2;1000;https://www.jws-store.de/heiztechnik/elektrische-fussbodenheizungen/elektrische-fussbodenheizung-200watt-wifi-thermostat-elektrisch-twin-technologie_5040_5045;https://cdn03.plentyone.com/iidhyn1xr43q/item/images/5040/full/Fussbodenheizung-3-Thermostate2-pxo.jpg;Heiztechnik > Elektrische Fußbodenheizungen;JWS;False;1;2026-09-16T11:54:57+00:00
5340_133;Elektrische Fußbodenheizung 200Watt WiFi Thermostat Elektrisch TWIN Technologie;108.9;108.9;False;0.0;True;boolean;Sofort versandfertig, Lieferzeit 48h;2;1000;https://www.jws-store.de/heiztechnik/elektrische-fussbodenheizungen/elektrische-fussbodenheizung-200watt-wifi-thermostat-elektrisch-twin-technologie_5040_5061;https://cdn03.plentyone.com/iidhyn1xr43q/item/images/5040/full/Fussbodenheizung-3-Thermostate2-pxo.jpg;Heiztechnik > Elektrische Fußbodenheizungen;JWS;False;1;2026-09-16T11:54:57+00:00
5350_530;Elektrische Fußbodenheizung 200Watt WiFi Thermostat Elektrisch TWIN Technologie;145.9;145.9;False;0.0;True;boolean;Sofort versandfertig, Lieferzeit 48h;2;1000;https://www.jws-store.de/heiztechnik/elektrische-fussbodenheizungen/elektrische-fussbodenheizung-200watt-wifi-thermostat-elektrisch-twin-technologie_5040_4795;https://cdn03.plentyone.com/iidhyn1xr43q/item/images/5040/full/Fussbodenheizung-3-Thermostate2-pxo.jpg;Heiztechnik > Elektrische Fußbodenheizungen;JWS;False;1;2026-09-16T11:54:57+00:00
5350_540;Elektrische Fußbodenheizung 200Watt WiFi Thermostat Elektrisch TWIN Technologie;145.9;145.9;False;0.0;True;boolean;Sofort versandfertig, Lieferzeit 48h;2;1000;https://www.jws-store.de/heiztechnik/elektrische-fussbodenheizungen/elektrische-fussbodenheizung-200watt-wifi-thermostat-elektrisch-twin-technologie_5040_4811;https://cdn03.plentyone.com/iidhyn1xr43q/item/images/5040/full/Fussbodenheizung-3-Thermostate2-pxo.jpg;Heiztechnik > Elektrische Fußbodenheizungen;JWS;False;1;2026-09-16T11:54:57+00:00
5350_;Elektrische Fußbodenheizung 200Watt WiFi Thermostat Elektrisch TWIN Technologie;75.9;75.9;False;0.0;True;boolean;Sofort versandfertig, Lieferzeit 48h;2;1000;https://www.jws-store.de/heiztechnik/elektrische-fussbodenheizungen/elektrische-fussbodenheizung-200watt-wifi-thermostat-elektrisch-twin-technologie_5040_4827;https://cdn03.plentyone.com/iidhyn1xr43q/item/images/5040/full/Fussbodenheizung-3-Thermostate2-pxo.jpg;Heiztechnik > Elektrische Fußbodenheizungen;JWS;False;1;2026-09-16T11:54:57+00:00
5315_134;Elektrische Fußbodenheizung 200Watt WiFi Thermostat Elektrisch TWIN Technologie;72.9;72.9;False;0.0;True;boolean;Sofort versandfertig, Lieferzeit 48h;2;1000;https://www.jws-store.de/heiztechnik/elektrische-fussbodenheizungen/elektrische-fussbodenheizung-200watt-wifi-thermostat-elektrisch-twin-technologie_5040_5040;https://cdn03.plentyone.com/iidhyn1xr43q/item/images/5040/full/Fussbodenheizung-3-Thermostate2-pxo.jpg;Heiztechnik > Elektrische Fußbodenheizungen;JWS;False;1;2026-09-16T11:54:57+00:00
5315_133;Elektrische Fußbodenheizung 200Watt WiFi Thermostat Elektrisch TWIN Technologie;82.9;82.9;False;0.0;True;boolean;Sofort versandfertig, Lieferzeit 48h;2;1000;https://www.jws-store.de/heiztechnik/elektrische-fussbodenheizungen/elektrische-fussbodenheizung-200watt-wifi-thermostat-elektrisch-twin-technologie_5040_5056;https://cdn03.plentyone.com/iidhyn1xr43q/item/images/5040/full/Fussbodenheizung-3-Thermostate2-pxo.jpg;Heiztechnik > Elektrische Fußbodenheizungen;JWS;False;1;2026-09-16T11:54:57+00:00
5320_530;Elektrische Fußbodenheizung 200Watt WiFi Thermostat Elektrisch TWIN Technologie;115.9;115.9;False;0.0;True;boolean;Sofort versandfertig, Lieferzeit 48h;2;1000;https://www.jws-store.de/heiztechnik/elektrische-fussbodenheizungen/elektrische-fussbodenheizung-200watt-wifi-thermostat-elektrisch-twin-technologie_5040_4790;https://cdn03.plentyone.com/iidhyn1xr43q/item/images/5040/full/Fussbodenheizung-3-Thermostate2-pxo.jpg;Heiztechnik > Elektrische Fußbodenheizungen;JWS;False;1;2026-09-16T11:54:57+00:00
5320_540;Elektrische Fußbodenheizung 200Watt WiFi Thermostat Elektrisch TWIN Technologie;115.9;115.9;False;0.0;True;boolean;Sofort versandfertig, Lieferzeit 48h;2;1000;https://www.jws-store.de/heiztechnik/elektrische-fussbodenheizungen/elektrische-fussbodenheizung-200watt-wifi-thermostat-elektrisch-twin-technologie_5040_4806;https://cdn03.plentyone.com/iidhyn1xr43q/item/images/5040/full/Fussbodenheizung-3-Thermostate2-pxo.jpg;Heiztechnik > Elektrische Fußbodenheizungen;JWS;False;1;2026-09-16T11:54:57+00:00
5320_;Elektrische Fußbodenheizung 200Watt WiFi Thermostat Elektrisch TWIN Technologie;45.9;45.9;False;0.0;True;boolean;Sofort versandfertig, Lieferzeit 48h;2;1000;https://www.jws-store.de/heiztechnik/elektrische-fussbodenheizungen/elektrische-fussbodenheizung-200watt-wifi-thermostat-elektrisch-twin-technologie_5040_4822;https://cdn03.plentyone.com/iidhyn1xr43q/item/images/5040/full/Fussbodenheizung-3-Thermostate2-pxo.jpg;Heiztechnik > Elektrische Fußbodenheizungen;JWS;False;1;2026-09-16T11:54:57+00:00
5410_134;Elektrische Fußbodenheizung 200Watt WiFi Thermostat Elektrisch TWIN Technologie;167.9;167.9;False;0.0;True;boolean;Sofort versandfertig, Lieferzeit 48h;2;1000;https://www.jws-store.de/heiztechnik/elektrische-fussbodenheizungen/elektrische-fussbodenheizung-200watt-wifi-thermostat-elektrisch-twin-technologie_5040_5051;https://cdn03.plentyone.com/iidhyn1xr43q/item/images/5040/full/Fussbodenheizung-3-Thermostate2-pxo.jpg;Heiztechnik > Elektrische Fußbodenheizungen;JWS;False;1;2026-09-16T11:54:57+00:00
5410_133;Elektrische Fußbodenheizung 200Watt WiFi Thermostat Elektrisch TWIN Technologie;177.9;177.9;False;0.0;True;boolean;Sofort versandfertig, Lieferzeit 48h;2;1000;https://www.jws-store.de/heiztechnik/elektrische-fussbodenheizungen/elektrische-fussbodenheizung-200watt-wifi-thermostat-elektrisch-twin-technologie_5040_5067;https://cdn03.plentyone.com/iidhyn1xr43q/item/images/5040/full/Fussbodenheizung-3-Thermostate2-pxo.jpg;Heiztechnik > Elektrische Fußbodenheizungen;JWS;False;1;2026-09-16T11:54:57+00:00
5411_530;Elektrische Fußbodenheizung 200Watt WiFi Thermostat Elektrisch TWIN Technologie;215.9;215.9;False;0.0;True;boolean;Sofort versandfertig, Lieferzeit 48h;2;1000;https://www.jws-store.de/heiztechnik/elektrische-fussbodenheizungen/elektrische-fussbodenheizung-200watt-wifi-thermostat-elektrisch-twin-technologie_5040_4801;https://cdn03.plentyone.com/iidhyn1xr43q/item/images/5040/full/Fussbodenheizung-3-Thermostate2-pxo.jpg;Heiztechnik > Elektrische Fußbodenheizungen;JWS;False;1;2026-09-16T11:54:57+00:00
5411_540;Elektrische Fußbodenheizung 200Watt WiFi Thermostat Elektrisch TWIN Technologie;215.9;215.9;False;0.0;True;boolean;Sofort versandfertig, Lieferzeit 48h;2;1000;https://www.jws-store.de/heiztechnik/elektrische-fussbodenheizungen/elektrische-fussbodenheizung-200watt-wifi-thermostat-elektrisch-twin-technologie_5040_4817;https://cdn03.plentyone.com/iidhyn1xr43q/item/images/5040/full/Fussbodenheizung-3-Thermostate2-pxo.jpg;Heiztechnik > Elektrische Fußbodenheizungen;JWS;False;1;2026-09-16T11:54:57+00:00
5411_;Elektrische Fußbodenheizung 200Watt WiFi Thermostat Elektrisch TWIN Technologie;145.9;145.9;False;0.0;True;boolean;Sofort versandfertig, Lieferzeit 48h;2;1000;https://www.jws-store.de/heiztechnik/elektrische-fussbodenheizungen/elektrische-fussbodenheizung-200watt-wifi-thermostat-elektrisch-twin-technologie_5040_4833;https://cdn03.plentyone.com/iidhyn1xr43q/item/images/5040/full/Fussbodenheizung-3-Thermostate2-pxo.jpg;Heiztechnik > Elektrische Fußbodenheizungen;JWS;False;1;2026-09-16T11:54:57+00:00
5350_134;Elektrische Fußbodenheizung 200Watt WiFi Thermostat Elektrisch TWIN Technologie;110.9;110.9;False;0.0;True;boolean;Sofort versandfertig, Lieferzeit 48h;2;1000;https://www.jws-store.de/heiztechnik/elektrische-fussbodenheizungen/elektrische-fussbodenheizung-200watt-wifi-thermostat-elektrisch-twin-technologie_5040_5046;https://cdn03.plentyone.com/iidhyn1xr43q/item/images/5040/full/Fussbodenheizung-3-Thermostate2-pxo.jpg;Heiztechnik > Elektrische Fußbodenheizungen;JWS;False;1;2026-09-16T11:54:57+00:00
5350_133;Elektrische Fußbodenheizung 200Watt WiFi Thermostat Elektrisch TWIN Technologie;120.9;120.9;False;0.0;True;boolean;Sofort versandfertig, Lieferzeit 48h;2;1000;https://www.jws-store.de/heiztechnik/elektrische-fussbodenheizungen/elektrische-fussbodenheizung-200watt-wifi-thermostat-elektrisch-twin-technologie_5040_5062;https://cdn03.plentyone.com/iidhyn1xr43q/item/images/5040/full/Fussbodenheizung-3-Thermostate2-pxo.jpg;Heiztechnik > Elektrische Fußbodenheizungen;JWS;False;1;2026-09-16T11:54:57+00:00
5360_530;Elektrische Fußbodenheizung 200Watt WiFi Thermostat Elektrisch TWIN Technologie;155.9;155.9;False;0.0;True;boolean;Sofort versandfertig, Lieferzeit 48h;2;1000;https://www.jws-store.de/heiztechnik/elektrische-fussbodenheizungen/elektrische-fussbodenheizung-200watt-wifi-thermostat-elektrisch-twin-technologie_5040_4796;https://cdn03.plentyone.com/iidhyn1xr43q/item/images/5040/full/Fussbodenheizung-3-Thermostate2-pxo.jpg;Heiztechnik > Elektrische Fußbodenheizungen;JWS;False;1;2026-09-16T11:54:57+00:00
5360_540;Elektrische Fußbodenheizung 200Watt WiFi Thermostat Elektrisch TWIN Technologie;155.9;155.9;False;0.0;True;boolean;Sofort versandfertig, Lieferzeit 48h;2;1000;https://www.jws-store.de/heiztechnik/elektrische-fussbodenheizungen/elektrische-fussbodenheizung-200watt-wifi-thermostat-elektrisch-twin-technologie_5040_4812;https://cdn03.plentyone.com/iidhyn1xr43q/item/images/5040/full/Fussbodenheizung-3-Thermostate2-pxo.jpg;Heiztechnik > Elektrische Fußbodenheizungen;JWS;False;1;2026-09-16T11:54:57+00:00
5360_;Elektrische Fußbodenheizung 200Watt WiFi Thermostat Elektrisch TWIN Technologie;85.9;85.9;False;0.0;True;boolean;Sofort versandfertig, Lieferzeit 48h;2;1000;https://www.jws-store.de/heiztechnik/elektrische-fussbodenheizungen/elektrische-fussbodenheizung-200watt-wifi-thermostat-elektrisch-twin-technologie_5040_4828;https://cdn03.plentyone.com/iidhyn1xr43q/item/images/5040/full/Fussbodenheizung-3-Thermostate2-pxo.jpg;Heiztechnik > Elektrische Fußbodenheizungen;JWS;False;1;2026-09-16T11:54:57+00:00
5320_134;Elektrische Fußbodenheizung 200Watt WiFi Thermostat Elektrisch TWIN Technologie;80.9;80.9;False;0.0;True;boolean;Sofort versandfertig, Lieferzeit 48h;2;1000;https://www.jws-store.de/heiztechnik/elektrische-fussbodenheizungen/elektrische-fussbodenheizung-200watt-wifi-thermostat-elektrisch-twin-technologie_5040_5041;https://cdn03.plentyone.com/iidhyn1xr43q/item/images/5040/full/Fussbodenheizung-3-Thermostate2-pxo.jpg;Heiztechnik > Elektrische Fußbodenheizungen;JWS;False;1;2026-09-16T11:54:57+00:00
5320_133;Elektrische Fußbodenheizung 200Watt WiFi Thermostat Elektrisch TWIN Technologie;90.9;90.9;False;0.0;True;boolean;Sofort versandfertig, Lieferzeit 48h;2;1000;https://www.jws-store.de/heiztechnik/elektrische-fussbodenheizungen/elektrische-fussbodenheizung-200watt-wifi-thermostat-elektrisch-twin-technologie_5040_5057;https://cdn03.plentyone.com/iidhyn1xr43q/item/images/5040/full/Fussbodenheizung-3-Thermostate2-pxo.jpg;Heiztechnik > Elektrische Fußbodenheizungen;JWS;False;1;2026-09-16T11:54:57+00:00
5325_530;Elektrische Fußbodenheizung 200Watt WiFi Thermostat Elektrisch TWIN Technologie;117.9;117.9;False;0.0;True;boolean;Sofort versandfertig, Lieferzeit 48h;2;1000;https://www.jws-store.de/heiztechnik/elektrische-fussbodenheizungen/elektrische-fussbodenheizung-200watt-wifi-thermostat-elektrisch-twin-technologie_5040_4791;https://cdn03.plentyone.com/iidhyn1xr43q/item/images/5040/full/Fussbodenheizung-3-Thermostate2-pxo.jpg;Heiztechnik > Elektrische Fußbodenheizungen;JWS;False;1;2026-09-16T11:54:57+00:00
5325_540;Elektrische Fußbodenheizung 200Watt WiFi Thermostat Elektrisch TWIN Technologie;117.9;117.9;False;0.0;True;boolean;Sofort versandfertig, Lieferzeit 48h;2;1000;https://www.jws-store.de/heiztechnik/elektrische-fussbodenheizungen/elektrische-fussbodenheizung-200watt-wifi-thermostat-elektrisch-twin-technologie_5040_4807;https://cdn03.plentyone.com/iidhyn1xr43q/item/images/5040/full/Fussbodenheizung-3-Thermostate2-pxo.jpg;Heiztechnik > Elektrische Fußbodenheizungen;JWS;False;1;2026-09-16T11:54:57+00:00
5325_;Elektrische Fußbodenheizung 200Watt WiFi Thermostat Elektrisch TWIN Technologie;47.9;47.9;False;0.0;True;boolean;Sofort versandfertig, Lieferzeit 48h;2;1000;https://www.jws-store.de/heiztechnik/elektrische-fussbodenheizungen/elektrische-fussbodenheizung-200watt-wifi-thermostat-elektrisch-twin-technologie_5040_4823;https://cdn03.plentyone.com/iidhyn1xr43q/item/images/5040/full/Fussbodenheizung-3-Thermostate2-pxo.jpg;Heiztechnik > Elektrische Fußbodenheizungen;JWS;False;1;2026-09-16T11:54:57+00:00
5411_134;Elektrische Fußbodenheizung 200Watt WiFi Thermostat Elektrisch TWIN Technologie;180.9;180.9;False;0.0;True;boolean;Sofort versandfertig, Lieferzeit 48h;2;1000;https://www.jws-store.de/heiztechnik/elektrische-fussbodenheizungen/elektrische-fussbodenheizung-200watt-wifi-thermostat-elektrisch-twin-technologie_5040_5052;https://cdn03.plentyone.com/iidhyn1xr43q/item/images/5040/full/Fussbodenheizung-3-Thermostate2-pxo.jpg;Heiztechnik > Elektrische Fußbodenheizungen;JWS;False;1;2026-09-16T11:54:57+00:00
5411_133;Elektrische Fußbodenheizung 200Watt WiFi Thermostat Elektrisch TWIN Technologie;190.9;190.9;False;0.0;True;boolean;Sofort versandfertig, Lieferzeit 48h;2;1000;https://www.jws-store.de/heiztechnik/elektrische-fussbodenheizungen/elektrische-fussbodenheizung-200watt-wifi-thermostat-elektrisch-twin-technologie_5040_5068;https://cdn03.plentyone.com/iidhyn1xr43q/item/images/5040/full/Fussbodenheizung-3-Thermostate2-pxo.jpg;Heiztechnik > Elektrische Fußbodenheizungen;JWS;False;1;2026-09-16T11:54:57+00:00
5412_530;Elektrische Fußbodenheizung 200Watt WiFi Thermostat Elektrisch TWIN Technologie;224.9;224.9;False;0.0;True;boolean;Sofort versandfertig, Lieferzeit 48h;2;1000;https://www.jws-store.de/heiztechnik/elektrische-fussbodenheizungen/elektrische-fussbodenheizung-200watt-wifi-thermostat-elektrisch-twin-technologie_5040_4802;https://cdn03.plentyone.com/iidhyn1xr43q/item/images/5040/full/Fussbodenheizung-3-Thermostate2-pxo.jpg;Heiztechnik > Elektrische Fußbodenheizungen;JWS;False;1;2026-09-16T11:54:57+00:00
5412_540;Elektrische Fußbodenheizung 200Watt WiFi Thermostat Elektrisch TWIN Technologie;224.9;224.9;False;0.0;True;boolean;Sofort versandfertig, Lieferzeit 48h;2;1000;https://www.jws-store.de/heiztechnik/elektrische-fussbodenheizungen/elektrische-fussbodenheizung-200watt-wifi-thermostat-elektrisch-twin-technologie_5040_4818;https://cdn03.plentyone.com/iidhyn1xr43q/item/images/5040/full/Fussbodenheizung-3-Thermostate2-pxo.jpg;Heiztechnik > Elektrische Fußbodenheizungen;JWS;False;1;2026-09-16T11:54:57+00:00
5412_;Elektrische Fußbodenheizung 200Watt WiFi Thermostat Elektrisch TWIN Technologie;154.9;154.9;False;0.0;True;boolean;Sofort versandfertig, Lieferzeit 48h;2;1000;https://www.jws-store.de/heiztechnik/elektrische-fussbodenheizungen/elektrische-fussbodenheizung-200watt-wifi-thermostat-elektrisch-twin-technologie_5040_4834;https://cdn03.plentyone.com/iidhyn1xr43q/item/images/5040/full/Fussbodenheizung-3-Thermostate2-pxo.jpg;Heiztechnik > Elektrische Fußbodenheizungen;JWS;False;1;2026-09-16T11:54:57+00:00
5360_134;Elektrische Fußbodenheizung 200Watt WiFi Thermostat Elektrisch TWIN Technologie;120.9;120.9;False;0.0;True;boolean;Sofort versandfertig, Lieferzeit 48h;2;1000;https://www.jws-store.de/heiztechnik/elektrische-fussbodenheizungen/elektrische-fussbodenheizung-200watt-wifi-thermostat-elektrisch-twin-technologie_5040_5047;https://cdn03.plentyone.com/iidhyn1xr43q/item/images/5040/full/Fussbodenheizung-3-Thermostate2-pxo.jpg;Heiztechnik > Elektrische Fußbodenheizungen;JWS;False;1;2026-09-16T11:54:57+00:00
5360_133;Elektrische Fußbodenheizung 200Watt WiFi Thermostat Elektrisch TWIN Technologie;130.9;130.9;False;0.0;True;boolean;Sofort versandfertig, Lieferzeit 48h;2;1000;https://www.jws-store.de/heiztechnik/elektrische-fussbodenheizungen/elektrische-fussbodenheizung-200watt-wifi-thermostat-elektrisch-twin-technologie_5040_5063;https://cdn03.plentyone.com/iidhyn1xr43q/item/images/5040/full/Fussbodenheizung-3-Thermostate2-pxo.jpg;Heiztechnik > Elektrische Fußbodenheizungen;JWS;False;1;2026-09-16T11:54:57+00:00
5370_530;Elektrische Fußbodenheizung 200Watt WiFi Thermostat Elektrisch TWIN Technologie;169.9;169.9;False;0.0;True;boolean;Sofort versandfertig, Lieferzeit 48h;2;1000;https://www.jws-store.de/heiztechnik/elektrische-fussbodenheizungen/elektrische-fussbodenheizung-200watt-wifi-thermostat-elektrisch-twin-technologie_5040_4797;https://cdn03.plentyone.com/iidhyn1xr43q/item/images/5040/full/Fussbodenheizung-3-Thermostate2-pxo.jpg;Heiztechnik > Elektrische Fußbodenheizungen;JWS;False;1;2026-09-16T11:54:57+00:00
5370_540;Elektrische Fußbodenheizung 200Watt WiFi Thermostat Elektrisch TWIN Technologie;169.9;169.9;False;0.0;True;boolean;Sofort versandfertig, Lieferzeit 48h;2;1000;https://www.jws-store.de/heiztechnik/elektrische-fussbodenheizungen/elektrische-fussbodenheizung-200watt-wifi-thermostat-elektrisch-twin-technologie_5040_4813;https://cdn03.plentyone.com/iidhyn1xr43q/item/images/5040/full/Fussbodenheizung-3-Thermostate2-pxo.jpg;Heiztechnik > Elektrische Fußbodenheizungen;JWS;False;1;2026-09-16T11:54:57+00:00
5370_;Elektrische Fußbodenheizung 200Watt WiFi Thermostat Elektrisch TWIN Technologie;99.9;99.9;False;0.0;True;boolean;Sofort versandfertig, Lieferzeit 48h;2;1000;https://www.jws-store.de/heiztechnik/elektrische-fussbodenheizungen/elektrische-fussbodenheizung-200watt-wifi-thermostat-elektrisch-twin-technologie_5040_4829;https://cdn03.plentyone.com/iidhyn1xr43q/item/images/5040/full/Fussbodenheizung-3-Thermostate2-pxo.jpg;Heiztechnik > Elektrische Fußbodenheizungen;JWS;False;1;2026-09-16T11:54:57+00:00
5325_134;Elektrische Fußbodenheizung 200Watt WiFi Thermostat Elektrisch TWIN Technologie;82.9;82.9;False;0.0;True;boolean;Sofort versandfertig, Lieferzeit 48h;2;1000;https://www.jws-store.de/heiztechnik/elektrische-fussbodenheizungen/elektrische-fussbodenheizung-200watt-wifi-thermostat-elektrisch-twin-technologie_5040_5042;https://cdn03.plentyone.com/iidhyn1xr43q/item/images/5040/full/Fussbodenheizung-3-Thermostate2-pxo.jpg;Heiztechnik > Elektrische Fußbodenheizungen;JWS;False;1;2026-09-16T11:54:57+00:00
5325_133;Elektrische Fußbodenheizung 200Watt WiFi Thermostat Elektrisch TWIN Technologie;92.9;92.9;False;0.0;True;boolean;Sofort versandfertig, Lieferzeit 48h;2;1000;https://www.jws-store.de/heiztechnik/elektrische-fussbodenheizungen/elektrische-fussbodenheizung-200watt-wifi-thermostat-elektrisch-twin-technologie_5040_5058;https://cdn03.plentyone.com/iidhyn1xr43q/item/images/5040/full/Fussbodenheizung-3-Thermostate2-pxo.jpg;Heiztechnik > Elektrische Fußbodenheizungen;JWS;False;1;2026-09-16T11:54:57+00:00
5325..;Elektrische Fußbodenheizung 200Watt je m² Elektrisch TWIN Technologie JWS;47.9;47.9;False;0.0;True;boolean;Sofort versandfertig, Lieferzeit 48h;2;1000;https://www.jws-store.de/elektrische-fussbodenheizung-200watt-je-m-elektrisch-twin-technologie-jws_5005_3416;https://cdn03.plentyone.com/iidhyn1xr43q/item/images/5005/full/Heizmatte-Fussbodenheizung.jpg;Heiztechnik > Elektrische Fußbodenheizungen;JWS;False;1;2026-09-16T11:54:57+00:00
5412..;Elektrische Fußbodenheizung 200Watt je m² Elektrisch TWIN Technologie JWS;154.9;154.9;False;0.0;True;boolean;Sofort versandfertig, Lieferzeit 48h;2;1000;https://www.jws-store.de/elektrische-fussbodenheizung-200watt-je-m-elektrisch-twin-technologie-jws_5005_3427;https://cdn03.plentyone.com/iidhyn1xr43q/item/images/5005/full/Heizmatte-Fussbodenheizung.jpg;Heiztechnik > Elektrische Fußbodenheizungen;JWS;False;1;2026-09-16T11:54:57+00:00
5370..;Elektrische Fußbodenheizung 200Watt je m² Elektrisch TWIN Technologie JWS;99.9;99.9;False;0.0;True;boolean;Sofort versandfertig, Lieferzeit 48h;2;1000;https://www.jws-store.de/elektrische-fussbodenheizung-200watt-je-m-elektrisch-twin-technologie-jws_5005_3422;https://cdn03.plentyone.com/iidhyn1xr43q/item/images/5005/full/Heizmatte-Fussbodenheizung.jpg;Heiztechnik > Elektrische Fußbodenheizungen;JWS;False;1;2026-09-16T11:54:57+00:00
5330..;Elektrische Fußbodenheizung 200Watt je m² Elektrisch TWIN Technologie JWS;52.9;52.9;False;0.0;True;boolean;Sofort versandfertig, Lieferzeit 48h;2;1000;https://www.jws-store.de/elektrische-fussbodenheizung-200watt-je-m-elektrisch-twin-technologie-jws_5005_3417;https://cdn03.plentyone.com/iidhyn1xr43q/item/images/5005/full/Heizmatte-Fussbodenheizung.jpg;Heiztechnik > Elektrische Fußbodenheizungen;JWS;False;1;2026-09-16T11:54:57+00:00
5005;Elektrische Fußbodenheizung 200Watt je m² Elektrisch TWIN Technologie JWS;35.9;35.9;False;0.0;True;boolean;Sofort versandfertig, Lieferzeit 48h;2;1000;https://www.jws-store.de/elektrische-fussbodenheizung-200watt-je-m-elektrisch-twin-technologie-jws_5005_3409;https://cdn03.plentyone.com/iidhyn1xr43q/item/images/5005/full/Heizmatte-Fussbodenheizung.jpg;Heiztechnik > Elektrische Fußbodenheizungen;JWS;False;1;2026-09-16T11:54:57+00:00
5415..;Elektrische Fußbodenheizung 200Watt je m² Elektrisch TWIN Technologie JWS;179.9;179.9;False;0.0;True;boolean;Sofort versandfertig, Lieferzeit 48h;2;1000;https://www.jws-store.de/elektrische-fussbodenheizung-200watt-je-m-elektrisch-twin-technologie-jws_5005_3428;https://cdn03.plentyone.com/iidhyn1xr43q/item/images/5005/full/Heizmatte-Fussbodenheizung.jpg;Heiztechnik > Elektrische Fußbodenheizungen;JWS;False;1;2026-09-16T11:54:57+00:00
5380..;Elektrische Fußbodenheizung 200Watt je m² Elektrisch TWIN Technologie JWS;109.9;109.9;False;0.0;True;boolean;Sofort versandfertig, Lieferzeit 48h;2;1000;https://www.jws-store.de/elektrische-fussbodenheizung-200watt-je-m-elektrisch-twin-technologie-jws_5005_3423;https://cdn03.plentyone.com/iidhyn1xr43q/item/images/5005/full/Heizmatte-Fussbodenheizung.jpg;Heiztechnik > Elektrische Fußbodenheizungen;JWS;False;1;2026-09-16T11:54:57+00:00
5335..;Elektrische Fußbodenheizung 200Watt je m² Elektrisch TWIN Technologie JWS;57.9;57.9;False;0.0;True;boolean;Sofort versandfertig, Lieferzeit 48h;2;1000;https://www.jws-store.de/elektrische-fussbodenheizung-200watt-je-m-elektrisch-twin-technologie-jws_5005_3418;https://cdn03.plentyone.com/iidhyn1xr43q/item/images/5005/full/Heizmatte-Fussbodenheizung.jpg;Heiztechnik > Elektrische Fußbodenheizungen;JWS;False;1;2026-09-16T11:54:57+00:00
5310..;Elektrische Fußbodenheizung 200Watt je m² Elektrisch TWIN Technologie JWS;35.9;35.9;False;0.0;True;boolean;Sofort versandfertig, Lieferzeit 48h;2;1000;https://www.jws-store.de/elektrische-fussbodenheizung-200watt-je-m-elektrisch-twin-technologie-jws_5005_3413;https://cdn03.plentyone.com/iidhyn1xr43q/item/images/5005/full/Heizmatte-Fussbodenheizung.jpg;Heiztechnik > Elektrische Fußbodenheizungen;JWS;False;1;2026-09-16T11:54:57+00:00
5390..;Elektrische Fußbodenheizung 200Watt je m² Elektrisch TWIN Technologie JWS;123.9;123.9;False;0.0;True;boolean;Sofort versandfertig, Lieferzeit 48h;2;1000;https://www.jws-store.de/elektrische-fussbodenheizung-200watt-je-m-elektrisch-twin-technologie-jws_5005_3424;https://cdn03.plentyone.com/iidhyn1xr43q/item/images/5005/full/Heizmatte-Fussbodenheizung.jpg;Heiztechnik > Elektrische Fußbodenheizungen;JWS;False;1;2026-09-16T11:54:57+00:00
5340..;Elektrische Fußbodenheizung 200Watt je m² Elektrisch TWIN Technologie JWS;63.9;63.9;False;0.0;True;boolean;Sofort versandfertig, Lieferzeit 48h;2;1000;https://www.jws-store.de/elektrische-fussbodenheizung-200watt-je-m-elektrisch-twin-technologie-jws_5005_3419;https://cdn03.plentyone.com/iidhyn1xr43q/item/images/5005/full/Heizmatte-Fussbodenheizung.jpg;Heiztechnik > Elektrische Fußbodenheizungen;JWS;False;1;2026-09-16T11:54:57+00:00
5315..;Elektrische Fußbodenheizung 200Watt je m² Elektrisch TWIN Technologie JWS;37.9;37.9;False;0.0;True;boolean;Sofort versandfertig, Lieferzeit 48h;2;1000;https://www.jws-store.de/elektrische-fussbodenheizung-200watt-je-m-elektrisch-twin-technologie-jws_5005_3414;https://cdn03.plentyone.com/iidhyn1xr43q/item/images/5005/full/Heizmatte-Fussbodenheizung.jpg;Heiztechnik > Elektrische Fußbodenheizungen;JWS;False;1;2026-09-16T11:54:57+00:00
5410..;Elektrische Fußbodenheizung 200Watt je m² Elektrisch TWIN Technologie JWS;132.9;132.9;False;0.0;True;boolean;Sofort versandfertig, Lieferzeit 48h;2;1000;https://www.jws-store.de/elektrische-fussbodenheizung-200watt-je-m-elektrisch-twin-technologie-jws_5005_3425;https://cdn03.plentyone.com/iidhyn1xr43q/item/images/5005/full/Heizmatte-Fussbodenheizung.jpg;Heiztechnik > Elektrische Fußbodenheizungen;JWS;False;1;2026-09-16T11:54:57+00:00
5350..;Elektrische Fußbodenheizung 200Watt je m² Elektrisch TWIN Technologie JWS;75.9;75.9;False;0.0;True;boolean;Sofort versandfertig, Lieferzeit 48h;2;1000;https://www.jws-store.de/elektrische-fussbodenheizung-200watt-je-m-elektrisch-twin-technologie-jws_5005_3420;https://cdn03.plentyone.com/iidhyn1xr43q/item/images/5005/full/Heizmatte-Fussbodenheizung.jpg;Heiztechnik > Elektrische Fußbodenheizungen;JWS;False;1;2026-09-16T11:54:57+00:00
5320..;Elektrische Fußbodenheizung 200Watt je m² Elektrisch TWIN Technologie JWS;45.9;45.9;False;0.0;True;boolean;Sofort versandfertig, Lieferzeit 48h;2;1000;https://www.jws-store.de/elektrische-fussbodenheizung-200watt-je-m-elektrisch-twin-technologie-jws_5005_3415;https://cdn03.plentyone.com/iidhyn1xr43q/item/images/5005/full/Heizmatte-Fussbodenheizung.jpg;Heiztechnik > Elektrische Fußbodenheizungen;JWS;False;1;2026-09-16T11:54:57+00:00
5411..;Elektrische Fußbodenheizung 200Watt je m² Elektrisch TWIN Technologie JWS;145.9;145.9;False;0.0;True;boolean;Sofort versandfertig, Lieferzeit 48h;2;1000;https://www.jws-store.de/elektrische-fussbodenheizung-200watt-je-m-elektrisch-twin-technologie-jws_5005_3426;https://cdn03.plentyone.com/iidhyn1xr43q/item/images/5005/full/Heizmatte-Fussbodenheizung.jpg;Heiztechnik > Elektrische Fußbodenheizungen;JWS;False;1;2026-09-16T11:54:57+00:00
5360..;Elektrische Fußbodenheizung 200Watt je m² Elektrisch TWIN Technologie JWS;85.9;85.9;False;0.0;True;boolean;Sofort versandfertig, Lieferzeit 48h;2;1000;https://www.jws-store.de/elektrische-fussbodenheizung-200watt-je-m-elektrisch-twin-technologie-jws_5005_3421;https://cdn03.plentyone.com/iidhyn1xr43q/item/images/5005/full/Heizmatte-Fussbodenheizung.jpg;Heiztechnik > Elektrische Fußbodenheizungen;JWS;False;1;2026-09-16T11:54:57+00:00
5310_132.;Elektrische Fußbodenheizung 200Watt je m² Thermostat Touch schwarz Elektrisch TWIN Technologie JWS verschiedene Größen;68.9;68.9;False;0.0;True;boolean;Sofort versandfertig, Lieferzeit 48h;2;1000;https://www.jws-store.de/elektrische-fussbodenheizung-200watt-je-m-thermostat-touch-schwarz-elektrisch-twin-technologie-jws_5008_3461;https://cdn03.plentyone.com/iidhyn1xr43q/item/images/5008/full/Fussbodenheizung-thermostat-schwarz.jpg;Heiztechnik > Elektrische Fußbodenheizungen;JWS;False;1;2026-09-16T11:54:57+00:00
5390_132.;Elektrische Fußbodenheizung 200Watt je m² Thermostat Touch schwarz Elektrisch TWIN Technologie JWS verschiedene Größen;156.9;156.9;False;0.0;True;boolean;Sofort versandfertig, Lieferzeit 48h;2;1000;https://www.jws-store.de/elektrische-fussbodenheizung-200watt-je-m-thermostat-touch-schwarz-elektrisch-twin-technologie-jws_5008_3472;https://cdn03.plentyone.com/iidhyn1xr43q/item/images/5008/full/Fussbodenheizung-thermostat-schwarz.jpg;Heiztechnik > Elektrische Fußbodenheizungen;JWS;False;1;2026-09-16T11:54:57+00:00
5340_132.;Elektrische Fußbodenheizung 200Watt je m² Thermostat Touch schwarz Elektrisch TWIN Technologie JWS verschiedene Größen;96.9;96.9;False;0.0;True;boolean;Sofort versandfertig, Lieferzeit 48h;2;1000;https://www.jws-store.de/elektrische-fussbodenheizung-200watt-je-m-thermostat-touch-schwarz-elektrisch-twin-technologie-jws_5008_3467;https://cdn03.plentyone.com/iidhyn1xr43q/item/images/5008/full/Fussbodenheizung-thermostat-schwarz.jpg;Heiztechnik > Elektrische Fußbodenheizungen;JWS;False;1;2026-09-16T11:54:57+00:00
5315_132.;Elektrische Fußbodenheizung 200Watt je m² Thermostat Touch schwarz Elektrisch TWIN Technologie JWS verschiedene Größen;70.9;70.9;False;0.0;True;boolean;Sofort versandfertig, Lieferzeit 48h;2;1000;https://www.jws-store.de/elektrische-fussbodenheizung-200watt-je-m-thermostat-touch-schwarz-elektrisch-twin-technologie-jws_5008_3462;https://cdn03.plentyone.com/iidhyn1xr43q/item/images/5008/full/Fussbodenheizung-thermostat-schwarz.jpg;Heiztechnik > Elektrische Fußbodenheizungen;JWS;False;1;2026-09-16T11:54:57+00:00
5410_132.;Elektrische Fußbodenheizung 200Watt je m² Thermostat Touch schwarz Elektrisch TWIN Technologie JWS verschiedene Größen;165.9;165.9;False;0.0;True;boolean;Sofort versandfertig, Lieferzeit 48h;2;1000;https://www.jws-store.de/elektrische-fussbodenheizung-200watt-je-m-thermostat-touch-schwarz-elektrisch-twin-technologie-jws_5008_3473;https://cdn03.plentyone.com/iidhyn1xr43q/item/images/5008/full/Fussbodenheizung-thermostat-schwarz.jpg;Heiztechnik > Elektrische Fußbodenheizungen;JWS;False;1;2026-09-16T11:54:57+00:00
5350_132.;Elektrische Fußbodenheizung 200Watt je m² Thermostat Touch schwarz Elektrisch TWIN Technologie JWS verschiedene Größen;108.9;108.9;False;0.0;True;boolean;Sofort versandfertig, Lieferzeit 48h;2;1000;https://www.jws-store.de/elektrische-fussbodenheizung-200watt-je-m-thermostat-touch-schwarz-elektrisch-twin-technologie-jws_5008_3468;https://cdn03.plentyone.com/iidhyn1xr43q/item/images/5008/full/Fussbodenheizung-thermostat-schwarz.jpg;Heiztechnik > Elektrische Fußbodenheizungen;JWS;False;1;2026-09-16T11:54:57+00:00
5320_132.;Elektrische Fußbodenheizung 200Watt je m² Thermostat Touch schwarz Elektrisch TWIN Technologie JWS verschiedene Größen;78.9;78.9;False;0.0;True;boolean;Sofort versandfertig, Lieferzeit 48h;2;1000;https://www.jws-store.de/elektrische-fussbodenheizung-200watt-je-m-thermostat-touch-schwarz-elektrisch-twin-technologie-jws_5008_3463;https://cdn03.plentyone.com/iidhyn1xr43q/item/images/5008/full/Fussbodenheizung-thermostat-schwarz.jpg;Heiztechnik > Elektrische Fußbodenheizungen;JWS;False;1;2026-09-16T11:54:57+00:00
5411_132.;Elektrische Fußbodenheizung 200Watt je m² Thermostat Touch schwarz Elektrisch TWIN Technologie JWS verschiedene Größen;178.9;178.9;False;0.0;True;boolean;Sofort versandfertig, Lieferzeit 48h;2;1000;https://www.jws-store.de/elektrische-fussbodenheizung-200watt-je-m-thermostat-touch-schwarz-elektrisch-twin-technologie-jws_5008_3474;https://cdn03.plentyone.com/iidhyn1xr43q/item/images/5008/full/Fussbodenheizung-thermostat-schwarz.jpg;Heiztechnik > Elektrische Fußbodenheizungen;JWS;False;1;2026-09-16T11:54:57+00:00
5360_132.;Elektrische Fußbodenheizung 200Watt je m² Thermostat Touch schwarz Elektrisch TWIN Technologie JWS verschiedene Größen;118.9;118.9;False;0.0;True;boolean;Sofort versandfertig, Lieferzeit 48h;2;1000;https://www.jws-store.de/elektrische-fussbodenheizung-200watt-je-m-thermostat-touch-schwarz-elektrisch-twin-technologie-jws_5008_3469;https://cdn03.plentyone.com/iidhyn1xr43q/item/images/5008/full/Fussbodenheizung-thermostat-schwarz.jpg;Heiztechnik > Elektrische Fußbodenheizungen;JWS;False;1;2026-09-16T11:54:57+00:00
5325_132.;Elektrische Fußbodenheizung 200Watt je m² Thermostat Touch schwarz Elektrisch TWIN Technologie JWS verschiedene Größen;80.9;80.9;False;0.0;True;boolean;Sofort versandfertig, Lieferzeit 48h;2;1000;https://www.jws-store.de/elektrische-fussbodenheizung-200watt-je-m-thermostat-touch-schwarz-elektrisch-twin-technologie-jws_5008_3464;https://cdn03.plentyone.com/iidhyn1xr43q/item/images/5008/full/Fussbodenheizung-thermostat-schwarz.jpg;Heiztechnik > Elektrische Fußbodenheizungen;JWS;False;1;2026-09-16T11:54:57+00:00
5412_132.;Elektrische Fußbodenheizung 200Watt je m² Thermostat Touch schwarz Elektrisch TWIN Technologie JWS verschiedene Größen;187.9;187.9;False;0.0;True;boolean;Sofort versandfertig, Lieferzeit 48h;2;1000;https://www.jws-store.de/elektrische-fussbodenheizung-200watt-je-m-thermostat-touch-schwarz-elektrisch-twin-technologie-jws_5008_3475;https://cdn03.plentyone.com/iidhyn1xr43q/item/images/5008/full/Fussbodenheizung-thermostat-schwarz.jpg;Heiztechnik > Elektrische Fußbodenheizungen;JWS;False;1;2026-09-16T11:54:57+00:00
5370_132.;Elektrische Fußbodenheizung 200Watt je m² Thermostat Touch schwarz Elektrisch TWIN Technologie JWS verschiedene Größen;132.9;132.9;False;0.0;True;boolean;Sofort versandfertig, Lieferzeit 48h;2;1000;https://www.jws-store.de/elektrische-fussbodenheizung-200watt-je-m-thermostat-touch-schwarz-elektrisch-twin-technologie-jws_5008_3470;https://cdn03.plentyone.com/iidhyn1xr43q/item/images/5008/full/Fussbodenheizung-thermostat-schwarz.jpg;Heiztechnik > Elektrische Fußbodenheizungen;JWS;False;1;2026-09-16T11:54:57+00:00
5330_132.;Elektrische Fußbodenheizung 200Watt je m² Thermostat Touch schwarz Elektrisch TWIN Technologie JWS verschiedene Größen;85.9;85.9;False;0.0;True;boolean;Sofort versandfertig, Lieferzeit 48h;2;1000;https://www.jws-store.de/elektrische-fussbodenheizung-200watt-je-m-thermostat-touch-schwarz-elektrisch-twin-technologie-jws_5008_3465;https://cdn03.plentyone.com/iidhyn1xr43q/item/images/5008/full/Fussbodenheizung-thermostat-schwarz.jpg;Heiztechnik > Elektrische Fußbodenheizungen;JWS;False;1;2026-09-16T11:54:57+00:00
5008;Elektrische Fußbodenheizung 200Watt je m² Thermostat Touch schwarz Elektrisch TWIN Technologie JWS verschiedene Größen;68.9;68.9;False;0.0;True;boolean;Sofort versandfertig, Lieferzeit 48h;2;1000;https://www.jws-store.de/elektrische-fussbodenheizung-200watt-je-m-thermostat-touch-schwarz-elektrisch-twin-technologie-jws_5008_3412;https://cdn03.plentyone.com/iidhyn1xr43q/item/images/5008/full/Fussbodenheizung-thermostat-schwarz.jpg;Heiztechnik > Elektrische Fußbodenheizungen;JWS;False;1;2026-09-16T11:54:57+00:00
5415_132.;Elektrische Fußbodenheizung 200Watt je m² Thermostat Touch schwarz Elektrisch TWIN Technologie JWS verschiedene Größen;212.9;212.9;False;0.0;True;boolean;Sofort versandfertig, Lieferzeit 48h;2;1000;https://www.jws-store.de/elektrische-fussbodenheizung-200watt-je-m-thermostat-touch-schwarz-elektrisch-twin-technologie-jws_5008_3476;https://cdn03.plentyone.com/iidhyn1xr43q/item/images/5008/full/Fussbodenheizung-thermostat-schwarz.jpg;Heiztechnik > Elektrische Fußbodenheizungen;JWS;False;1;2026-09-16T11:54:57+00:00
5380_132.;Elektrische Fußbodenheizung 200Watt je m² Thermostat Touch schwarz Elektrisch TWIN Technologie JWS verschiedene Größen;142.9;142.9;False;0.0;True;boolean;Sofort versandfertig, Lieferzeit 48h;2;1000;https://www.jws-store.de/elektrische-fussbodenheizung-200watt-je-m-thermostat-touch-schwarz-elektrisch-twin-technologie-jws_5008_3471;https://cdn03.plentyone.com/iidhyn1xr43q/item/images/5008/full/Fussbodenheizung-thermostat-schwarz.jpg;Heiztechnik > Elektrische Fußbodenheizungen;JWS;False;1;2026-09-16T11:54:57+00:00
5335_132.;Elektrische Fußbodenheizung 200Watt je m² Thermostat Touch schwarz Elektrisch TWIN Technologie JWS verschiedene Größen;90.9;90.9;False;0.0;True;boolean;Sofort versandfertig, Lieferzeit 48h;2;1000;https://www.jws-store.de/elektrische-fussbodenheizung-200watt-je-m-thermostat-touch-schwarz-elektrisch-twin-technologie-jws_5008_3466;https://cdn03.plentyone.com/iidhyn1xr43q/item/images/5008/full/Fussbodenheizung-thermostat-schwarz.jpg;Heiztechnik > Elektrische Fußbodenheizungen;JWS;False;1;2026-09-16T11:54:57+00:00
5315_251;Elektrische Fußbodenheizung 200Watt je m² Thermostat Touch weiß Elektrisch TWIN Technologie JWS verschiedene Größen;62.9;62.9;False;0.0;True;boolean;Sofort versandfertig, Lieferzeit 48h;2;1000;https://www.jws-store.de/elektrische-fussbodenheizung-200watt-je-m-thermostat-touch-weiss-elektrisch-twin-technologie-jws_5007_3446;https://cdn03.plentyone.com/iidhyn1xr43q/item/images/5007/full/Elektrische-Fussbodenheizung3.jpg;Heiztechnik > Elektrische Fußbodenheizungen;JWS;False;1;2026-09-16T11:54:57+00:00
5410_251;Elektrische Fußbodenheizung 200Watt je m² Thermostat Touch weiß Elektrisch TWIN Technologie JWS verschiedene Größen;157.9;157.9;False;0.0;True;boolean;Sofort versandfertig, Lieferzeit 48h;2;1000;https://www.jws-store.de/elektrische-fussbodenheizung-200watt-je-m-thermostat-touch-weiss-elektrisch-twin-technologie-jws_5007_3457;https://cdn03.plentyone.com/iidhyn1xr43q/item/images/5007/full/Elektrische-Fussbodenheizung3.jpg;Heiztechnik > Elektrische Fußbodenheizungen;JWS;False;1;2026-09-16T11:54:57+00:00
5350_251;Elektrische Fußbodenheizung 200Watt je m² Thermostat Touch weiß Elektrisch TWIN Technologie JWS verschiedene Größen;100.9;100.9;False;0.0;True;boolean;Sofort versandfertig, Lieferzeit 48h;2;1000;https://www.jws-store.de/elektrische-fussbodenheizung-200watt-je-m-thermostat-touch-weiss-elektrisch-twin-technologie-jws_5007_3452;https://cdn03.plentyone.com/iidhyn1xr43q/item/images/5007/full/Elektrische-Fussbodenheizung3.jpg;Heiztechnik > Elektrische Fußbodenheizungen;JWS;False;1;2026-09-16T11:54:57+00:00
5320_251;Elektrische Fußbodenheizung 200Watt je m² Thermostat Touch weiß Elektrisch TWIN Technologie JWS verschiedene Größen;70.9;70.9;False;0.0;True;boolean;Sofort versandfertig, Lieferzeit 48h;2;1000;https://www.jws-store.de/elektrische-fussbodenheizung-200watt-je-m-thermostat-touch-weiss-elektrisch-twin-technologie-jws_5007_3447;https://cdn03.plentyone.com/iidhyn1xr43q/item/images/5007/full/Elektrische-Fussbodenheizung3.jpg;Heiztechnik > Elektrische Fußbodenheizungen;JWS;False;1;2026-09-16T11:54:57+00:00
5411_251;Elektrische Fußbodenheizung 200Watt je m² Thermostat Touch weiß Elektrisch TWIN Technologie JWS verschiedene Größen;170.9;170.9;False;0.0;True;boolean;Sofort versandfertig, Lieferzeit 48h;2;1000;https://www.jws-store.de/elektrische-fussbodenheizung-200watt-je-m-thermostat-touch-weiss-elektrisch-twin-technologie-jws_5007_3458;https://cdn03.plentyone.com/iidhyn1xr43q/item/images/5007/full/Elektrische-Fussbodenheizung3.jpg;Heiztechnik > Elektrische Fußbodenheizungen;JWS;False;1;2026-09-16T11:54:57+00:00
5360_251;Elektrische Fußbodenheizung 200Watt je m² Thermostat Touch weiß Elektrisch TWIN Technologie JWS verschiedene Größen;110.9;110.9;False;0.0;True;boolean;Sofort versandfertig, Lieferzeit 48h;2;1000;https://www.jws-store.de/elektrische-fussbodenheizung-200watt-je-m-thermostat-touch-weiss-elektrisch-twin-technologie-jws_5007_3453;https://cdn03.plentyone.com/iidhyn1xr43q/item/images/5007/full/Elektrische-Fussbodenheizung3.jpg;Heiztechnik > Elektrische Fußbodenheizungen;JWS;False;1;2026-09-16T11:54:57+00:00
5325_251;Elektrische Fußbodenheizung 200Watt je m² Thermostat Touch weiß Elektrisch TWIN Technologie JWS verschiedene Größen;72.9;72.9;False;0.0;True;boolean;Sofort versandfertig, Lieferzeit 48h;2;1000;https://www.jws-store.de/elektrische-fussbodenheizung-200watt-je-m-thermostat-touch-weiss-elektrisch-twin-technologie-jws_5007_3448;https://cdn03.plentyone.com/iidhyn1xr43q/item/images/5007/full/Elektrische-Fussbodenheizung3.jpg;Heiztechnik > Elektrische Fußbodenheizungen;JWS;False;1;2026-09-16T11:54:57+00:00
5412_251;Elektrische Fußbodenheizung 200Watt je m² Thermostat Touch weiß Elektrisch TWIN Technologie JWS verschiedene Größen;179.9;179.9;False;0.0;True;boolean;Sofort versandfertig, Lieferzeit 48h;2;1000;https://www.jws-store.de/elektrische-fussbodenheizung-200watt-je-m-thermostat-touch-weiss-elektrisch-twin-technologie-jws_5007_3459;https://cdn03.plentyone.com/iidhyn1xr43q/item/images/5007/full/Elektrische-Fussbodenheizung3.jpg;Heiztechnik > Elektrische Fußbodenheizungen;JWS;False;1;2026-09-16T11:54:57+00:00
5370_251;Elektrische Fußbodenheizung 200Watt je m² Thermostat Touch weiß Elektrisch TWIN Technologie JWS verschiedene Größen;124.9;124.9;False;0.0;True;boolean;Sofort versandfertig, Lieferzeit 48h;2;1000;https://www.jws-store.de/elektrische-fussbodenheizung-200watt-je-m-thermostat-touch-weiss-elektrisch-twin-technologie-jws_5007_3454;https://cdn03.plentyone.com/iidhyn1xr43q/item/images/5007/full/Elektrische-Fussbodenheizung3.jpg;Heiztechnik > Elektrische Fußbodenheizungen;JWS;False;1;2026-09-16T11:54:57+00:00
5330_251;Elektrische Fußbodenheizung 200Watt je m² Thermostat Touch weiß Elektrisch TWIN Technologie JWS verschiedene Größen;77.9;77.9;False;0.0;True;boolean;Sofort versandfertig, Lieferzeit 48h;2;1000;https://www.jws-store.de/elektrische-fussbodenheizung-200watt-je-m-thermostat-touch-weiss-elektrisch-twin-technologie-jws_5007_3449;https://cdn03.plentyone.com/iidhyn1xr43q/item/images/5007/full/Elektrische-Fussbodenheizung3.jpg;Heiztechnik > Elektrische Fußbodenheizungen;JWS;False;1;2026-09-16T11:54:57+00:00
5007;Elektrische Fußbodenheizung 200Watt je m² Thermostat Touch weiß Elektrisch TWIN Technologie JWS verschiedene Größen;60.9;60.9;False;0.0;True;boolean;Sofort versandfertig, Lieferzeit 48h;2;1000;https://www.jws-store.de/elektrische-fussbodenheizung-200watt-je-m-thermostat-touch-weiss-elektrisch-twin-technologie-jws_5007_3411;https://cdn03.plentyone.com/iidhyn1xr43q/item/images/5007/full/Elektrische-Fussbodenheizung3.jpg;Heiztechnik > Elektrische Fußbodenheizungen;JWS;False;1;2026-09-16T11:54:57+00:00
5415_251;Elektrische Fußbodenheizung 200Watt je m² Thermostat Touch weiß Elektrisch TWIN Technologie JWS verschiedene Größen;204.9;204.9;False;0.0;True;boolean;Sofort versandfertig, Lieferzeit 48h;2;1000;https://www.jws-store.de/elektrische-fussbodenheizung-200watt-je-m-thermostat-touch-weiss-elektrisch-twin-technologie-jws_5007_3460;https://cdn03.plentyone.com/iidhyn1xr43q/item/images/5007/full/Elektrische-Fussbodenheizung3.jpg;Heiztechnik > Elektrische Fußbodenheizungen;JWS;False;1;2026-09-16T11:54:57+00:00
5380_251;Elektrische Fußbodenheizung 200Watt je m² Thermostat Touch weiß Elektrisch TWIN Technologie JWS verschiedene Größen;134.9;134.9;False;0.0;True;boolean;Sofort versandfertig, Lieferzeit 48h;2;1000;https://www.jws-store.de/elektrische-fussbodenheizung-200watt-je-m-thermostat-touch-weiss-elektrisch-twin-technologie-jws_5007_3455;https://cdn03.plentyone.com/iidhyn1xr43q/item/images/5007/full/Elektrische-Fussbodenheizung3.jpg;Heiztechnik > Elektrische Fußbodenheizungen;JWS;False;1;2026-09-16T11:54:57+00:00
5335_251;Elektrische Fußbodenheizung 200Watt je m² Thermostat Touch weiß Elektrisch TWIN Technologie JWS verschiedene Größen;82.9;82.9;False;0.0;True;boolean;Sofort versandfertig, Lieferzeit 48h;2;1000;https://www.jws-store.de/elektrische-fussbodenheizung-200watt-je-m-thermostat-touch-weiss-elektrisch-twin-technologie-jws_5007_3450;https://cdn03.plentyone.com/iidhyn1xr43q/item/images/5007/full/Elektrische-Fussbodenheizung3.jpg;Heiztechnik > Elektrische Fußbodenheizungen;JWS;False;1;2026-09-16T11:54:57+00:00
5310_251;Elektrische Fußbodenheizung 200Watt je m² Thermostat Touch weiß Elektrisch TWIN Technologie JWS verschiedene Größen;60.9;60.9;False;0.0;True;boolean;Sofort versandfertig, Lieferzeit 48h;2;1000;https://www.jws-store.de/elektrische-fussbodenheizung-200watt-je-m-thermostat-touch-weiss-elektrisch-twin-technologie-jws_5007_3445;https://cdn03.plentyone.com/iidhyn1xr43q/item/images/5007/full/Elektrische-Fussbodenheizung3.jpg;Heiztechnik > Elektrische Fußbodenheizungen;JWS;False;1;2026-09-16T11:54:57+00:00
5390_251;Elektrische Fußbodenheizung 200Watt je m² Thermostat Touch weiß Elektrisch TWIN Technologie JWS verschiedene Größen;148.9;148.9;False;0.0;True;boolean;Sofort versandfertig, Lieferzeit 48h;2;1000;https://www.jws-store.de/elektrische-fussbodenheizung-200watt-je-m-thermostat-touch-weiss-elektrisch-twin-technologie-jws_5007_3456;https://cdn03.plentyone.com/iidhyn1xr43q/item/images/5007/full/Elektrische-Fussbodenheizung3.jpg;Heiztechnik > Elektrische Fußbodenheizungen;JWS;False;1;2026-09-16T11:54:57+00:00
5340_251;Elektrische Fußbodenheizung 200Watt je m² Thermostat Touch weiß Elektrisch TWIN Technologie JWS verschiedene Größen;85.9;85.9;False;0.0;True;boolean;Sofort versandfertig, Lieferzeit 48h;2;1000;https://www.jws-store.de/elektrische-fussbodenheizung-200watt-je-m-thermostat-touch-weiss-elektrisch-twin-technologie-jws_5007_3451;https://cdn03.plentyone.com/iidhyn1xr43q/item/images/5007/full/Elektrische-Fussbodenheizung3.jpg;Heiztechnik > Elektrische Fußbodenheizungen;JWS;False;1;2026-09-16T11:54:57+00:00
5310_253.;Elektrische Fußbodenheizung 200Watt je m² Thermostat analog Elektrisch TWIN Technologie JWS verschiedene Größen;50.9;50.9;False;0.0;True;boolean;Sofort versandfertig, Lieferzeit 48h;2;1000;https://www.jws-store.de/elektrische-fussbodenheizung-200watt-je-m-thermostat-analog-elektrisch-twin-technologie-jws_5006_3429;https://cdn03.plentyone.com/iidhyn1xr43q/item/images/5006/full/Elektrische-Fussbodenheizung2.jpg;Heiztechnik > Elektrische Fußbodenheizungen;JWS;False;1;2026-09-16T11:54:57+00:00
5390_253.;Elektrische Fußbodenheizung 200Watt je m² Thermostat analog Elektrisch TWIN Technologie JWS verschiedene Größen;138.9;138.9;False;0.0;True;boolean;Sofort versandfertig, Lieferzeit 48h;2;1000;https://www.jws-store.de/elektrische-fussbodenheizung-200watt-je-m-thermostat-analog-elektrisch-twin-technologie-jws_5006_3440;https://cdn03.plentyone.com/iidhyn1xr43q/item/images/5006/full/Elektrische-Fussbodenheizung2.jpg;Heiztechnik > Elektrische Fußbodenheizungen;JWS;False;1;2026-09-16T11:54:57+00:00
5340_253.;Elektrische Fußbodenheizung 200Watt je m² Thermostat analog Elektrisch TWIN Technologie JWS verschiedene Größen;78.9;78.9;False;0.0;True;boolean;Sofort versandfertig, Lieferzeit 48h;2;1000;https://www.jws-store.de/elektrische-fussbodenheizung-200watt-je-m-thermostat-analog-elektrisch-twin-technologie-jws_5006_3435;https://cdn03.plentyone.com/iidhyn1xr43q/item/images/5006/full/Elektrische-Fussbodenheizung2.jpg;Heiztechnik > Elektrische Fußbodenheizungen;JWS;False;1;2026-09-16T11:54:57+00:00
5315_253.;Elektrische Fußbodenheizung 200Watt je m² Thermostat analog Elektrisch TWIN Technologie JWS verschiedene Größen;52.9;52.9;False;0.0;True;boolean;Sofort versandfertig, Lieferzeit 48h;2;1000;https://www.jws-store.de/elektrische-fussbodenheizung-200watt-je-m-thermostat-analog-elektrisch-twin-technologie-jws_5006_3430;https://cdn03.plentyone.com/iidhyn1xr43q/item/images/5006/full/Elektrische-Fussbodenheizung2.jpg;Heiztechnik > Elektrische Fußbodenheizungen;JWS;False;1;2026-09-16T11:54:57+00:00
5410_253.;Elektrische Fußbodenheizung 200Watt je m² Thermostat analog Elektrisch TWIN Technologie JWS verschiedene Größen;147.9;147.9;False;0.0;True;boolean;Sofort versandfertig, Lieferzeit 48h;2;1000;https://www.jws-store.de/elektrische-fussbodenheizung-200watt-je-m-thermostat-analog-elektrisch-twin-technologie-jws_5006_3441;https://cdn03.plentyone.com/iidhyn1xr43q/item/images/5006/full/Elektrische-Fussbodenheizung2.jpg;Heiztechnik > Elektrische Fußbodenheizungen;JWS;False;1;2026-09-16T11:54:57+00:00
5350_253.;Elektrische Fußbodenheizung 200Watt je m² Thermostat analog Elektrisch TWIN Technologie JWS verschiedene Größen;90.9;90.9;False;0.0;True;boolean;Sofort versandfertig, Lieferzeit 48h;2;1000;https://www.jws-store.de/elektrische-fussbodenheizung-200watt-je-m-thermostat-analog-elektrisch-twin-technologie-jws_5006_3436;https://cdn03.plentyone.com/iidhyn1xr43q/item/images/5006/full/Elektrische-Fussbodenheizung2.jpg;Heiztechnik > Elektrische Fußbodenheizungen;JWS;False;1;2026-09-16T11:54:57+00:00
5320_253.;Elektrische Fußbodenheizung 200Watt je m² Thermostat analog Elektrisch TWIN Technologie JWS verschiedene Größen;60.9;60.9;False;0.0;True;boolean;Sofort versandfertig, Lieferzeit 48h;2;1000;https://www.jws-store.de/elektrische-fussbodenheizung-200watt-je-m-thermostat-analog-elektrisch-twin-technologie-jws_5006_3431;https://cdn03.plentyone.com/iidhyn1xr43q/item/images/5006/full/Elektrische-Fussbodenheizung2.jpg;Heiztechnik > Elektrische Fußbodenheizungen;JWS;False;1;2026-09-16T11:54:57+00:00
5006;Elektrische Fußbodenheizung 200Watt je m² Thermostat analog Elektrisch TWIN Technologie JWS verschiedene Größen;50.9;50.9;False;0.0;True;boolean;Sofort versandfertig, Lieferzeit 48h;2;1000;https://www.jws-store.de/elektrische-fussbodenheizung-200watt-je-m-thermostat-analog-elektrisch-twin-technologie-jws_5006_3410;https://cdn03.plentyone.com/iidhyn1xr43q/item/images/5006/full/Elektrische-Fussbodenheizung2.jpg;Heiztechnik > Elektrische Fußbodenheizungen;JWS;False;1;2026-09-16T11:54:57+00:00
5411_253.;Elektrische Fußbodenheizung 200Watt je m² Thermostat analog Elektrisch TWIN Technologie JWS verschiedene Größen;160.9;160.9;False;0.0;True;boolean;Sofort versandfertig, Lieferzeit 48h;2;1000;https://www.jws-store.de/elektrische-fussbodenheizung-200watt-je-m-thermostat-analog-elektrisch-twin-technologie-jws_5006_3442;https://cdn03.plentyone.com/iidhyn1xr43q/item/images/5006/full/Elektrische-Fussbodenheizung2.jpg;Heiztechnik > Elektrische Fußbodenheizungen;JWS;False;1;2026-09-16T11:54:57+00:00
5360_253.;Elektrische Fußbodenheizung 200Watt je m² Thermostat analog Elektrisch TWIN Technologie JWS verschiedene Größen;100.9;100.9;False;0.0;True;boolean;Sofort versandfertig, Lieferzeit 48h;2;1000;https://www.jws-store.de/elektrische-fussbodenheizung-200watt-je-m-thermostat-analog-elektrisch-twin-technologie-jws_5006_3437;https://cdn03.plentyone.com/iidhyn1xr43q/item/images/5006/full/Elektrische-Fussbodenheizung2.jpg;Heiztechnik > Elektrische Fußbodenheizungen;JWS;False;1;2026-09-16T11:54:57+00:00
5325_253.;Elektrische Fußbodenheizung 200Watt je m² Thermostat analog Elektrisch TWIN Technologie JWS verschiedene Größen;62.9;62.9;False;0.0;True;boolean;Sofort versandfertig, Lieferzeit 48h;2;1000;https://www.jws-store.de/elektrische-fussbodenheizung-200watt-je-m-thermostat-analog-elektrisch-twin-technologie-jws_5006_3432;https://cdn03.plentyone.com/iidhyn1xr43q/item/images/5006/full/Elektrische-Fussbodenheizung2.jpg;Heiztechnik > Elektrische Fußbodenheizungen;JWS;False;1;2026-09-16T11:54:57+00:00
5412_253.;Elektrische Fußbodenheizung 200Watt je m² Thermostat analog Elektrisch TWIN Technologie JWS verschiedene Größen;163.9;163.9;False;0.0;True;boolean;Sofort versandfertig, Lieferzeit 48h;2;1000;https://www.jws-store.de/elektrische-fussbodenheizung-200watt-je-m-thermostat-analog-elektrisch-twin-technologie-jws_5006_3443;https://cdn03.plentyone.com/iidhyn1xr43q/item/images/5006/full/Elektrische-Fussbodenheizung2.jpg;Heiztechnik > Elektrische Fußbodenheizungen;JWS;False;1;2026-09-16T11:54:57+00:00
5370_253.;Elektrische Fußbodenheizung 200Watt je m² Thermostat analog Elektrisch TWIN Technologie JWS verschiedene Größen;114.9;114.9;False;0.0;True;boolean;Sofort versandfertig, Lieferzeit 48h;2;1000;https://www.jws-store.de/elektrische-fussbodenheizung-200watt-je-m-thermostat-analog-elektrisch-twin-technologie-jws_5006_3438;https://cdn03.plentyone.com/iidhyn1xr43q/item/images/5006/full/Elektrische-Fussbodenheizung2.jpg;Heiztechnik > Elektrische Fußbodenheizungen;JWS;False;1;2026-09-16T11:54:57+00:00
5330_253.;Elektrische Fußbodenheizung 200Watt je m² Thermostat analog Elektrisch TWIN Technologie JWS verschiedene Größen;67.9;67.9;False;0.0;True;boolean;Sofort versandfertig, Lieferzeit 48h;2;1000;https://www.jws-store.de/elektrische-fussbodenheizung-200watt-je-m-thermostat-analog-elektrisch-twin-technologie-jws_5006_3433;https://cdn03.plentyone.com/iidhyn1xr43q/item/images/5006/full/Elektrische-Fussbodenheizung2.jpg;Heiztechnik > Elektrische Fußbodenheizungen;JWS;False;1;2026-09-16T11:54:57+00:00
5415_253.;Elektrische Fußbodenheizung 200Watt je m² Thermostat analog Elektrisch TWIN Technologie JWS verschiedene Größen;194.9;194.9;False;0.0;True;boolean;Sofort versandfertig, Lieferzeit 48h;2;1000;https://www.jws-store.de/elektrische-fussbodenheizung-200watt-je-m-thermostat-analog-elektrisch-twin-technologie-jws_5006_3444;https://cdn03.plentyone.com/iidhyn1xr43q/item/images/5006/full/Elektrische-Fussbodenheizung2.jpg;Heiztechnik > Elektrische Fußbodenheizungen;JWS;False;1;2026-09-16T11:54:57+00:00
5380_253.;Elektrische Fußbodenheizung 200Watt je m² Thermostat analog Elektrisch TWIN Technologie JWS verschiedene Größen;124.9;124.9;False;0.0;True;boolean;Sofort versandfertig, Lieferzeit 48h;2;1000;https://www.jws-store.de/elektrische-fussbodenheizung-200watt-je-m-thermostat-analog-elektrisch-twin-technologie-jws_5006_3439;https://cdn03.plentyone.com/iidhyn1xr43q/item/images/5006/full/Elektrische-Fussbodenheizung2.jpg;Heiztechnik > Elektrische Fußbodenheizungen;JWS;False;1;2026-09-16T11:54:57+00:00
5335_253.;Elektrische Fußbodenheizung 200Watt je m² Thermostat analog Elektrisch TWIN Technologie JWS verschiedene Größen;72.9;72.9;False;0.0;True;boolean;Sofort versandfertig, Lieferzeit 48h;2;1000;https://www.jws-store.de/elektrische-fussbodenheizung-200watt-je-m-thermostat-analog-elektrisch-twin-technologie-jws_5006_3434;https://cdn03.plentyone.com/iidhyn1xr43q/item/images/5006/full/Elektrische-Fussbodenheizung2.jpg;Heiztechnik > Elektrische Fußbodenheizungen;JWS;False;1;2026-09-16T11:54:57+00:00
5537;Heizkabel Rohrbegleitheizung Frostschutz Wasserleitung Heizband Heizleitung;69.9;69.9;False;0.0;True;boolean;Sofort versandfertig, Lieferzeit 48h;2;1000;https://www.jws-store.de/sonstiges/heizkabel-rohrbegleitheizung-frostschutz-wasserleitung-heizband-heizleitung-verschiedene-laengen_5500_3560;https://cdn03.plentyone.com/iidhyn1xr43q/item/images/5500/full/Heizkabel.jpg;Heiztechnik > Heizkabel;JWS;False;1;2026-09-16T11:54:57+00:00
5510;Heizkabel Rohrbegleitheizung Frostschutz Wasserleitung Heizband Heizleitung;38.9;38.9;False;0.0;True;boolean;Sofort versandfertig, Lieferzeit 48h;2;1000;https://www.jws-store.de/sonstiges/heizkabel-rohrbegleitheizung-frostschutz-wasserleitung-heizband-heizleitung-verschiedene-laengen_5500_3555;https://cdn03.plentyone.com/iidhyn1xr43q/item/images/5500/full/Heizkabel.jpg;Heiztechnik > Heizkabel;JWS;False;1;2026-09-16T11:54:57+00:00
5500;Heizkabel Rohrbegleitheizung Frostschutz Wasserleitung Heizband Heizleitung;18.9;18.9;False;0.0;True;boolean;Sofort versandfertig, Lieferzeit 48h;2;1000;https://www.jws-store.de/sonstiges/heizkabel-rohrbegleitheizung-frostschutz-wasserleitung-heizband-heizleitung-verschiedene-laengen_5500_3549;https://cdn03.plentyone.com/iidhyn1xr43q/item/images/5500/full/Heizkabel.jpg;Heiztechnik > Heizkabel;JWS;False;1;2026-09-16T11:54:57+00:00
5549;Heizkabel Rohrbegleitheizung Frostschutz Wasserleitung Heizband Heizleitung;89.9;89.9;False;0.0;True;boolean;Sofort versandfertig, Lieferzeit 48h;2;1000;https://www.jws-store.de/sonstiges/heizkabel-rohrbegleitheizung-frostschutz-wasserleitung-heizband-heizleitung-verschiedene-laengen_5500_3561;https://cdn03.plentyone.com/iidhyn1xr43q/item/images/5500/full/Heizkabel.jpg;Heiztechnik > Heizkabel;JWS;False;1;2026-09-16T11:54:57+00:00
5512;Heizkabel Rohrbegleitheizung Frostschutz Wasserleitung Heizband Heizleitung;40.9;40.9;False;0.0;True;boolean;Sofort versandfertig, Lieferzeit 48h;2;1000;https://www.jws-store.de/sonstiges/heizkabel-rohrbegleitheizung-frostschutz-wasserleitung-heizband-heizleitung-verschiedene-laengen_5500_3556;https://cdn03.plentyone.com/iidhyn1xr43q/item/images/5500/full/Heizkabel.jpg;Heiztechnik > Heizkabel;JWS;False;1;2026-09-16T11:54:57+00:00
5503;Heizkabel Rohrbegleitheizung Frostschutz Wasserleitung Heizband Heizleitung;27.9;27.9;False;0.0;True;boolean;Sofort versandfertig, Lieferzeit 48h;2;1000;https://www.jws-store.de/sonstiges/heizkabel-rohrbegleitheizung-frostschutz-wasserleitung-heizband-heizleitung-verschiedene-laengen_5500_3551;https://cdn03.plentyone.com/iidhyn1xr43q/item/images/5500/full/Heizkabel.jpg;Heiztechnik > Heizkabel;JWS;False;1;2026-09-16T11:54:57+00:00
5514;Heizkabel Rohrbegleitheizung Frostschutz Wasserleitung Heizband Heizleitung;39.9;39.9;False;0.0;True;boolean;Sofort versandfertig, Lieferzeit 48h;2;1000;https://www.jws-store.de/sonstiges/heizkabel-rohrbegleitheizung-frostschutz-wasserleitung-heizband-heizleitung-verschiedene-laengen_5500_3557;https://cdn03.plentyone.com/iidhyn1xr43q/item/images/5500/full/Heizkabel.jpg;Heiztechnik > Heizkabel;JWS;False;1;2026-09-16T11:54:57+00:00
5504;Heizkabel Rohrbegleitheizung Frostschutz Wasserleitung Heizband Heizleitung;29.9;29.9;False;0.0;True;boolean;Sofort versandfertig, Lieferzeit 48h;2;1000;https://www.jws-store.de/sonstiges/heizkabel-rohrbegleitheizung-frostschutz-wasserleitung-heizband-heizleitung-verschiedene-laengen_5500_3552;https://cdn03.plentyone.com/iidhyn1xr43q/item/images/5500/full/Heizkabel.jpg;Heiztechnik > Heizkabel;JWS;False;1;2026-09-16T11:54:57+00:00
5518;Heizkabel Rohrbegleitheizung Frostschutz Wasserleitung Heizband Heizleitung;44.9;44.9;False;0.0;True;boolean;Sofort versandfertig, Lieferzeit 48h;2;1000;https://www.jws-store.de/sonstiges/heizkabel-rohrbegleitheizung-frostschutz-wasserleitung-heizband-heizleitung-verschiedene-laengen_5500_3558;https://cdn03.plentyone.com/iidhyn1xr43q/item/images/5500/full/Heizkabel.jpg;Heiztechnik > Heizkabel;JWS;False;1;2026-09-16T11:54:57+00:00
5505;Heizkabel Rohrbegleitheizung Frostschutz Wasserleitung Heizband Heizleitung;33.9;33.9;False;0.0;True;boolean;Sofort versandfertig, Lieferzeit 48h;2;1000;https://www.jws-store.de/sonstiges/heizkabel-rohrbegleitheizung-frostschutz-wasserleitung-heizband-heizleitung-verschiedene-laengen_5500_3553;https://cdn03.plentyone.com/iidhyn1xr43q/item/images/5500/full/Heizkabel.jpg;Heiztechnik > Heizkabel;JWS;False;1;2026-09-16T11:54:57+00:00
5524;Heizkabel Rohrbegleitheizung Frostschutz Wasserleitung Heizband Heizleitung;48.9;48.9;False;0.0;True;boolean;Sofort versandfertig, Lieferzeit 48h;2;1000;https://www.jws-store.de/sonstiges/heizkabel-rohrbegleitheizung-frostschutz-wasserleitung-heizband-heizleitung-verschiedene-laengen_5500_3559;https://cdn03.plentyone.com/iidhyn1xr43q/item/images/5500/full/Heizkabel.jpg;Heiztechnik > Heizkabel;JWS;False;1;2026-09-16T11:54:57+00:00
5508;Heizkabel Rohrbegleitheizung Frostschutz Wasserleitung Heizband Heizleitung;36.9;36.9;False;0.0;True;boolean;Sofort versandfertig, Lieferzeit 48h;2;1000;https://www.jws-store.de/sonstiges/heizkabel-rohrbegleitheizung-frostschutz-wasserleitung-heizband-heizleitung-verschiedene-laengen_5500_3554;https://cdn03.plentyone.com/iidhyn1xr43q/item/images/5500/full/Heizkabel.jpg;Heiztechnik > Heizkabel;JWS;False;1;2026-09-16T11:54:57+00:00
4440;Paneelheizkörper Design Heizkörper Flachheizkörper Badheizung einlagig zweilagig;129.9;129.9;False;0.0;True;boolean;Sofort versandfertig, Lieferzeit 48h;2;0;https://www.jws-store.de/sonstiges/design-paneelheizkoerper-einlagig-zweilagig-flachheizkoerper-bad-heizkoerper-heizung_4490_3784;https://cdn03.plentyone.com/iidhyn1xr43q/item/images/4490/full/ce4Jibtw.jpeg;Heiztechnik > Heizkörper;JWS;False;1;2026-09-16T11:54:57+00:00
4650;Paneelheizkörper Design Heizkörper Flachheizkörper Badheizung einlagig zweilagig;145.9;145.9;False;0.0;True;boolean;Sofort versandfertig, Lieferzeit 48h;2;0;https://www.jws-store.de/sonstiges/design-paneelheizkoerper-einlagig-zweilagig-flachheizkoerper-bad-heizkoerper-heizung_4490_3758;https://cdn03.plentyone.com/iidhyn1xr43q/item/images/4490/full/ce4Jibtw.jpeg;Heiztechnik > Heizkörper;JWS;False;1;2026-09-16T11:54:57+00:00
4450;Paneelheizkörper Design Heizkörper Flachheizkörper Badheizung einlagig zweilagig;159.9;159.9;False;0.0;True;boolean;Sofort versandfertig, Lieferzeit 48h;2;0;https://www.jws-store.de/sonstiges/design-paneelheizkoerper-einlagig-zweilagig-flachheizkoerper-bad-heizkoerper-heizung_4490_3786;https://cdn03.plentyone.com/iidhyn1xr43q/item/images/4490/full/ce4Jibtw.jpeg;Heiztechnik > Heizkörper;JWS;False;1;2026-09-16T11:54:57+00:00
4750;Paneelheizkörper Design Heizkörper Flachheizkörper Badheizung einlagig zweilagig;259.9;259.9;False;0.0;True;boolean;Sofort versandfertig, Lieferzeit 48h;2;0;https://www.jws-store.de/sonstiges/design-paneelheizkoerper-einlagig-zweilagig-flachheizkoerper-bad-heizkoerper-heizung_4490_3769;https://cdn03.plentyone.com/iidhyn1xr43q/item/images/4490/full/ce4Jibtw.jpeg;Heiztechnik > Heizkörper;JWS;False;1;2026-09-16T11:54:57+00:00
4410;Paneelheizkörper Design Heizkörper Flachheizkörper Badheizung einlagig zweilagig;145.9;145.9;False;0.0;True;boolean;Sofort versandfertig, Lieferzeit 48h;2;0;https://www.jws-store.de/sonstiges/design-paneelheizkoerper-einlagig-zweilagig-flachheizkoerper-bad-heizkoerper-heizung_4490_3770;https://cdn03.plentyone.com/iidhyn1xr43q/item/images/4490/full/ce4Jibtw.jpeg;Heiztechnik > Heizkörper;JWS;False;1;2026-09-16T11:54:57+00:00
4490;Paneelheizkörper Design Heizkörper Flachheizkörper Badheizung einlagig zweilagig;89.9;89.9;False;0.0;True;boolean;Sofort versandfertig, Lieferzeit 48h;2;0;https://www.jws-store.de/sonstiges/design-paneelheizkoerper-einlagig-zweilagig-flachheizkoerper-bad-heizkoerper-heizung_4490_3665;https://cdn03.plentyone.com/iidhyn1xr43q/item/images/4490/full/ce4Jibtw.jpeg;Heiztechnik > Heizkörper;JWS;False;1;2026-09-16T11:54:57+00:00
4430;Paneelheizkörper Design Heizkörper Flachheizkörper Badheizung einlagig zweilagig;159.9;159.9;False;0.0;True;boolean;Sofort versandfertig, Lieferzeit 48h;2;0;https://www.jws-store.de/sonstiges/design-paneelheizkoerper-einlagig-zweilagig-flachheizkoerper-bad-heizkoerper-heizung_4490_3774;https://cdn03.plentyone.com/iidhyn1xr43q/item/images/4490/full/ce4Jibtw.jpeg;Heiztechnik > Heizkörper;JWS;False;1;2026-09-16T11:54:57+00:00
4610;Paneelheizkörper Design Heizkörper Flachheizkörper Badheizung einlagig zweilagig;104.9;104.9;False;0.0;True;boolean;Sofort versandfertig, Lieferzeit 48h;2;0;https://www.jws-store.de/sonstiges/design-paneelheizkoerper-einlagig-zweilagig-flachheizkoerper-bad-heizkoerper-heizung_4490_3750;https://cdn03.plentyone.com/iidhyn1xr43q/item/images/4490/full/ce4Jibtw.jpeg;Heiztechnik > Heizkörper;JWS;False;1;2026-09-16T11:54:57+00:00
4530;Paneelheizkörper Design Heizkörper Flachheizkörper Badheizung einlagig zweilagig;259.9;259.9;False;0.0;True;boolean;Sofort versandfertig, Lieferzeit 48h;2;0;https://www.jws-store.de/sonstiges/design-paneelheizkoerper-einlagig-zweilagig-flachheizkoerper-bad-heizkoerper-heizung_4490_3781;https://cdn03.plentyone.com/iidhyn1xr43q/item/images/4490/full/ce4Jibtw.jpeg;Heiztechnik > Heizkörper;JWS;False;1;2026-09-16T11:54:57+00:00
4640;Paneelheizkörper Design Heizkörper Flachheizkörper Badheizung einlagig zweilagig;109.9;109.9;False;0.0;True;boolean;Sofort versandfertig, Lieferzeit 48h;2;0;https://www.jws-store.de/sonstiges/design-paneelheizkoerper-einlagig-zweilagig-flachheizkoerper-bad-heizkoerper-heizung_4490_3756;https://cdn03.plentyone.com/iidhyn1xr43q/item/images/4490/full/ce4Jibtw.jpeg;Heiztechnik > Heizkörper;JWS;False;1;2026-09-16T11:54:57+00:00
4640_3563;Paneelheizkörper mit Multiblock Design Heizkörper Flachheizkörper Badheizung;139.9;139.9;False;0.0;True;boolean;Sofort versandfertig, Lieferzeit 48h;2;0;https://www.jws-store.de/heiztechnik/heizkoerper/paneelheizkoerper-design-heizkoerper-flachheizkoerper-badheizung-einlagig-zweilagig_4495_3966;https://cdn03.plentyone.com/iidhyn1xr43q/item/images/4495/full/s-l1600.jpg;Heiztechnik > Heizkörper;JWS;False;1;2026-09-16T11:54:57+00:00
4440_3563;Paneelheizkörper mit Multiblock Design Heizkörper Flachheizkörper Badheizung;164.9;164.9;False;0.0;True;boolean;Sofort versandfertig, Lieferzeit 48h;2;0;https://www.jws-store.de/heiztechnik/heizkoerper/paneelheizkoerper-design-heizkoerper-flachheizkoerper-badheizung-einlagig-zweilagig_4495_3986;https://cdn03.plentyone.com/iidhyn1xr43q/item/images/4495/full/s-l1600.jpg;Heiztechnik > Heizkörper;JWS;False;1;2026-09-16T11:54:57+00:00
4550_3563;Paneelheizkörper mit Multiblock Design Heizkörper Flachheizkörper Badheizung;159.8;159.8;False;0.0;False;boolean;Produkt vergriffen, Lieferzeit auf Anfrage;70;0;https://www.jws-store.de/heiztechnik/heizkoerper/paneelheizkoerper-design-heizkoerper-flachheizkoerper-badheizung-einlagig-zweilagig_4495_4030;https://cdn03.plentyone.com/iidhyn1xr43q/item/images/4495/full/s-l1600.jpg;Heiztechnik > Heizkörper;JWS;False;1;2026-09-16T11:54:57+00:00
4630..;Paneelheizkörper mit Multiblock Design Heizkörper Flachheizkörper Badheizung;89.9;89.9;False;0.0;False;boolean;Produkt vergriffen, Lieferzeit auf Anfrage;70;0;https://www.jws-store.de/heiztechnik/heizkoerper/paneelheizkoerper-design-heizkoerper-flachheizkoerper-badheizung-einlagig-zweilagig_4495_3961;https://cdn03.plentyone.com/iidhyn1xr43q/item/images/4495/full/s-l1600.jpg;Heiztechnik > Heizkörper;JWS;False;1;2026-09-16T11:54:57+00:00
4430..;Paneelheizkörper mit Multiblock Design Heizkörper Flachheizkörper Badheizung;159.9;159.9;False;0.0;True;boolean;Sofort versandfertig, Lieferzeit 48h;2;0;https://www.jws-store.de/heiztechnik/heizkoerper/paneelheizkoerper-design-heizkoerper-flachheizkoerper-badheizung-einlagig-zweilagig_4495_3981;https://cdn03.plentyone.com/iidhyn1xr43q/item/images/4495/full/s-l1600.jpg;Heiztechnik > Heizkörper;JWS;False;1;2026-09-16T11:54:57+00:00
4540..;Paneelheizkörper mit Multiblock Design Heizkörper Flachheizkörper Badheizung;259.9;259.9;False;0.0;False;boolean;Produkt vergriffen, Lieferzeit auf Anfrage;70;0;https://www.jws-store.de/heiztechnik/heizkoerper/paneelheizkoerper-design-heizkoerper-flachheizkoerper-badheizung-einlagig-zweilagig_4495_4025;https://cdn03.plentyone.com/iidhyn1xr43q/item/images/4495/full/s-l1600.jpg;Heiztechnik > Heizkörper;JWS;False;1;2026-09-16T11:54:57+00:00
4495;Paneelheizkörper mit Multiblock Design Heizkörper Flachheizkörper Badheizung;89.9;89.9;False;0.0;True;boolean;Sofort versandfertig, Lieferzeit 48h;2;0;https://www.jws-store.de/heiztechnik/heizkoerper/paneelheizkoerper-design-heizkoerper-flachheizkoerper-badheizung-einlagig-zweilagig_4495_3952;https://cdn03.plentyone.com/iidhyn1xr43q/item/images/4495/full/s-l1600.jpg;Heiztechnik > Heizkörper;JWS;False;1;2026-09-16T11:54:57+00:00
4650_3565;Paneelheizkörper mit Multiblock Design Heizkörper Flachheizkörper Badheizung;175.9;175.9;False;0.0;True;boolean;Sofort versandfertig, Lieferzeit 48h;2;0;https://www.jws-store.de/heiztechnik/heizkoerper/paneelheizkoerper-design-heizkoerper-flachheizkoerper-badheizung-einlagig-zweilagig_4495_3972;https://cdn03.plentyone.com/iidhyn1xr43q/item/images/4495/full/s-l1600.jpg;Heiztechnik > Heizkörper;JWS;False;1;2026-09-16T11:54:57+00:00
4450_3565;Paneelheizkörper mit Multiblock Design Heizkörper Flachheizkörper Badheizung;184.9;184.9;False;0.0;True;boolean;Sofort versandfertig, Lieferzeit 48h;2;0;https://www.jws-store.de/heiztechnik/heizkoerper/paneelheizkoerper-design-heizkoerper-flachheizkoerper-badheizung-einlagig-zweilagig_4495_3992;https://cdn03.plentyone.com/iidhyn1xr43q/item/images/4495/full/s-l1600.jpg;Heiztechnik > Heizkörper;JWS;False;1;2026-09-16T11:54:57+00:00
4640_3564;Paneelheizkörper mit Multiblock Design Heizkörper Flachheizkörper Badheizung;139.9;139.9;False;0.0;True;boolean;Sofort versandfertig, Lieferzeit 48h;2;0;https://www.jws-store.de/heiztechnik/heizkoerper/paneelheizkoerper-design-heizkoerper-flachheizkoerper-badheizung-einlagig-zweilagig_4495_3967;https://cdn03.plentyone.com/iidhyn1xr43q/item/images/4495/full/s-l1600.jpg;Heiztechnik > Heizkörper;JWS;False;1;2026-09-16T11:54:57+00:00
4440_3564;Paneelheizkörper mit Multiblock Design Heizkörper Flachheizkörper Badheizung;164.9;164.9;False;0.0;True;boolean;Sofort versandfertig, Lieferzeit 48h;2;0;https://www.jws-store.de/heiztechnik/heizkoerper/paneelheizkoerper-design-heizkoerper-flachheizkoerper-badheizung-einlagig-zweilagig_4495_3987;https://cdn03.plentyone.com/iidhyn1xr43q/item/images/4495/full/s-l1600.jpg;Heiztechnik > Heizkörper;JWS;False;1;2026-09-16T11:54:57+00:00
4550_3564;Paneelheizkörper mit Multiblock Design Heizkörper Flachheizkörper Badheizung;159.8;159.8;False;0.0;False;boolean;Produkt vergriffen, Lieferzeit auf Anfrage;70;0;https://www.jws-store.de/heiztechnik/heizkoerper/paneelheizkoerper-design-heizkoerper-flachheizkoerper-badheizung-einlagig-zweilagig_4495_4031;https://cdn03.plentyone.com/iidhyn1xr43q/item/images/4495/full/s-l1600.jpg;Heiztechnik > Heizkörper;JWS;False;1;2026-09-16T11:54:57+00:00
4630_3563;Paneelheizkörper mit Multiblock Design Heizkörper Flachheizkörper Badheizung;124.9;124.9;False;0.0;False;boolean;Produkt vergriffen, Lieferzeit auf Anfrage;70;0;https://www.jws-store.de/heiztechnik/heizkoerper/paneelheizkoerper-design-heizkoerper-flachheizkoerper-badheizung-einlagig-zweilagig_4495_3962;https://cdn03.plentyone.com/iidhyn1xr43q/item/images/4495/full/s-l1600.jpg;Heiztechnik > Heizkörper;JWS;False;1;2026-09-16T11:54:57+00:00
4430_3563;Paneelheizkörper mit Multiblock Design Heizkörper Flachheizkörper Badheizung;189.9;189.9;False;0.0;True;boolean;Sofort versandfertig, Lieferzeit 48h;2;0;https://www.jws-store.de/heiztechnik/heizkoerper/paneelheizkoerper-design-heizkoerper-flachheizkoerper-badheizung-einlagig-zweilagig_4495_3982;https://cdn03.plentyone.com/iidhyn1xr43q/item/images/4495/full/s-l1600.jpg;Heiztechnik > Heizkörper;JWS;False;1;2026-09-16T11:54:57+00:00
4540_3563;Paneelheizkörper mit Multiblock Design Heizkörper Flachheizkörper Badheizung;305.8;305.8;False;0.0;False;boolean;Produkt vergriffen, Lieferzeit auf Anfrage;70;0;https://www.jws-store.de/heiztechnik/heizkoerper/paneelheizkoerper-design-heizkoerper-flachheizkoerper-badheizung-einlagig-zweilagig_4495_4026;https://cdn03.plentyone.com/iidhyn1xr43q/item/images/4495/full/s-l1600.jpg;Heiztechnik > Heizkörper;JWS;False;1;2026-09-16T11:54:57+00:00
4620..;Paneelheizkörper mit Multiblock Design Heizkörper Flachheizkörper Badheizung;89.9;89.9;False;0.0;False;boolean;Produkt vergriffen, Lieferzeit auf Anfrage;70;0;https://www.jws-store.de/heiztechnik/heizkoerper/paneelheizkoerper-design-heizkoerper-flachheizkoerper-badheizung-einlagig-zweilagig_4495_3957;https://cdn03.plentyone.com/iidhyn1xr43q/item/images/4495/full/s-l1600.jpg;Heiztechnik > Heizkörper;JWS;False;1;2026-09-16T11:54:57+00:00
4410..;Paneelheizkörper mit Multiblock Design Heizkörper Flachheizkörper Badheizung;145.9;145.9;False;0.0;True;boolean;Sofort versandfertig, Lieferzeit 48h;2;0;https://www.jws-store.de/heiztechnik/heizkoerper/paneelheizkoerper-design-heizkoerper-flachheizkoerper-badheizung-einlagig-zweilagig_4495_3973;https://cdn03.plentyone.com/iidhyn1xr43q/item/images/4495/full/s-l1600.jpg;Heiztechnik > Heizkörper;JWS;False;1;2026-09-16T11:54:57+00:00
4510..;Paneelheizkörper mit Multiblock Design Heizkörper Flachheizkörper Badheizung;199.9;199.9;False;0.0;False;boolean;Produkt vergriffen, Lieferzeit auf Anfrage;70;0;https://www.jws-store.de/heiztechnik/heizkoerper/paneelheizkoerper-design-heizkoerper-flachheizkoerper-badheizung-einlagig-zweilagig_4495_4013;https://cdn03.plentyone.com/iidhyn1xr43q/item/images/4495/full/s-l1600.jpg;Heiztechnik > Heizkörper;JWS;False;1;2026-09-16T11:54:57+00:00
4640_3565;Paneelheizkörper mit Multiblock Design Heizkörper Flachheizkörper Badheizung;139.9;139.9;False;0.0;True;boolean;Sofort versandfertig, Lieferzeit 48h;2;0;https://www.jws-store.de/heiztechnik/heizkoerper/paneelheizkoerper-design-heizkoerper-flachheizkoerper-badheizung-einlagig-zweilagig_4495_3968;https://cdn03.plentyone.com/iidhyn1xr43q/item/images/4495/full/s-l1600.jpg;Heiztechnik > Heizkörper;JWS;False;1;2026-09-16T11:54:57+00:00
4440_3565;Paneelheizkörper mit Multiblock Design Heizkörper Flachheizkörper Badheizung;164.9;164.9;False;0.0;True;boolean;Sofort versandfertig, Lieferzeit 48h;2;0;https://www.jws-store.de/heiztechnik/heizkoerper/paneelheizkoerper-design-heizkoerper-flachheizkoerper-badheizung-einlagig-zweilagig_4495_3988;https://cdn03.plentyone.com/iidhyn1xr43q/item/images/4495/full/s-l1600.jpg;Heiztechnik > Heizkörper;JWS;False;1;2026-09-16T11:54:57+00:00
4550_3565;Paneelheizkörper mit Multiblock Design Heizkörper Flachheizkörper Badheizung;159.8;159.8;False;0.0;False;boolean;Produkt vergriffen, Lieferzeit auf Anfrage;70;0;https://www.jws-store.de/heiztechnik/heizkoerper/paneelheizkoerper-design-heizkoerper-flachheizkoerper-badheizung-einlagig-zweilagig_4495_4032;https://cdn03.plentyone.com/iidhyn1xr43q/item/images/4495/full/s-l1600.jpg;Heiztechnik > Heizkörper;JWS;False;1;2026-09-16T11:54:57+00:00
4630_3564;Paneelheizkörper mit Multiblock Design Heizkörper Flachheizkörper Badheizung;124.9;124.9;False;0.0;False;boolean;Produkt vergriffen, Lieferzeit auf Anfrage;70;0;https://www.jws-store.de/heiztechnik/heizkoerper/paneelheizkoerper-design-heizkoerper-flachheizkoerper-badheizung-einlagig-zweilagig_4495_3963;https://cdn03.plentyone.com/iidhyn1xr43q/item/images/4495/full/s-l1600.jpg;Heiztechnik > Heizkörper;JWS;False;1;2026-09-16T11:54:57+00:00
4430_3564;Paneelheizkörper mit Multiblock Design Heizkörper Flachheizkörper Badheizung;189.9;189.9;False;0.0;True;boolean;Sofort versandfertig, Lieferzeit 48h;2;0;https://www.jws-store.de/heiztechnik/heizkoerper/paneelheizkoerper-design-heizkoerper-flachheizkoerper-badheizung-einlagig-zweilagig_4495_3983;https://cdn03.plentyone.com/iidhyn1xr43q/item/images/4495/full/s-l1600.jpg;Heiztechnik > Heizkörper;JWS;False;1;2026-09-16T11:54:57+00:00
4540_3564;Paneelheizkörper mit Multiblock Design Heizkörper Flachheizkörper Badheizung;295.8;295.8;False;0.0;False;boolean;Produkt vergriffen, Lieferzeit auf Anfrage;70;0;https://www.jws-store.de/heiztechnik/heizkoerper/paneelheizkoerper-design-heizkoerper-flachheizkoerper-badheizung-einlagig-zweilagig_4495_4027;https://cdn03.plentyone.com/iidhyn1xr43q/item/images/4495/full/s-l1600.jpg;Heiztechnik > Heizkörper;JWS;False;1;2026-09-16T11:54:57+00:00
4620_3563;Paneelheizkörper mit Multiblock Design Heizkörper Flachheizkörper Badheizung;124.9;124.9;False;0.0;False;boolean;Produkt vergriffen, Lieferzeit auf Anfrage;70;0;https://www.jws-store.de/heiztechnik/heizkoerper/paneelheizkoerper-design-heizkoerper-flachheizkoerper-badheizung-einlagig-zweilagig_4495_3958;https://cdn03.plentyone.com/iidhyn1xr43q/item/images/4495/full/s-l1600.jpg;Heiztechnik > Heizkörper;JWS;False;1;2026-09-16T11:54:57+00:00
4410_3563;Paneelheizkörper mit Multiblock Design Heizkörper Flachheizkörper Badheizung;175.9;175.9;False;0.0;True;boolean;Sofort versandfertig, Lieferzeit 48h;2;0;https://www.jws-store.de/heiztechnik/heizkoerper/paneelheizkoerper-design-heizkoerper-flachheizkoerper-badheizung-einlagig-zweilagig_4495_3974;https://cdn03.plentyone.com/iidhyn1xr43q/item/images/4495/full/s-l1600.jpg;Heiztechnik > Heizkörper;JWS;False;1;2026-09-16T11:54:57+00:00
4510_3563;Paneelheizkörper mit Multiblock Design Heizkörper Flachheizkörper Badheizung;235.8;235.8;False;0.0;False;boolean;Produkt vergriffen, Lieferzeit auf Anfrage;70;0;https://www.jws-store.de/heiztechnik/heizkoerper/paneelheizkoerper-design-heizkoerper-flachheizkoerper-badheizung-einlagig-zweilagig_4495_4014;https://cdn03.plentyone.com/iidhyn1xr43q/item/images/4495/full/s-l1600.jpg;Heiztechnik > Heizkörper;JWS;False;1;2026-09-16T11:54:57+00:00
4650..;Paneelheizkörper mit Multiblock Design Heizkörper Flachheizkörper Badheizung;145.9;145.9;False;0.0;True;boolean;Sofort versandfertig, Lieferzeit 48h;2;0;https://www.jws-store.de/heiztechnik/heizkoerper/paneelheizkoerper-design-heizkoerper-flachheizkoerper-badheizung-einlagig-zweilagig_4495_3969;https://cdn03.plentyone.com/iidhyn1xr43q/item/images/4495/full/s-l1600.jpg;Heiztechnik > Heizkörper;JWS;False;1;2026-09-16T11:54:57+00:00
4450..;Paneelheizkörper mit Multiblock Design Heizkörper Flachheizkörper Badheizung;149.9;149.9;False;0.0;True;boolean;Sofort versandfertig, Lieferzeit 48h;2;0;https://www.jws-store.de/heiztechnik/heizkoerper/paneelheizkoerper-design-heizkoerper-flachheizkoerper-badheizung-einlagig-zweilagig_4495_3989;https://cdn03.plentyone.com/iidhyn1xr43q/item/images/4495/full/s-l1600.jpg;Heiztechnik > Heizkörper;JWS;False;1;2026-09-16T11:54:57+00:00
4630_3565;Paneelheizkörper mit Multiblock Design Heizkörper Flachheizkörper Badheizung;124.9;124.9;False;0.0;False;boolean;Produkt vergriffen, Lieferzeit auf Anfrage;70;0;https://www.jws-store.de/heiztechnik/heizkoerper/paneelheizkoerper-design-heizkoerper-flachheizkoerper-badheizung-einlagig-zweilagig_4495_3964;https://cdn03.plentyone.com/iidhyn1xr43q/item/images/4495/full/s-l1600.jpg;Heiztechnik > Heizkörper;JWS;False;1;2026-09-16T11:54:57+00:00
4430_3565;Paneelheizkörper mit Multiblock Design Heizkörper Flachheizkörper Badheizung;189.9;189.9;False;0.0;True;boolean;Sofort versandfertig, Lieferzeit 48h;2;0;https://www.jws-store.de/heiztechnik/heizkoerper/paneelheizkoerper-design-heizkoerper-flachheizkoerper-badheizung-einlagig-zweilagig_4495_3984;https://cdn03.plentyone.com/iidhyn1xr43q/item/images/4495/full/s-l1600.jpg;Heiztechnik > Heizkörper;JWS;False;1;2026-09-16T11:54:57+00:00
4540_3565;Paneelheizkörper mit Multiblock Design Heizkörper Flachheizkörper Badheizung;295.8;295.8;False;0.0;False;boolean;Produkt vergriffen, Lieferzeit auf Anfrage;70;0;https://www.jws-store.de/heiztechnik/heizkoerper/paneelheizkoerper-design-heizkoerper-flachheizkoerper-badheizung-einlagig-zweilagig_4495_4028;https://cdn03.plentyone.com/iidhyn1xr43q/item/images/4495/full/s-l1600.jpg;Heiztechnik > Heizkörper;JWS;False;1;2026-09-16T11:54:57+00:00
4620_3564;Paneelheizkörper mit Multiblock Design Heizkörper Flachheizkörper Badheizung;124.9;124.9;False;0.0;False;boolean;Produkt vergriffen, Lieferzeit auf Anfrage;70;0;https://www.jws-store.de/heiztechnik/heizkoerper/paneelheizkoerper-design-heizkoerper-flachheizkoerper-badheizung-einlagig-zweilagig_4495_3959;https://cdn03.plentyone.com/iidhyn1xr43q/item/images/4495/full/s-l1600.jpg;Heiztechnik > Heizkörper;JWS;False;1;2026-09-16T11:54:57+00:00
4410_3564;Paneelheizkörper mit Multiblock Design Heizkörper Flachheizkörper Badheizung;175.9;175.9;False;0.0;True;boolean;Sofort versandfertig, Lieferzeit 48h;2;0;https://www.jws-store.de/heiztechnik/heizkoerper/paneelheizkoerper-design-heizkoerper-flachheizkoerper-badheizung-einlagig-zweilagig_4495_3975;https://cdn03.plentyone.com/iidhyn1xr43q/item/images/4495/full/s-l1600.jpg;Heiztechnik > Heizkörper;JWS;False;1;2026-09-16T11:54:57+00:00
4510_3564;Paneelheizkörper mit Multiblock Design Heizkörper Flachheizkörper Badheizung;235.8;235.8;False;0.0;False;boolean;Produkt vergriffen, Lieferzeit auf Anfrage;70;0;https://www.jws-store.de/heiztechnik/heizkoerper/paneelheizkoerper-design-heizkoerper-flachheizkoerper-badheizung-einlagig-zweilagig_4495_4015;https://cdn03.plentyone.com/iidhyn1xr43q/item/images/4495/full/s-l1600.jpg;Heiztechnik > Heizkörper;JWS;False;1;2026-09-16T11:54:57+00:00
4650_3563;Paneelheizkörper mit Multiblock Design Heizkörper Flachheizkörper Badheizung;175.9;175.9;False;0.0;True;boolean;Sofort versandfertig, Lieferzeit 48h;2;0;https://www.jws-store.de/heiztechnik/heizkoerper/paneelheizkoerper-design-heizkoerper-flachheizkoerper-badheizung-einlagig-zweilagig_4495_3970;https://cdn03.plentyone.com/iidhyn1xr43q/item/images/4495/full/s-l1600.jpg;Heiztechnik > Heizkörper;JWS;False;1;2026-09-16T11:54:57+00:00
4450_3563;Paneelheizkörper mit Multiblock Design Heizkörper Flachheizkörper Badheizung;184.9;184.9;False;0.0;True;boolean;Sofort versandfertig, Lieferzeit 48h;2;0;https://www.jws-store.de/heiztechnik/heizkoerper/paneelheizkoerper-design-heizkoerper-flachheizkoerper-badheizung-einlagig-zweilagig_4495_3990;https://cdn03.plentyone.com/iidhyn1xr43q/item/images/4495/full/s-l1600.jpg;Heiztechnik > Heizkörper;JWS;False;1;2026-09-16T11:54:57+00:00
4640..;Paneelheizkörper mit Multiblock Design Heizkörper Flachheizkörper Badheizung;109.9;109.9;False;0.0;True;boolean;Sofort versandfertig, Lieferzeit 48h;2;0;https://www.jws-store.de/heiztechnik/heizkoerper/paneelheizkoerper-design-heizkoerper-flachheizkoerper-badheizung-einlagig-zweilagig_4495_3965;https://cdn03.plentyone.com/iidhyn1xr43q/item/images/4495/full/s-l1600.jpg;Heiztechnik > Heizkörper;JWS;False;1;2026-09-16T11:54:57+00:00
4440..;Paneelheizkörper mit Multiblock Design Heizkörper Flachheizkörper Badheizung;129.9;129.9;False;0.0;True;boolean;Sofort versandfertig, Lieferzeit 48h;2;0;https://www.jws-store.de/heiztechnik/heizkoerper/paneelheizkoerper-design-heizkoerper-flachheizkoerper-badheizung-einlagig-zweilagig_4495_3985;https://cdn03.plentyone.com/iidhyn1xr43q/item/images/4495/full/s-l1600.jpg;Heiztechnik > Heizkörper;JWS;False;1;2026-09-16T11:54:57+00:00
4550..;Paneelheizkörper mit Multiblock Design Heizkörper Flachheizkörper Badheizung;169.9;169.9;False;0.0;False;boolean;Produkt vergriffen, Lieferzeit auf Anfrage;70;0;https://www.jws-store.de/heiztechnik/heizkoerper/paneelheizkoerper-design-heizkoerper-flachheizkoerper-badheizung-einlagig-zweilagig_4495_4029;https://cdn03.plentyone.com/iidhyn1xr43q/item/images/4495/full/s-l1600.jpg;Heiztechnik > Heizkörper;JWS;False;1;2026-09-16T11:54:57+00:00
4620_3565;Paneelheizkörper mit Multiblock Design Heizkörper Flachheizkörper Badheizung;124.9;124.9;False;0.0;False;boolean;Produkt vergriffen, Lieferzeit auf Anfrage;70;0;https://www.jws-store.de/heiztechnik/heizkoerper/paneelheizkoerper-design-heizkoerper-flachheizkoerper-badheizung-einlagig-zweilagig_4495_3960;https://cdn03.plentyone.com/iidhyn1xr43q/item/images/4495/full/s-l1600.jpg;Heiztechnik > Heizkörper;JWS;False;1;2026-09-16T11:54:57+00:00
4410_3565;Paneelheizkörper mit Multiblock Design Heizkörper Flachheizkörper Badheizung;175.9;175.9;False;0.0;True;boolean;Sofort versandfertig, Lieferzeit 48h;2;0;https://www.jws-store.de/heiztechnik/heizkoerper/paneelheizkoerper-design-heizkoerper-flachheizkoerper-badheizung-einlagig-zweilagig_4495_3976;https://cdn03.plentyone.com/iidhyn1xr43q/item/images/4495/full/s-l1600.jpg;Heiztechnik > Heizkörper;JWS;False;1;2026-09-16T11:54:57+00:00
4510_3565;Paneelheizkörper mit Multiblock Design Heizkörper Flachheizkörper Badheizung;235.8;235.8;False;0.0;False;boolean;Produkt vergriffen, Lieferzeit auf Anfrage;70;0;https://www.jws-store.de/heiztechnik/heizkoerper/paneelheizkoerper-design-heizkoerper-flachheizkoerper-badheizung-einlagig-zweilagig_4495_4016;https://cdn03.plentyone.com/iidhyn1xr43q/item/images/4495/full/s-l1600.jpg;Heiztechnik > Heizkörper;JWS;False;1;2026-09-16T11:54:57+00:00
4650_3564;Paneelheizkörper mit Multiblock Design Heizkörper Flachheizkörper Badheizung;175.9;175.9;False;0.0;True;boolean;Sofort versandfertig, Lieferzeit 48h;2;0;https://www.jws-store.de/heiztechnik/heizkoerper/paneelheizkoerper-design-heizkoerper-flachheizkoerper-badheizung-einlagig-zweilagig_4495_3971;https://cdn03.plentyone.com/iidhyn1xr43q/item/images/4495/full/s-l1600.jpg;Heiztechnik > Heizkörper;JWS;False;1;2026-09-16T11:54:57+00:00
4450_3564;Paneelheizkörper mit Multiblock Design Heizkörper Flachheizkörper Badheizung;184.9;184.9;False;0.0;True;boolean;Sofort versandfertig, Lieferzeit 48h;2;0;https://www.jws-store.de/heiztechnik/heizkoerper/paneelheizkoerper-design-heizkoerper-flachheizkoerper-badheizung-einlagig-zweilagig_4495_3991;https://cdn03.plentyone.com/iidhyn1xr43q/item/images/4495/full/s-l1600.jpg;Heiztechnik > Heizkörper;JWS;False;1;2026-09-16T11:54:57+00:00
132.;Digitaler Raumthermostat Thermostat Aufputz Unterputz Fußbodenheizung;36.9;36.9;False;0.0;True;boolean;Sofort versandfertig, Lieferzeit 48h;2;1000;https://www.jws-store.de/raumthermostate/digitaler-raumthermostat_1008_3799;https://cdn03.plentyone.com/iidhyn1xr43q/item/images/1008/full/Alle-pxo.jpg;Heiztechnik > Thermostate;JWS-Home;False;1;2026-09-16T11:54:57+00:00
1008;Digitaler Raumthermostat Thermostat Aufputz Unterputz Fußbodenheizung;12.9;12.9;False;0.0;True;boolean;Sofort versandfertig, Lieferzeit 48h;2;1000;https://www.jws-store.de/raumthermostate/digitaler-raumthermostat_1008_1262;https://cdn03.plentyone.com/iidhyn1xr43q/item/images/1008/full/Alle-pxo.jpg;Heiztechnik > Thermostate;JWS-Home;False;1;2026-09-16T11:54:57+00:00
253.;Digitaler Raumthermostat Thermostat Aufputz Unterputz Fußbodenheizung;15.9;15.9;False;0.0;True;boolean;Sofort versandfertig, Lieferzeit 48h;2;1000;https://www.jws-store.de/raumthermostate/digitaler-raumthermostat_1008_3795;https://cdn03.plentyone.com/iidhyn1xr43q/item/images/1008/full/Alle-pxo.jpg;Heiztechnik > Thermostate;JWS-Home;False;1;2026-09-16T11:54:57+00:00
251.;Digitaler Raumthermostat Thermostat Aufputz Unterputz Fußbodenheizung;22.9;22.9;False;0.0;True;boolean;Sofort versandfertig, Lieferzeit 48h;2;1000;https://www.jws-store.de/raumthermostate/digitaler-raumthermostat_1008_3796;https://cdn03.plentyone.com/iidhyn1xr43q/item/images/1008/full/Alle-pxo.jpg;Heiztechnik > Thermostate;JWS-Home;False;1;2026-09-16T11:54:57+00:00
252.;Digitaler Raumthermostat Thermostat Aufputz Unterputz Fußbodenheizung;32.9;32.9;False;0.0;True;boolean;Sofort versandfertig, Lieferzeit 48h;2;1000;https://www.jws-store.de/raumthermostate/digitaler-raumthermostat_1008_3798;https://cdn03.plentyone.com/iidhyn1xr43q/item/images/1008/full/Alle-pxo.jpg;Heiztechnik > Thermostate;JWS-Home;False;1;2026-09-16T11:54:57+00:00
327;Raumthermostat Aufputz Fußbodenheizung 10 Ampere Thermostat;10.9;12.9;True;15.5;True;boolean;Sofort versandfertig, Lieferzeit 48h;2;1000;https://www.jws-store.de/raumthermostate/raumthermostat-aufputz-fussbodenheizung_327_1201;https://cdn03.plentyone.com/iidhyn1xr43q/item/images/327/full/1018-Raumthermostat3.jpg;Heiztechnik > Thermostate;JWS;False;1;2026-09-16T11:54:57+00:00
ID580;Raumthermostat WiFi Thermostat Digital LCD WLAN Touch Display Fußbodenheizung;79.9;79.9;False;0.0;True;boolean;Sofort versandfertig, Lieferzeit 48h;2;0;https://www.jws-store.de/heiztechnik/thermostate/raumthermostat-wifi-thermostat-digital-lcd-wlan-touch-display-fussbodenheizung_500_6566;https://cdn03.plentyone.com/iidhyn1xr43q/item/images/500/full/Galerie-thermostat.jpg;Heiztechnik > Thermostate;JWS;False;1;2026-09-16T11:54:57+00:00
500;Raumthermostat WiFi Thermostat Digital LCD WLAN Touch Display Fußbodenheizung;79.9;79.9;False;0.0;True;boolean;Sofort versandfertig, Lieferzeit 48h;2;0;https://www.jws-store.de/heiztechnik/thermostate/raumthermostat-wifi-thermostat-digital-lcd-wlan-touch-display-fussbodenheizung_500_6564;https://cdn03.plentyone.com/iidhyn1xr43q/item/images/500/full/Galerie-thermostat.jpg;Heiztechnik > Thermostate;JWS;False;1;2026-09-16T11:54:57+00:00
ID570;Raumthermostat WiFi Thermostat Digital LCD WLAN Touch Display Fußbodenheizung;79.9;79.9;False;0.0;True;boolean;Sofort versandfertig, Lieferzeit 48h;2;0;https://www.jws-store.de/heiztechnik/thermostate/raumthermostat-wifi-thermostat-digital-lcd-wlan-touch-display-fussbodenheizung_500_6565;https://cdn03.plentyone.com/iidhyn1xr43q/item/images/500/full/Galerie-thermostat.jpg;Heiztechnik > Thermostate;JWS;False;1;2026-09-16T11:54:57+00:00
133.;WiFi Thermostat Digital LCD WLAN Touch Display Raumthermostat Fußbodenheizung;44.9;44.9;False;0.0;True;boolean;Sofort versandfertig, Lieferzeit 48h;2;1000;https://www.jws-store.de/heiztechnik/thermostate/wifi-thermostat-digital-lcd-wlan-touch-display-raumthermostat-fussbodenheizung_550_4989;https://cdn03.plentyone.com/iidhyn1xr43q/item/images/550/full/Wifi-Thermostate1-pxo.jpg;Heiztechnik > Thermostate;JWS;False;1;2026-09-16T11:54:57+00:00
550;WiFi Thermostat Digital LCD WLAN Touch Display Raumthermostat Fußbodenheizung;79.9;79.9;False;0.0;True;boolean;Sofort versandfertig, Lieferzeit 48h;2;1000;https://www.jws-store.de/heiztechnik/thermostate/wifi-thermostat-digital-lcd-wlan-touch-display-raumthermostat-fussbodenheizung_550_4703;https://cdn03.plentyone.com/iidhyn1xr43q/item/images/550/full/Wifi-Thermostate1-pxo.jpg;Heiztechnik > Thermostate;JWS;False;1;2026-09-16T11:54:57+00:00
530.;WiFi Thermostat Digital LCD WLAN Touch Display Raumthermostat Fußbodenheizung;99.9;99.9;False;0.0;True;boolean;Sofort versandfertig, Lieferzeit 48h;2;1000;https://www.jws-store.de/heiztechnik/thermostate/wifi-thermostat-digital-lcd-wlan-touch-display-raumthermostat-fussbodenheizung_550_4704;https://cdn03.plentyone.com/iidhyn1xr43q/item/images/550/full/Wifi-Thermostate1-pxo.jpg;Heiztechnik > Thermostate;JWS;False;1;2026-09-16T11:54:57+00:00
540.;WiFi Thermostat Digital LCD WLAN Touch Display Raumthermostat Fußbodenheizung;99.9;99.9;False;0.0;True;boolean;Sofort versandfertig, Lieferzeit 48h;2;1000;https://www.jws-store.de/heiztechnik/thermostate/wifi-thermostat-digital-lcd-wlan-touch-display-raumthermostat-fussbodenheizung_550_4705;https://cdn03.plentyone.com/iidhyn1xr43q/item/images/550/full/Wifi-Thermostate1-pxo.jpg;Heiztechnik > Thermostate;JWS;False;1;2026-09-16T11:54:57+00:00
134.;WiFi Thermostat Digital LCD WLAN Touch Display Raumthermostat Fußbodenheizung;35.9;35.9;False;0.0;True;boolean;Sofort versandfertig, Lieferzeit 48h;2;1000;https://www.jws-store.de/heiztechnik/thermostate/wifi-thermostat-digital-lcd-wlan-touch-display-raumthermostat-fussbodenheizung_550_4988;https://cdn03.plentyone.com/iidhyn1xr43q/item/images/550/full/Wifi-Thermostate1-pxo.jpg;Heiztechnik > Thermostate;JWS;False;1;2026-09-16T11:54:57+00:00
2912.;Heizkreisverteiler 2-12 Heizkreise Stellantrieb Fußbodenheizung manueller Entlüfter;205.9;205.9;False;0.0;True;boolean;Sofort versandfertig, Lieferzeit 48h;2;1000;https://www.jws-store.de/heiztechnik/zubehoer/heizkreisverteiler-2-12-heizkreise-stellantrieb-fussbodenheizung-manueller-entluefter_2800_5344;https://cdn03.plentyone.com/iidhyn1xr43q/item/images/2800/full/Heizkreisverteiler-Galerie.jpg;Heiztechnik > Zubehör;JWS;False;1;2026-09-16T11:54:57+00:00
2870.;Heizkreisverteiler 2-12 Heizkreise Stellantrieb Fußbodenheizung manueller Entlüfter;139.9;139.9;False;0.0;True;boolean;Sofort versandfertig, Lieferzeit 48h;2;1000;https://www.jws-store.de/heiztechnik/zubehoer/heizkreisverteiler-2-12-heizkreise-stellantrieb-fussbodenheizung-manueller-entluefter_2800_5339;https://cdn03.plentyone.com/iidhyn1xr43q/item/images/2800/full/Heizkreisverteiler-Galerie.jpg;Heiztechnik > Zubehör;JWS;False;1;2026-09-16T11:54:57+00:00
2820.;Heizkreisverteiler 2-12 Heizkreise Stellantrieb Fußbodenheizung manueller Entlüfter;79.9;79.9;False;0.0;True;boolean;Sofort versandfertig, Lieferzeit 48h;2;1000;https://www.jws-store.de/heiztechnik/zubehoer/heizkreisverteiler-2-12-heizkreise-stellantrieb-fussbodenheizung-manueller-entluefter_2800_5334;https://cdn03.plentyone.com/iidhyn1xr43q/item/images/2800/full/Heizkreisverteiler-Galerie.jpg;Heiztechnik > Zubehör;JWS;False;1;2026-09-16T11:54:57+00:00
2880.;Heizkreisverteiler 2-12 Heizkreise Stellantrieb Fußbodenheizung manueller Entlüfter;154.9;154.9;False;0.0;True;boolean;Sofort versandfertig, Lieferzeit 48h;2;1000;https://www.jws-store.de/heiztechnik/zubehoer/heizkreisverteiler-2-12-heizkreise-stellantrieb-fussbodenheizung-manueller-entluefter_2800_5340;https://cdn03.plentyone.com/iidhyn1xr43q/item/images/2800/full/Heizkreisverteiler-Galerie.jpg;Heiztechnik > Zubehör;JWS;False;1;2026-09-16T11:54:57+00:00
2830.;Heizkreisverteiler 2-12 Heizkreise Stellantrieb Fußbodenheizung manueller Entlüfter;89.9;89.9;False;0.0;True;boolean;Sofort versandfertig, Lieferzeit 48h;2;1000;https://www.jws-store.de/heiztechnik/zubehoer/heizkreisverteiler-2-12-heizkreise-stellantrieb-fussbodenheizung-manueller-entluefter_2800_5335;https://cdn03.plentyone.com/iidhyn1xr43q/item/images/2800/full/Heizkreisverteiler-Galerie.jpg;Heiztechnik > Zubehör;JWS;False;1;2026-09-16T11:54:57+00:00
2890.;Heizkreisverteiler 2-12 Heizkreise Stellantrieb Fußbodenheizung manueller Entlüfter;169.9;169.9;False;0.0;True;boolean;Sofort versandfertig, Lieferzeit 48h;2;1000;https://www.jws-store.de/heiztechnik/zubehoer/heizkreisverteiler-2-12-heizkreise-stellantrieb-fussbodenheizung-manueller-entluefter_2800_5341;https://cdn03.plentyone.com/iidhyn1xr43q/item/images/2800/full/Heizkreisverteiler-Galerie.jpg;Heiztechnik > Zubehör;JWS;False;1;2026-09-16T11:54:57+00:00
2840.;Heizkreisverteiler 2-12 Heizkreise Stellantrieb Fußbodenheizung manueller Entlüfter;104.9;104.9;False;0.0;True;boolean;Sofort versandfertig, Lieferzeit 48h;2;1000;https://www.jws-store.de/heiztechnik/zubehoer/heizkreisverteiler-2-12-heizkreise-stellantrieb-fussbodenheizung-manueller-entluefter_2800_5336;https://cdn03.plentyone.com/iidhyn1xr43q/item/images/2800/full/Heizkreisverteiler-Galerie.jpg;Heiztechnik > Zubehör;JWS;False;1;2026-09-16T11:54:57+00:00
2910.;Heizkreisverteiler 2-12 Heizkreise Stellantrieb Fußbodenheizung manueller Entlüfter;184.9;184.9;False;0.0;True;boolean;Sofort versandfertig, Lieferzeit 48h;2;1000;https://www.jws-store.de/heiztechnik/zubehoer/heizkreisverteiler-2-12-heizkreise-stellantrieb-fussbodenheizung-manueller-entluefter_2800_5342;https://cdn03.plentyone.com/iidhyn1xr43q/item/images/2800/full/Heizkreisverteiler-Galerie.jpg;Heiztechnik > Zubehör;JWS;False;1;2026-09-16T11:54:57+00:00
2850.;Heizkreisverteiler 2-12 Heizkreise Stellantrieb Fußbodenheizung manueller Entlüfter;118.9;118.9;False;0.0;True;boolean;Sofort versandfertig, Lieferzeit 48h;2;1000;https://www.jws-store.de/heiztechnik/zubehoer/heizkreisverteiler-2-12-heizkreise-stellantrieb-fussbodenheizung-manueller-entluefter_2800_5337;https://cdn03.plentyone.com/iidhyn1xr43q/item/images/2800/full/Heizkreisverteiler-Galerie.jpg;Heiztechnik > Zubehör;JWS;False;1;2026-09-16T11:54:57+00:00
2911.;Heizkreisverteiler 2-12 Heizkreise Stellantrieb Fußbodenheizung manueller Entlüfter;195.9;195.9;False;0.0;True;boolean;Sofort versandfertig, Lieferzeit 48h;2;1000;https://www.jws-store.de/heiztechnik/zubehoer/heizkreisverteiler-2-12-heizkreise-stellantrieb-fussbodenheizung-manueller-entluefter_2800_5343;https://cdn03.plentyone.com/iidhyn1xr43q/item/images/2800/full/Heizkreisverteiler-Galerie.jpg;Heiztechnik > Zubehör;JWS;False;1;2026-09-16T11:54:57+00:00
2860.;Heizkreisverteiler 2-12 Heizkreise Stellantrieb Fußbodenheizung manueller Entlüfter;129.9;129.9;False;0.0;True;boolean;Sofort versandfertig, Lieferzeit 48h;2;1000;https://www.jws-store.de/heiztechnik/zubehoer/heizkreisverteiler-2-12-heizkreise-stellantrieb-fussbodenheizung-manueller-entluefter_2800_5338;https://cdn03.plentyone.com/iidhyn1xr43q/item/images/2800/full/Heizkreisverteiler-Galerie.jpg;Heiztechnik > Zubehör;JWS;False;1;2026-09-16T11:54:57+00:00
2800;Heizkreisverteiler 2-12 Heizkreise Stellantrieb Fußbodenheizung manueller Entlüfter;79.9;79.9;False;0.0;True;boolean;Sofort versandfertig, Lieferzeit 48h;2;1000;https://www.jws-store.de/heiztechnik/zubehoer/heizkreisverteiler-2-12-heizkreise-stellantrieb-fussbodenheizung-manueller-entluefter_2800_5333;https://cdn03.plentyone.com/iidhyn1xr43q/item/images/2800/full/Heizkreisverteiler-Galerie.jpg;Heiztechnik > Zubehör;JWS;False;1;2026-09-16T11:54:57+00:00
2830_mit;"Heizkreisverteiler Edelstahl Entlüfter &amp;amp; Durchflussanzeiger mit ohne Stellmotor";129.9;129.9;False;0.0;True;boolean;Sofort versandfertig, Lieferzeit 48h;2;1000;https://www.jws-store.de/heiztechnik/zubehoer/heizkreisverteiler-edelstahl-entluefter-durchflussanzeiger-mit-ohne-stellmotor_128000_6914;https://cdn03.plentyone.com/iidhyn1xr43q/item/images/128000/full/Heizkreisverteiler-Galerie.jpg;Heiztechnik > Zubehör;JWS;False;1;2026-09-16T11:54:57+00:00
2890_ohne;"Heizkreisverteiler Edelstahl Entlüfter &amp;amp; Durchflussanzeiger mit ohne Stellmotor";169.9;169.9;False;0.0;True;boolean;Sofort versandfertig, Lieferzeit 48h;2;1000;https://www.jws-store.de/heiztechnik/zubehoer/heizkreisverteiler-edelstahl-entluefter-durchflussanzeiger-mit-ohne-stellmotor_128000_6909;https://cdn03.plentyone.com/iidhyn1xr43q/item/images/128000/full/Heizkreisverteiler-Galerie.jpg;Heiztechnik > Zubehör;JWS;False;1;2026-09-16T11:54:57+00:00
2840_ohne;"Heizkreisverteiler Edelstahl Entlüfter &amp;amp; Durchflussanzeiger mit ohne Stellmotor";104.9;104.9;False;0.0;True;boolean;Sofort versandfertig, Lieferzeit 48h;2;1000;https://www.jws-store.de/heiztechnik/zubehoer/heizkreisverteiler-edelstahl-entluefter-durchflussanzeiger-mit-ohne-stellmotor_128000_6904;https://cdn03.plentyone.com/iidhyn1xr43q/item/images/128000/full/Heizkreisverteiler-Galerie.jpg;Heiztechnik > Zubehör;JWS;False;1;2026-09-16T11:54:57+00:00
2890_mit;"Heizkreisverteiler Edelstahl Entlüfter &amp;amp; Durchflussanzeiger mit ohne Stellmotor";259.9;259.9;False;0.0;True;boolean;Sofort versandfertig, Lieferzeit 48h;2;1000;https://www.jws-store.de/heiztechnik/zubehoer/heizkreisverteiler-edelstahl-entluefter-durchflussanzeiger-mit-ohne-stellmotor_128000_6920;https://cdn03.plentyone.com/iidhyn1xr43q/item/images/128000/full/Heizkreisverteiler-Galerie.jpg;Heiztechnik > Zubehör;JWS;False;1;2026-09-16T11:54:57+00:00
2840_mit;"Heizkreisverteiler Edelstahl Entlüfter &amp;amp; Durchflussanzeiger mit ohne Stellmotor";144.9;144.9;False;0.0;True;boolean;Sofort versandfertig, Lieferzeit 48h;2;1000;https://www.jws-store.de/heiztechnik/zubehoer/heizkreisverteiler-edelstahl-entluefter-durchflussanzeiger-mit-ohne-stellmotor_128000_6915;https://cdn03.plentyone.com/iidhyn1xr43q/item/images/128000/full/Heizkreisverteiler-Galerie.jpg;Heiztechnik > Zubehör;JWS;False;1;2026-09-16T11:54:57+00:00
2910_ohne;"Heizkreisverteiler Edelstahl Entlüfter &amp;amp; Durchflussanzeiger mit ohne Stellmotor";184.9;184.9;False;0.0;True;boolean;Sofort versandfertig, Lieferzeit 48h;2;1000;https://www.jws-store.de/heiztechnik/zubehoer/heizkreisverteiler-edelstahl-entluefter-durchflussanzeiger-mit-ohne-stellmotor_128000_6910;https://cdn03.plentyone.com/iidhyn1xr43q/item/images/128000/full/Heizkreisverteiler-Galerie.jpg;Heiztechnik > Zubehör;JWS;False;1;2026-09-16T11:54:57+00:00
2850_ohne;"Heizkreisverteiler Edelstahl Entlüfter &amp;amp; Durchflussanzeiger mit ohne Stellmotor";118.9;118.9;False;0.0;True;boolean;Sofort versandfertig, Lieferzeit 48h;2;1000;https://www.jws-store.de/heiztechnik/zubehoer/heizkreisverteiler-edelstahl-entluefter-durchflussanzeiger-mit-ohne-stellmotor_128000_6905;https://cdn03.plentyone.com/iidhyn1xr43q/item/images/128000/full/Heizkreisverteiler-Galerie.jpg;Heiztechnik > Zubehör;JWS;False;1;2026-09-16T11:54:57+00:00
2910_mit;"Heizkreisverteiler Edelstahl Entlüfter &amp;amp; Durchflussanzeiger mit ohne Stellmotor";284.9;284.9;False;0.0;True;boolean;Sofort versandfertig, Lieferzeit 48h;2;1000;https://www.jws-store.de/heiztechnik/zubehoer/heizkreisverteiler-edelstahl-entluefter-durchflussanzeiger-mit-ohne-stellmotor_128000_6921;https://cdn03.plentyone.com/iidhyn1xr43q/item/images/128000/full/Heizkreisverteiler-Galerie.jpg;Heiztechnik > Zubehör;JWS;False;1;2026-09-16T11:54:57+00:00
2850_mit;"Heizkreisverteiler Edelstahl Entlüfter &amp;amp; Durchflussanzeiger mit ohne Stellmotor";168.9;168.9;False;0.0;True;boolean;Sofort versandfertig, Lieferzeit 48h;2;1000;https://www.jws-store.de/heiztechnik/zubehoer/heizkreisverteiler-edelstahl-entluefter-durchflussanzeiger-mit-ohne-stellmotor_128000_6916;https://cdn03.plentyone.com/iidhyn1xr43q/item/images/128000/full/Heizkreisverteiler-Galerie.jpg;Heiztechnik > Zubehör;JWS;False;1;2026-09-16T11:54:57+00:00
2911_ohne;"Heizkreisverteiler Edelstahl Entlüfter &amp;amp; Durchflussanzeiger mit ohne Stellmotor";195.9;195.9;False;0.0;True;boolean;Sofort versandfertig, Lieferzeit 48h;2;1000;https://www.jws-store.de/heiztechnik/zubehoer/heizkreisverteiler-edelstahl-entluefter-durchflussanzeiger-mit-ohne-stellmotor_128000_6911;https://cdn03.plentyone.com/iidhyn1xr43q/item/images/128000/full/Heizkreisverteiler-Galerie.jpg;Heiztechnik > Zubehör;JWS;False;1;2026-09-16T11:54:57+00:00
2860_ohne;"Heizkreisverteiler Edelstahl Entlüfter &amp;amp; Durchflussanzeiger mit ohne Stellmotor";129.9;129.9;False;0.0;True;boolean;Sofort versandfertig, Lieferzeit 48h;2;1000;https://www.jws-store.de/heiztechnik/zubehoer/heizkreisverteiler-edelstahl-entluefter-durchflussanzeiger-mit-ohne-stellmotor_128000_6906;https://cdn03.plentyone.com/iidhyn1xr43q/item/images/128000/full/Heizkreisverteiler-Galerie.jpg;Heiztechnik > Zubehör;JWS;False;1;2026-09-16T11:54:57+00:00
2911_mit;"Heizkreisverteiler Edelstahl Entlüfter &amp;amp; Durchflussanzeiger mit ohne Stellmotor";305.9;305.9;False;0.0;True;boolean;Sofort versandfertig, Lieferzeit 48h;2;1000;https://www.jws-store.de/heiztechnik/zubehoer/heizkreisverteiler-edelstahl-entluefter-durchflussanzeiger-mit-ohne-stellmotor_128000_6922;https://cdn03.plentyone.com/iidhyn1xr43q/item/images/128000/full/Heizkreisverteiler-Galerie.jpg;Heiztechnik > Zubehör;JWS;False;1;2026-09-16T11:54:57+00:00
128000;"Heizkreisverteiler Edelstahl Entlüfter &amp;amp; Durchflussanzeiger mit ohne Stellmotor";79.9;79.9;False;0.0;True;boolean;Sofort versandfertig, Lieferzeit 48h;2;1000;https://www.jws-store.de/heiztechnik/zubehoer/heizkreisverteiler-edelstahl-entluefter-durchflussanzeiger-mit-ohne-stellmotor_128000_6890;https://cdn03.plentyone.com/iidhyn1xr43q/item/images/128000/full/Heizkreisverteiler-Galerie.jpg;Heiztechnik > Zubehör;JWS;False;1;2026-09-16T11:54:57+00:00
2860_mit;"Heizkreisverteiler Edelstahl Entlüfter &amp;amp; Durchflussanzeiger mit ohne Stellmotor";189.9;189.9;False;0.0;True;boolean;Sofort versandfertig, Lieferzeit 48h;2;1000;https://www.jws-store.de/heiztechnik/zubehoer/heizkreisverteiler-edelstahl-entluefter-durchflussanzeiger-mit-ohne-stellmotor_128000_6917;https://cdn03.plentyone.com/iidhyn1xr43q/item/images/128000/full/Heizkreisverteiler-Galerie.jpg;Heiztechnik > Zubehör;JWS;False;1;2026-09-16T11:54:57+00:00
2912_ohne;"Heizkreisverteiler Edelstahl Entlüfter &amp;amp; Durchflussanzeiger mit ohne Stellmotor";205.9;205.9;False;0.0;True;boolean;Sofort versandfertig, Lieferzeit 48h;2;1000;https://www.jws-store.de/heiztechnik/zubehoer/heizkreisverteiler-edelstahl-entluefter-durchflussanzeiger-mit-ohne-stellmotor_128000_6912;https://cdn03.plentyone.com/iidhyn1xr43q/item/images/128000/full/Heizkreisverteiler-Galerie.jpg;Heiztechnik > Zubehör;JWS;False;1;2026-09-16T11:54:57+00:00
2870_ohne;"Heizkreisverteiler Edelstahl Entlüfter &amp;amp; Durchflussanzeiger mit ohne Stellmotor";139.9;139.9;False;0.0;True;boolean;Sofort versandfertig, Lieferzeit 48h;2;1000;https://www.jws-store.de/heiztechnik/zubehoer/heizkreisverteiler-edelstahl-entluefter-durchflussanzeiger-mit-ohne-stellmotor_128000_6907;https://cdn03.plentyone.com/iidhyn1xr43q/item/images/128000/full/Heizkreisverteiler-Galerie.jpg;Heiztechnik > Zubehör;JWS;False;1;2026-09-16T11:54:57+00:00
2912_mit;"Heizkreisverteiler Edelstahl Entlüfter &amp;amp; Durchflussanzeiger mit ohne Stellmotor";325.9;325.9;False;0.0;True;boolean;Sofort versandfertig, Lieferzeit 48h;2;1000;https://www.jws-store.de/heiztechnik/zubehoer/heizkreisverteiler-edelstahl-entluefter-durchflussanzeiger-mit-ohne-stellmotor_128000_6923;https://cdn03.plentyone.com/iidhyn1xr43q/item/images/128000/full/Heizkreisverteiler-Galerie.jpg;Heiztechnik > Zubehör;JWS;False;1;2026-09-16T11:54:57+00:00
2820_ohne;"Heizkreisverteiler Edelstahl Entlüfter &amp;amp; Durchflussanzeiger mit ohne Stellmotor";79.9;79.9;False;0.0;True;boolean;Sofort versandfertig, Lieferzeit 48h;2;1000;https://www.jws-store.de/heiztechnik/zubehoer/heizkreisverteiler-edelstahl-entluefter-durchflussanzeiger-mit-ohne-stellmotor_128000_6902;https://cdn03.plentyone.com/iidhyn1xr43q/item/images/128000/full/Heizkreisverteiler-Galerie.jpg;Heiztechnik > Zubehör;JWS;False;1;2026-09-16T11:54:57+00:00
2870_mit;"Heizkreisverteiler Edelstahl Entlüfter &amp;amp; Durchflussanzeiger mit ohne Stellmotor";209.9;209.9;False;0.0;True;boolean;Sofort versandfertig, Lieferzeit 48h;2;1000;https://www.jws-store.de/heiztechnik/zubehoer/heizkreisverteiler-edelstahl-entluefter-durchflussanzeiger-mit-ohne-stellmotor_128000_6918;https://cdn03.plentyone.com/iidhyn1xr43q/item/images/128000/full/Heizkreisverteiler-Galerie.jpg;Heiztechnik > Zubehör;JWS;False;1;2026-09-16T11:54:57+00:00
2820_mit;"Heizkreisverteiler Edelstahl Entlüfter &amp;amp; Durchflussanzeiger mit ohne Stellmotor";109.9;109.9;False;0.0;True;boolean;Sofort versandfertig, Lieferzeit 48h;2;1000;https://www.jws-store.de/heiztechnik/zubehoer/heizkreisverteiler-edelstahl-entluefter-durchflussanzeiger-mit-ohne-stellmotor_128000_6913;https://cdn03.plentyone.com/iidhyn1xr43q/item/images/128000/full/Heizkreisverteiler-Galerie.jpg;Heiztechnik > Zubehör;JWS;False;1;2026-09-16T11:54:57+00:00
2880_ohne;"Heizkreisverteiler Edelstahl Entlüfter &amp;amp; Durchflussanzeiger mit ohne Stellmotor";154.9;154.9;False;0.0;True;boolean;Sofort versandfertig, Lieferzeit 48h;2;1000;https://www.jws-store.de/heiztechnik/zubehoer/heizkreisverteiler-edelstahl-entluefter-durchflussanzeiger-mit-ohne-stellmotor_128000_6908;https://cdn03.plentyone.com/iidhyn1xr43q/item/images/128000/full/Heizkreisverteiler-Galerie.jpg;Heiztechnik > Zubehör;JWS;False;1;2026-09-16T11:54:57+00:00
2830_ohne;"Heizkreisverteiler Edelstahl Entlüfter &amp;amp; Durchflussanzeiger mit ohne Stellmotor";89.9;89.9;False;0.0;True;boolean;Sofort versandfertig, Lieferzeit 48h;2;1000;https://www.jws-store.de/heiztechnik/zubehoer/heizkreisverteiler-edelstahl-entluefter-durchflussanzeiger-mit-ohne-stellmotor_128000_6903;https://cdn03.plentyone.com/iidhyn1xr43q/item/images/128000/full/Heizkreisverteiler-Galerie.jpg;Heiztechnik > Zubehör;JWS;False;1;2026-09-16T11:54:57+00:00
2880_mit;"Heizkreisverteiler Edelstahl Entlüfter &amp;amp; Durchflussanzeiger mit ohne Stellmotor";234.9;234.9;False;0.0;True;boolean;Sofort versandfertig, Lieferzeit 48h;2;1000;https://www.jws-store.de/heiztechnik/zubehoer/heizkreisverteiler-edelstahl-entluefter-durchflussanzeiger-mit-ohne-stellmotor_128000_6919;https://cdn03.plentyone.com/iidhyn1xr43q/item/images/128000/full/Heizkreisverteiler-Galerie.jpg;Heiztechnik > Zubehör;JWS;False;1;2026-09-16T11:54:57+00:00
2750_ohne;Heizkreisverteiler Edelstahl Entlüfter Durchflussanzeiger mit ohne Stellmotor;129.9;129.9;False;0.0;True;boolean;Sofort versandfertig, Lieferzeit 48h;2;1000;https://www.jws-store.de/heiztechnik/zubehoer/heizkreisverteiler-edelstahl-entluefter-durchflussanzeiger-mit-ohne-stellmotor_127000_6871;https://cdn03.plentyone.com/iidhyn1xr43q/item/images/127000/full/2700-1-pxo.jpg;Heiztechnik > Zubehör;JWS;False;1;2026-09-16T11:54:57+00:00
2810_mit;Heizkreisverteiler Edelstahl Entlüfter Durchflussanzeiger mit ohne Stellmotor;299.9;299.9;False;0.0;True;boolean;Sofort versandfertig, Lieferzeit 48h;2;1000;https://www.jws-store.de/heiztechnik/zubehoer/heizkreisverteiler-edelstahl-entluefter-durchflussanzeiger-mit-ohne-stellmotor_127000_6887;https://cdn03.plentyone.com/iidhyn1xr43q/item/images/127000/full/2700-1-pxo.jpg;Heiztechnik > Zubehör;JWS;False;1;2026-09-16T11:54:57+00:00
2750_mit;Heizkreisverteiler Edelstahl Entlüfter Durchflussanzeiger mit ohne Stellmotor;179.9;179.9;False;0.0;True;boolean;Sofort versandfertig, Lieferzeit 48h;2;1000;https://www.jws-store.de/heiztechnik/zubehoer/heizkreisverteiler-edelstahl-entluefter-durchflussanzeiger-mit-ohne-stellmotor_127000_6882;https://cdn03.plentyone.com/iidhyn1xr43q/item/images/127000/full/2700-1-pxo.jpg;Heiztechnik > Zubehör;JWS;False;1;2026-09-16T11:54:57+00:00
2811_ohne;Heizkreisverteiler Edelstahl Entlüfter Durchflussanzeiger mit ohne Stellmotor;219.9;219.9;False;0.0;True;boolean;Sofort versandfertig, Lieferzeit 48h;2;1000;https://www.jws-store.de/heiztechnik/zubehoer/heizkreisverteiler-edelstahl-entluefter-durchflussanzeiger-mit-ohne-stellmotor_127000_6877;https://cdn03.plentyone.com/iidhyn1xr43q/item/images/127000/full/2700-1-pxo.jpg;Heiztechnik > Zubehör;JWS;False;1;2026-09-16T11:54:57+00:00
2760_ohne;Heizkreisverteiler Edelstahl Entlüfter Durchflussanzeiger mit ohne Stellmotor;144.9;144.9;False;0.0;True;boolean;Sofort versandfertig, Lieferzeit 48h;2;1000;https://www.jws-store.de/heiztechnik/zubehoer/heizkreisverteiler-edelstahl-entluefter-durchflussanzeiger-mit-ohne-stellmotor_127000_6872;https://cdn03.plentyone.com/iidhyn1xr43q/item/images/127000/full/2700-1-pxo.jpg;Heiztechnik > Zubehör;JWS;False;1;2026-09-16T11:54:57+00:00
2811_mit;Heizkreisverteiler Edelstahl Entlüfter Durchflussanzeiger mit ohne Stellmotor;329.9;329.9;False;0.0;True;boolean;Sofort versandfertig, Lieferzeit 48h;2;1000;https://www.jws-store.de/heiztechnik/zubehoer/heizkreisverteiler-edelstahl-entluefter-durchflussanzeiger-mit-ohne-stellmotor_127000_6888;https://cdn03.plentyone.com/iidhyn1xr43q/item/images/127000/full/2700-1-pxo.jpg;Heiztechnik > Zubehör;JWS;False;1;2026-09-16T11:54:57+00:00
127000;Heizkreisverteiler Edelstahl Entlüfter Durchflussanzeiger mit ohne Stellmotor;88.9;88.9;False;0.0;True;boolean;Sofort versandfertig, Lieferzeit 48h;2;1000;https://www.jws-store.de/heiztechnik/zubehoer/heizkreisverteiler-edelstahl-entluefter-durchflussanzeiger-mit-ohne-stellmotor_127000_6856;https://cdn03.plentyone.com/iidhyn1xr43q/item/images/127000/full/2700-1-pxo.jpg;Heiztechnik > Zubehör;JWS;False;1;2026-09-16T11:54:57+00:00
2760_mit;Heizkreisverteiler Edelstahl Entlüfter Durchflussanzeiger mit ohne Stellmotor;204.9;204.9;False;0.0;True;boolean;Sofort versandfertig, Lieferzeit 48h;2;1000;https://www.jws-store.de/heiztechnik/zubehoer/heizkreisverteiler-edelstahl-entluefter-durchflussanzeiger-mit-ohne-stellmotor_127000_6883;https://cdn03.plentyone.com/iidhyn1xr43q/item/images/127000/full/2700-1-pxo.jpg;Heiztechnik > Zubehör;JWS;False;1;2026-09-16T11:54:57+00:00
2812_ohne;Heizkreisverteiler Edelstahl Entlüfter Durchflussanzeiger mit ohne Stellmotor;229.9;229.9;False;0.0;True;boolean;Sofort versandfertig, Lieferzeit 48h;2;1000;https://www.jws-store.de/heiztechnik/zubehoer/heizkreisverteiler-edelstahl-entluefter-durchflussanzeiger-mit-ohne-stellmotor_127000_6878;https://cdn03.plentyone.com/iidhyn1xr43q/item/images/127000/full/2700-1-pxo.jpg;Heiztechnik > Zubehör;JWS;False;1;2026-09-16T11:54:57+00:00
2770_ohne;Heizkreisverteiler Edelstahl Entlüfter Durchflussanzeiger mit ohne Stellmotor;159.9;159.9;False;0.0;True;boolean;Sofort versandfertig, Lieferzeit 48h;2;1000;https://www.jws-store.de/heiztechnik/zubehoer/heizkreisverteiler-edelstahl-entluefter-durchflussanzeiger-mit-ohne-stellmotor_127000_6873;https://cdn03.plentyone.com/iidhyn1xr43q/item/images/127000/full/2700-1-pxo.jpg;Heiztechnik > Zubehör;JWS;False;1;2026-09-16T11:54:57+00:00
2812_mit;Heizkreisverteiler Edelstahl Entlüfter Durchflussanzeiger mit ohne Stellmotor;359.9;359.9;False;0.0;True;boolean;Sofort versandfertig, Lieferzeit 48h;2;1000;https://www.jws-store.de/heiztechnik/zubehoer/heizkreisverteiler-edelstahl-entluefter-durchflussanzeiger-mit-ohne-stellmotor_127000_6889;https://cdn03.plentyone.com/iidhyn1xr43q/item/images/127000/full/2700-1-pxo.jpg;Heiztechnik > Zubehör;JWS;False;1;2026-09-16T11:54:57+00:00
2720_ohne;Heizkreisverteiler Edelstahl Entlüfter Durchflussanzeiger mit ohne Stellmotor;88.9;88.9;False;0.0;True;boolean;Sofort versandfertig, Lieferzeit 48h;2;1000;https://www.jws-store.de/heiztechnik/zubehoer/heizkreisverteiler-edelstahl-entluefter-durchflussanzeiger-mit-ohne-stellmotor_127000_6868;https://cdn03.plentyone.com/iidhyn1xr43q/item/images/127000/full/2700-1-pxo.jpg;Heiztechnik > Zubehör;JWS;False;1;2026-09-16T11:54:57+00:00
2770_mit;Heizkreisverteiler Edelstahl Entlüfter Durchflussanzeiger mit ohne Stellmotor;209.9;209.9;False;0.0;True;boolean;Sofort versandfertig, Lieferzeit 48h;2;1000;https://www.jws-store.de/heiztechnik/zubehoer/heizkreisverteiler-edelstahl-entluefter-durchflussanzeiger-mit-ohne-stellmotor_127000_6884;https://cdn03.plentyone.com/iidhyn1xr43q/item/images/127000/full/2700-1-pxo.jpg;Heiztechnik > Zubehör;JWS;False;1;2026-09-16T11:54:57+00:00
2720_mit;Heizkreisverteiler Edelstahl Entlüfter Durchflussanzeiger mit ohne Stellmotor;108.9;108.9;False;0.0;True;boolean;Sofort versandfertig, Lieferzeit 48h;2;1000;https://www.jws-store.de/heiztechnik/zubehoer/heizkreisverteiler-edelstahl-entluefter-durchflussanzeiger-mit-ohne-stellmotor_127000_6879;https://cdn03.plentyone.com/iidhyn1xr43q/item/images/127000/full/2700-1-pxo.jpg;Heiztechnik > Zubehör;JWS;False;1;2026-09-16T11:54:57+00:00
2780_ohne;Heizkreisverteiler Edelstahl Entlüfter Durchflussanzeiger mit ohne Stellmotor;169.9;169.9;False;0.0;True;boolean;Sofort versandfertig, Lieferzeit 48h;2;1000;https://www.jws-store.de/heiztechnik/zubehoer/heizkreisverteiler-edelstahl-entluefter-durchflussanzeiger-mit-ohne-stellmotor_127000_6874;https://cdn03.plentyone.com/iidhyn1xr43q/item/images/127000/full/2700-1-pxo.jpg;Heiztechnik > Zubehör;JWS;False;1;2026-09-16T11:54:57+00:00
2730_ohne;Heizkreisverteiler Edelstahl Entlüfter Durchflussanzeiger mit ohne Stellmotor;104.9;104.9;False;0.0;True;boolean;Sofort versandfertig, Lieferzeit 48h;2;1000;https://www.jws-store.de/heiztechnik/zubehoer/heizkreisverteiler-edelstahl-entluefter-durchflussanzeiger-mit-ohne-stellmotor_127000_6869;https://cdn03.plentyone.com/iidhyn1xr43q/item/images/127000/full/2700-1-pxo.jpg;Heiztechnik > Zubehör;JWS;False;1;2026-09-16T11:54:57+00:00
2780_mit;Heizkreisverteiler Edelstahl Entlüfter Durchflussanzeiger mit ohne Stellmotor;249.9;249.9;False;0.0;True;boolean;Sofort versandfertig, Lieferzeit 48h;2;1000;https://www.jws-store.de/heiztechnik/zubehoer/heizkreisverteiler-edelstahl-entluefter-durchflussanzeiger-mit-ohne-stellmotor_127000_6885;https://cdn03.plentyone.com/iidhyn1xr43q/item/images/127000/full/2700-1-pxo.jpg;Heiztechnik > Zubehör;JWS;False;1;2026-09-16T11:54:57+00:00
2730_mit;Heizkreisverteiler Edelstahl Entlüfter Durchflussanzeiger mit ohne Stellmotor;134.9;134.9;False;0.0;True;boolean;Sofort versandfertig, Lieferzeit 48h;2;1000;https://www.jws-store.de/heiztechnik/zubehoer/heizkreisverteiler-edelstahl-entluefter-durchflussanzeiger-mit-ohne-stellmotor_127000_6880;https://cdn03.plentyone.com/iidhyn1xr43q/item/images/127000/full/2700-1-pxo.jpg;Heiztechnik > Zubehör;JWS;False;1;2026-09-16T11:54:57+00:00
2790_ohne;Heizkreisverteiler Edelstahl Entlüfter Durchflussanzeiger mit ohne Stellmotor;184.9;184.9;False;0.0;True;boolean;Sofort versandfertig, Lieferzeit 48h;2;1000;https://www.jws-store.de/heiztechnik/zubehoer/heizkreisverteiler-edelstahl-entluefter-durchflussanzeiger-mit-ohne-stellmotor_127000_6875;https://cdn03.plentyone.com/iidhyn1xr43q/item/images/127000/full/2700-1-pxo.jpg;Heiztechnik > Zubehör;JWS;False;1;2026-09-16T11:54:57+00:00
2740_ohne;Heizkreisverteiler Edelstahl Entlüfter Durchflussanzeiger mit ohne Stellmotor;119.9;119.9;False;0.0;True;boolean;Sofort versandfertig, Lieferzeit 48h;2;1000;https://www.jws-store.de/heiztechnik/zubehoer/heizkreisverteiler-edelstahl-entluefter-durchflussanzeiger-mit-ohne-stellmotor_127000_6870;https://cdn03.plentyone.com/iidhyn1xr43q/item/images/127000/full/2700-1-pxo.jpg;Heiztechnik > Zubehör;JWS;False;1;2026-09-16T11:54:57+00:00
2790_mit;Heizkreisverteiler Edelstahl Entlüfter Durchflussanzeiger mit ohne Stellmotor;274.9;274.9;False;0.0;True;boolean;Sofort versandfertig, Lieferzeit 48h;2;1000;https://www.jws-store.de/heiztechnik/zubehoer/heizkreisverteiler-edelstahl-entluefter-durchflussanzeiger-mit-ohne-stellmotor_127000_6886;https://cdn03.plentyone.com/iidhyn1xr43q/item/images/127000/full/2700-1-pxo.jpg;Heiztechnik > Zubehör;JWS;False;1;2026-09-16T11:54:57+00:00
2740_mit;Heizkreisverteiler Edelstahl Entlüfter Durchflussanzeiger mit ohne Stellmotor;159.9;159.9;False;0.0;True;boolean;Sofort versandfertig, Lieferzeit 48h;2;1000;https://www.jws-store.de/heiztechnik/zubehoer/heizkreisverteiler-edelstahl-entluefter-durchflussanzeiger-mit-ohne-stellmotor_127000_6881;https://cdn03.plentyone.com/iidhyn1xr43q/item/images/127000/full/2700-1-pxo.jpg;Heiztechnik > Zubehör;JWS;False;1;2026-09-16T11:54:57+00:00
2810_ohne;Heizkreisverteiler Edelstahl Entlüfter Durchflussanzeiger mit ohne Stellmotor;199.9;199.9;False;0.0;True;boolean;Sofort versandfertig, Lieferzeit 48h;2;1000;https://www.jws-store.de/heiztechnik/zubehoer/heizkreisverteiler-edelstahl-entluefter-durchflussanzeiger-mit-ohne-stellmotor_127000_6876;https://cdn03.plentyone.com/iidhyn1xr43q/item/images/127000/full/2700-1-pxo.jpg;Heiztechnik > Zubehör;JWS;False;1;2026-09-16T11:54:57+00:00
2750.;Heizkreisverteiler Edelstahl Fußbodenheizung Entlüfter Durchflussanzeiger;139.9;139.9;False;0.0;True;boolean;Sofort versandfertig, Lieferzeit 48h;2;1000;https://www.jws-store.de/heiztechnik/zubehoer/heizkreisverteiler-edelstahl-fussbodenheizung-entluefter-durchflussanzeiger_2700_4963;https://cdn03.plentyone.com/iidhyn1xr43q/item/images/2700/full/Galeriebild-pxo.jpg;Heiztechnik > Zubehör;JWS;False;1;2026-09-16T11:54:57+00:00
2811.;Heizkreisverteiler Edelstahl Fußbodenheizung Entlüfter Durchflussanzeiger;239.9;239.9;False;0.0;True;boolean;Sofort versandfertig, Lieferzeit 48h;2;1000;https://www.jws-store.de/heiztechnik/zubehoer/heizkreisverteiler-edelstahl-fussbodenheizung-entluefter-durchflussanzeiger_2700_4969;https://cdn03.plentyone.com/iidhyn1xr43q/item/images/2700/full/Galeriebild-pxo.jpg;Heiztechnik > Zubehör;JWS;False;1;2026-09-16T11:54:57+00:00
2760.;Heizkreisverteiler Edelstahl Fußbodenheizung Entlüfter Durchflussanzeiger;155.9;155.9;False;0.0;True;boolean;Sofort versandfertig, Lieferzeit 48h;2;1000;https://www.jws-store.de/heiztechnik/zubehoer/heizkreisverteiler-edelstahl-fussbodenheizung-entluefter-durchflussanzeiger_2700_4964;https://cdn03.plentyone.com/iidhyn1xr43q/item/images/2700/full/Galeriebild-pxo.jpg;Heiztechnik > Zubehör;JWS;False;1;2026-09-16T11:54:57+00:00
2700;Heizkreisverteiler Edelstahl Fußbodenheizung Entlüfter Durchflussanzeiger;88.9;88.9;False;0.0;True;boolean;Sofort versandfertig, Lieferzeit 48h;2;1000;https://www.jws-store.de/heiztechnik/zubehoer/heizkreisverteiler-edelstahl-fussbodenheizung-entluefter-durchflussanzeiger_2700_4959;https://cdn03.plentyone.com/iidhyn1xr43q/item/images/2700/full/Galeriebild-pxo.jpg;Heiztechnik > Zubehör;JWS;False;1;2026-09-16T11:54:57+00:00
2812.;Heizkreisverteiler Edelstahl Fußbodenheizung Entlüfter Durchflussanzeiger;259.9;259.9;False;0.0;True;boolean;Sofort versandfertig, Lieferzeit 48h;2;1000;https://www.jws-store.de/heiztechnik/zubehoer/heizkreisverteiler-edelstahl-fussbodenheizung-entluefter-durchflussanzeiger_2700_4970;https://cdn03.plentyone.com/iidhyn1xr43q/item/images/2700/full/Galeriebild-pxo.jpg;Heiztechnik > Zubehör;JWS;False;1;2026-09-16T11:54:57+00:00
2770.;Heizkreisverteiler Edelstahl Fußbodenheizung Entlüfter Durchflussanzeiger;175.9;175.9;False;0.0;True;boolean;Sofort versandfertig, Lieferzeit 48h;2;1000;https://www.jws-store.de/heiztechnik/zubehoer/heizkreisverteiler-edelstahl-fussbodenheizung-entluefter-durchflussanzeiger_2700_4965;https://cdn03.plentyone.com/iidhyn1xr43q/item/images/2700/full/Galeriebild-pxo.jpg;Heiztechnik > Zubehör;JWS;False;1;2026-09-16T11:54:57+00:00
2720.;Heizkreisverteiler Edelstahl Fußbodenheizung Entlüfter Durchflussanzeiger;88.9;88.9;False;0.0;True;boolean;Sofort versandfertig, Lieferzeit 48h;2;1000;https://www.jws-store.de/heiztechnik/zubehoer/heizkreisverteiler-edelstahl-fussbodenheizung-entluefter-durchflussanzeiger_2700_4960;https://cdn03.plentyone.com/iidhyn1xr43q/item/images/2700/full/Galeriebild-pxo.jpg;Heiztechnik > Zubehör;JWS;False;1;2026-09-16T11:54:57+00:00
2780.;Heizkreisverteiler Edelstahl Fußbodenheizung Entlüfter Durchflussanzeiger;189.9;189.9;False;0.0;True;boolean;Sofort versandfertig, Lieferzeit 48h;2;1000;https://www.jws-store.de/heiztechnik/zubehoer/heizkreisverteiler-edelstahl-fussbodenheizung-entluefter-durchflussanzeiger_2700_4966;https://cdn03.plentyone.com/iidhyn1xr43q/item/images/2700/full/Galeriebild-pxo.jpg;Heiztechnik > Zubehör;JWS;False;1;2026-09-16T11:54:57+00:00
2730.;Heizkreisverteiler Edelstahl Fußbodenheizung Entlüfter Durchflussanzeiger;104.9;104.9;False;0.0;True;boolean;Sofort versandfertig, Lieferzeit 48h;2;1000;https://www.jws-store.de/heiztechnik/zubehoer/heizkreisverteiler-edelstahl-fussbodenheizung-entluefter-durchflussanzeiger_2700_4961;https://cdn03.plentyone.com/iidhyn1xr43q/item/images/2700/full/Galeriebild-pxo.jpg;Heiztechnik > Zubehör;JWS;False;1;2026-09-16T11:54:57+00:00
2790.;Heizkreisverteiler Edelstahl Fußbodenheizung Entlüfter Durchflussanzeiger;209.9;209.9;False;0.0;True;boolean;Sofort versandfertig, Lieferzeit 48h;2;1000;https://www.jws-store.de/heiztechnik/zubehoer/heizkreisverteiler-edelstahl-fussbodenheizung-entluefter-durchflussanzeiger_2700_4967;https://cdn03.plentyone.com/iidhyn1xr43q/item/images/2700/full/Galeriebild-pxo.jpg;Heiztechnik > Zubehör;JWS;False;1;2026-09-16T11:54:57+00:00
2740.;Heizkreisverteiler Edelstahl Fußbodenheizung Entlüfter Durchflussanzeiger;119.9;119.9;False;0.0;True;boolean;Sofort versandfertig, Lieferzeit 48h;2;1000;https://www.jws-store.de/heiztechnik/zubehoer/heizkreisverteiler-edelstahl-fussbodenheizung-entluefter-durchflussanzeiger_2700_4962;https://cdn03.plentyone.com/iidhyn1xr43q/item/images/2700/full/Galeriebild-pxo.jpg;Heiztechnik > Zubehör;JWS;False;1;2026-09-16T11:54:57+00:00
2810.;Heizkreisverteiler Edelstahl Fußbodenheizung Entlüfter Durchflussanzeiger;229.9;229.9;False;0.0;True;boolean;Sofort versandfertig, Lieferzeit 48h;2;1000;https://www.jws-store.de/heiztechnik/zubehoer/heizkreisverteiler-edelstahl-fussbodenheizung-entluefter-durchflussanzeiger_2700_4968;https://cdn03.plentyone.com/iidhyn1xr43q/item/images/2700/full/Galeriebild-pxo.jpg;Heiztechnik > Zubehör;JWS;False;1;2026-09-16T11:54:57+00:00
2630.;Kessel Sicherheitsgruppe Sicherheitsventil Heizung Entlüfter Manometer;31.9;31.9;False;0.0;True;boolean;Sofort versandfertig, Lieferzeit 48h;2;1000;https://www.jws-store.de/heiztechnik/zubehoer/kessel-sicherheitsgruppe-sicherheitsventil-heizung-entluefter-manometer_2600_4974;https://cdn03.plentyone.com/iidhyn1xr43q/item/images/2600/full/Montage-pxo.jpg;Heiztechnik > Zubehör;JWS;False;1;2026-09-16T11:54:57+00:00
2600;Kessel Sicherheitsgruppe Sicherheitsventil Heizung Entlüfter Manometer;29.9;29.9;False;0.0;True;boolean;Sofort versandfertig, Lieferzeit 48h;2;1000;https://www.jws-store.de/heiztechnik/zubehoer/kessel-sicherheitsgruppe-sicherheitsventil-heizung-entluefter-manometer_2600_4971;https://cdn03.plentyone.com/iidhyn1xr43q/item/images/2600/full/Montage-pxo.jpg;Heiztechnik > Zubehör;JWS;False;1;2026-09-16T11:54:57+00:00
2610.;Kessel Sicherheitsgruppe Sicherheitsventil Heizung Entlüfter Manometer;29.9;29.9;False;0.0;True;boolean;Sofort versandfertig, Lieferzeit 48h;2;1000;https://www.jws-store.de/heiztechnik/zubehoer/kessel-sicherheitsgruppe-sicherheitsventil-heizung-entluefter-manometer_2600_4972;https://cdn03.plentyone.com/iidhyn1xr43q/item/images/2600/full/Montage-pxo.jpg;Heiztechnik > Zubehör;JWS;False;1;2026-09-16T11:54:57+00:00
2620.;Kessel Sicherheitsgruppe Sicherheitsventil Heizung Entlüfter Manometer;33.9;33.9;False;0.0;True;boolean;Sofort versandfertig, Lieferzeit 48h;2;1000;https://www.jws-store.de/heiztechnik/zubehoer/kessel-sicherheitsgruppe-sicherheitsventil-heizung-entluefter-manometer_2600_4973;https://cdn03.plentyone.com/iidhyn1xr43q/item/images/2600/full/Montage-pxo.jpg;Heiztechnik > Zubehör;JWS;False;1;2026-09-16T11:54:57+00:00
2500;Multiblock Heizkörper Thermostat Heizungszubehör Ventil Anschlussgarnitur H Valve;37.9;37.9;False;0.0;True;boolean;Sofort versandfertig, Lieferzeit 48h;2;1000;https://www.jws-store.de/heiztechnik/zubehoer/h-valve-multiblock-multiblock-heizkoerper-heizungszubehoer-ventil-anschlussarmatur_2500_3562;https://cdn03.plentyone.com/iidhyn1xr43q/item/images/2500/full/Set2-pxo.jpg;Heiztechnik > Zubehör;JWS;False;1;2026-09-16T11:54:57+00:00
Multiblock_weiß (3563);Multiblock Heizkörper Thermostat Heizungszubehör Ventil Anschlussgarnitur H Valve;37.9;37.9;False;0.0;True;boolean;Sofort versandfertig, Lieferzeit 48h;2;1000;https://www.jws-store.de/heiztechnik/zubehoer/h-valve-multiblock-multiblock-heizkoerper-heizungszubehoer-ventil-anschlussarmatur_2500_3563;https://cdn03.plentyone.com/iidhyn1xr43q/item/images/2500/full/Set2-pxo.jpg;Heiztechnik > Zubehör;JWS;False;1;2026-09-16T11:54:57+00:00
Multiblock_grau (3564);Multiblock Heizkörper Thermostat Heizungszubehör Ventil Anschlussgarnitur H Valve;37.9;37.9;False;0.0;True;boolean;Sofort versandfertig, Lieferzeit 48h;2;1000;https://www.jws-store.de/heiztechnik/zubehoer/h-valve-multiblock-multiblock-heizkoerper-heizungszubehoer-ventil-anschlussarmatur_2500_3564;https://cdn03.plentyone.com/iidhyn1xr43q/item/images/2500/full/Set2-pxo.jpg;Heiztechnik > Zubehör;JWS;False;1;2026-09-16T11:54:57+00:00
Multiblock_chrom (3565);Multiblock Heizkörper Thermostat Heizungszubehör Ventil Anschlussgarnitur H Valve;37.9;37.9;False;0.0;True;boolean;Sofort versandfertig, Lieferzeit 48h;2;1000;https://www.jws-store.de/heiztechnik/zubehoer/h-valve-multiblock-multiblock-heizkoerper-heizungszubehoer-ventil-anschlussarmatur_2500_3565;https://cdn03.plentyone.com/iidhyn1xr43q/item/images/2500/full/Set2-pxo.jpg;Heiztechnik > Zubehör;JWS;False;1;2026-09-16T11:54:57+00:00
155301;"Schlammabscheider Magnetabscheider Magnet 1 1/4 3/4&amp;quot; Heizung Magnetischer Filter";89.9;89.9;False;0.0;True;boolean;Sofort versandfertig, Lieferzeit 48h;2;1000;https://www.jws-store.de/heiztechnik/zubehoer/schlammabscheider-magnetabscheider-magnet-1-3-4-heizung-magnetischer-filter_155000_6134;https://cdn03.plentyone.com/iidhyn1xr43q/item/images/155000/full/Schlammabscheider.jpg;Heiztechnik > Zubehör;;False;1;2026-09-16T11:54:57+00:00
155334;"Schlammabscheider Magnetabscheider Magnet 1 1/4 3/4&amp;quot; Heizung Magnetischer Filter";89.9;89.9;False;0.0;True;boolean;Sofort versandfertig, Lieferzeit 48h;2;1000;https://www.jws-store.de/heiztechnik/zubehoer/schlammabscheider-magnetabscheider-magnet-1-3-4-heizung-magnetischer-filter_155000_6135;https://cdn03.plentyone.com/iidhyn1xr43q/item/images/155000/full/Schlammabscheider.jpg;Heiztechnik > Zubehör;;False;1;2026-09-16T11:54:57+00:00
155234;"Schlammabscheider Magnetabscheider Magnet 1 1/4 3/4&amp;quot; Heizung Magnetischer Filter";45.9;45.9;False;0.0;True;boolean;Sofort versandfertig, Lieferzeit 48h;2;1000;https://www.jws-store.de/heiztechnik/zubehoer/schlammabscheider-magnetabscheider-magnet-1-3-4-heizung-magnetischer-filter_155000_6136;https://cdn03.plentyone.com/iidhyn1xr43q/item/images/155000/full/Schlammabscheider.jpg;Heiztechnik > Zubehör;;False;1;2026-09-16T11:54:57+00:00
155200.;"Schlammabscheider Magnetabscheider Magnet 1 1/4 3/4&amp;quot; Heizung Magnetischer Filter";94.9;94.9;False;0.0;True;boolean;Sofort versandfertig, Lieferzeit 48h;2;1000;https://www.jws-store.de/heiztechnik/zubehoer/schlammabscheider-magnetabscheider-magnet-1-3-4-heizung-magnetischer-filter_155000_6850;https://cdn03.plentyone.com/iidhyn1xr43q/item/images/155000/full/Schlammabscheider.jpg;Heiztechnik > Zubehör;;False;1;2026-09-16T11:54:57+00:00
155000;"Schlammabscheider Magnetabscheider Magnet 1 1/4 3/4&amp;quot; Heizung Magnetischer Filter";49.9;49.9;False;0.0;True;boolean;Sofort versandfertig, Lieferzeit 48h;2;1000;https://www.jws-store.de/heiztechnik/zubehoer/schlammabscheider-magnetabscheider-magnet-1-3-4-heizung-magnetischer-filter_155000_5852;https://cdn03.plentyone.com/iidhyn1xr43q/item/images/155000/full/Schlammabscheider.jpg;Heiztechnik > Zubehör;;False;1;2026-09-16T11:54:57+00:00
2900;Stellmotor 230V Thermischer Stellantrieb Fußbodenheizung Heizkreisverteiler;9.9;9.9;False;0.0;True;boolean;Sofort versandfertig, Lieferzeit 48h;2;500;https://www.jws-store.de/heiztechnik/zubehoer/stellmotor-230v-thermischer-stellantrieb-fussbodenheizung-heizkreisverteiler_2900_6855;https://cdn03.plentyone.com/iidhyn1xr43q/item/images/2900/full/Stellmotor.png;Heiztechnik > Zubehör;JWS;False;1;2026-09-16T11:54:57+00:00
6 Stellmotoren;Stellmotor 230V Thermischer Stellantrieb Fußbodenheizung Heizkreisverteiler Set;59.9;59.9;False;0.0;True;boolean;Sofort versandfertig, Lieferzeit 48h;2;500;https://www.jws-store.de/heiztechnik/zubehoer/stellmotor-230v-thermischer-stellantrieb-fussbodenheizung-heizkreisverteiler-set_229000_6930;https://cdn03.plentyone.com/iidhyn1xr43q/item/images/229000/full/Stellmotor.png;Heiztechnik > Zubehör;JWS;False;1;2026-09-16T11:54:57+00:00
1 Stellmotor;Stellmotor 230V Thermischer Stellantrieb Fußbodenheizung Heizkreisverteiler Set;9.9;9.9;False;0.0;True;boolean;Sofort versandfertig, Lieferzeit 48h;2;500;https://www.jws-store.de/heiztechnik/zubehoer/stellmotor-230v-thermischer-stellantrieb-fussbodenheizung-heizkreisverteiler-set_229000_6925;https://cdn03.plentyone.com/iidhyn1xr43q/item/images/229000/full/Stellmotor.png;Heiztechnik > Zubehör;JWS;False;1;2026-09-16T11:54:57+00:00
12 Stellmotoren;Stellmotor 230V Thermischer Stellantrieb Fußbodenheizung Heizkreisverteiler Set;118.9;118.9;False;0.0;True;boolean;Sofort versandfertig, Lieferzeit 48h;2;500;https://www.jws-store.de/heiztechnik/zubehoer/stellmotor-230v-thermischer-stellantrieb-fussbodenheizung-heizkreisverteiler-set_229000_6936;https://cdn03.plentyone.com/iidhyn1xr43q/item/images/229000/full/Stellmotor.png;Heiztechnik > Zubehör;JWS;False;1;2026-09-16T11:54:57+00:00
7 Stellmotoren;Stellmotor 230V Thermischer Stellantrieb Fußbodenheizung Heizkreisverteiler Set;69.9;69.9;False;0.0;True;boolean;Sofort versandfertig, Lieferzeit 48h;2;500;https://www.jws-store.de/heiztechnik/zubehoer/stellmotor-230v-thermischer-stellantrieb-fussbodenheizung-heizkreisverteiler-set_229000_6931;https://cdn03.plentyone.com/iidhyn1xr43q/item/images/229000/full/Stellmotor.png;Heiztechnik > Zubehör;JWS;False;1;2026-09-16T11:54:57+00:00
2 Stellmotoren;Stellmotor 230V Thermischer Stellantrieb Fußbodenheizung Heizkreisverteiler Set;19.9;19.9;False;0.0;True;boolean;Sofort versandfertig, Lieferzeit 48h;2;500;https://www.jws-store.de/heiztechnik/zubehoer/stellmotor-230v-thermischer-stellantrieb-fussbodenheizung-heizkreisverteiler-set_229000_6926;https://cdn03.plentyone.com/iidhyn1xr43q/item/images/229000/full/Stellmotor.png;Heiztechnik > Zubehör;JWS;False;1;2026-09-16T11:54:57+00:00
8 Stellmotoren;Stellmotor 230V Thermischer Stellantrieb Fußbodenheizung Heizkreisverteiler Set;79.9;79.9;False;0.0;True;boolean;Sofort versandfertig, Lieferzeit 48h;2;500;https://www.jws-store.de/heiztechnik/zubehoer/stellmotor-230v-thermischer-stellantrieb-fussbodenheizung-heizkreisverteiler-set_229000_6932;https://cdn03.plentyone.com/iidhyn1xr43q/item/images/229000/full/Stellmotor.png;Heiztechnik > Zubehör;JWS;False;1;2026-09-16T11:54:57+00:00
3 Stellmotoren;Stellmotor 230V Thermischer Stellantrieb Fußbodenheizung Heizkreisverteiler Set;29.9;29.9;False;0.0;True;boolean;Sofort versandfertig, Lieferzeit 48h;2;500;https://www.jws-store.de/heiztechnik/zubehoer/stellmotor-230v-thermischer-stellantrieb-fussbodenheizung-heizkreisverteiler-set_229000_6927;https://cdn03.plentyone.com/iidhyn1xr43q/item/images/229000/full/Stellmotor.png;Heiztechnik > Zubehör;JWS;False;1;2026-09-16T11:54:57+00:00
9 Stellmotoren;Stellmotor 230V Thermischer Stellantrieb Fußbodenheizung Heizkreisverteiler Set;89.9;89.9;False;0.0;True;boolean;Sofort versandfertig, Lieferzeit 48h;2;500;https://www.jws-store.de/heiztechnik/zubehoer/stellmotor-230v-thermischer-stellantrieb-fussbodenheizung-heizkreisverteiler-set_229000_6933;https://cdn03.plentyone.com/iidhyn1xr43q/item/images/229000/full/Stellmotor.png;Heiztechnik > Zubehör;JWS;False;1;2026-09-16T11:54:57+00:00
4 Stellmotoren;Stellmotor 230V Thermischer Stellantrieb Fußbodenheizung Heizkreisverteiler Set;39.9;39.9;False;0.0;True;boolean;Sofort versandfertig, Lieferzeit 48h;2;500;https://www.jws-store.de/heiztechnik/zubehoer/stellmotor-230v-thermischer-stellantrieb-fussbodenheizung-heizkreisverteiler-set_229000_6928;https://cdn03.plentyone.com/iidhyn1xr43q/item/images/229000/full/Stellmotor.png;Heiztechnik > Zubehör;JWS;False;1;2026-09-16T11:54:57+00:00
10 Stellmotoren;Stellmotor 230V Thermischer Stellantrieb Fußbodenheizung Heizkreisverteiler Set;99.9;99.9;False;0.0;True;boolean;Sofort versandfertig, Lieferzeit 48h;2;500;https://www.jws-store.de/heiztechnik/zubehoer/stellmotor-230v-thermischer-stellantrieb-fussbodenheizung-heizkreisverteiler-set_229000_6934;https://cdn03.plentyone.com/iidhyn1xr43q/item/images/229000/full/Stellmotor.png;Heiztechnik > Zubehör;JWS;False;1;2026-09-16T11:54:57+00:00
5 Stellmotoren;Stellmotor 230V Thermischer Stellantrieb Fußbodenheizung Heizkreisverteiler Set;49.9;49.9;False;0.0;True;boolean;Sofort versandfertig, Lieferzeit 48h;2;500;https://www.jws-store.de/heiztechnik/zubehoer/stellmotor-230v-thermischer-stellantrieb-fussbodenheizung-heizkreisverteiler-set_229000_6929;https://cdn03.plentyone.com/iidhyn1xr43q/item/images/229000/full/Stellmotor.png;Heiztechnik > Zubehör;JWS;False;1;2026-09-16T11:54:57+00:00
229000;Stellmotor 230V Thermischer Stellantrieb Fußbodenheizung Heizkreisverteiler Set;9.9;9.9;False;0.0;True;boolean;Sofort versandfertig, Lieferzeit 48h;2;500;https://www.jws-store.de/heiztechnik/zubehoer/stellmotor-230v-thermischer-stellantrieb-fussbodenheizung-heizkreisverteiler-set_229000_6924;https://cdn03.plentyone.com/iidhyn1xr43q/item/images/229000/full/Stellmotor.png;Heiztechnik > Zubehör;JWS;False;1;2026-09-16T11:54:57+00:00
11 Stellmotoren;Stellmotor 230V Thermischer Stellantrieb Fußbodenheizung Heizkreisverteiler Set;108.9;108.9;False;0.0;True;boolean;Sofort versandfertig, Lieferzeit 48h;2;500;https://www.jws-store.de/heiztechnik/zubehoer/stellmotor-230v-thermischer-stellantrieb-fussbodenheizung-heizkreisverteiler-set_229000_6935;https://cdn03.plentyone.com/iidhyn1xr43q/item/images/229000/full/Stellmotor.png;Heiztechnik > Zubehör;JWS;False;1;2026-09-16T11:54:57+00:00
4321;Solar Tiefbrunnenpumpe 12V 70m PV Tauchpumpe Kunststoffgehäuse Pumpe;119.9;119.9;False;0.0;True;boolean;Sofort versandfertig, Lieferzeit 48h;2;0;https://www.jws-store.de/sonstiges/solar-tiefbrunnenpumpe-12v-70m-pv-tauchpumpe-kunststoffgehaeuse-pumpe_4321_2780;https://cdn03.plentyone.com/iidhyn1xr43q/item/images/4321/full/Solar-Tiefbrunnenpumpe-12Volt.jpg;Pumpen > Tiefbrunnenpumpen;JWS-Solar;False;1;2026-09-16T11:54:57+00:00
4301...;"Solar Tiefbrunnenpumpe 4&amp;quot; Edelstahl 12V 24V 70m PV Wasserpumpe Tauchpumpe";169.9;169.9;False;0.0;False;boolean;Produkt vergriffen, Lieferzeit auf Anfrage;70;0;https://www.jws-store.de/solarenergie/solar-tiefbrunnenpumpe-mit-regler-edelstahlgehaeuse-12v-24v-100m-pv-wasserpumpe_4300_2744;https://cdn03.plentyone.com/iidhyn1xr43q/item/images/4300/full/Pic1-pxo.jpg;Pumpen > Tiefbrunnenpumpen;JWS;False;1;2026-09-16T11:54:57+00:00
4301_4303.;"Solar Tiefbrunnenpumpe 4&amp;quot; Edelstahl 12V 24V 70m PV Wasserpumpe Tauchpumpe";219.9;219.9;False;0.0;False;boolean;Produkt vergriffen, Lieferzeit auf Anfrage;70;0;https://www.jws-store.de/solarenergie/solar-tiefbrunnenpumpe-mit-regler-edelstahlgehaeuse-12v-24v-100m-pv-wasserpumpe_4300_2746;https://cdn03.plentyone.com/iidhyn1xr43q/item/images/4300/full/Pic1-pxo.jpg;Pumpen > Tiefbrunnenpumpen;JWS;False;1;2026-09-16T11:54:57+00:00
4350;"Solar Tiefbrunnenpumpe 4&amp;quot; Edelstahl 12V 24V PV Wasserpumpe Tauchpumpe";119.9;119.9;False;0.0;True;boolean;Sofort versandfertig, Lieferzeit 48h;2;1000;https://www.jws-store.de/solarenergie/solar-tiefbrunnenpumpe-4-edelstahl-12v-24v-pv-wasserpumpe-tauchpumpe_4350_3316;https://cdn03.plentyone.com/iidhyn1xr43q/item/images/4350/full/Solar-Tiefbrunnenpumpe-Galerie.jpg;Pumpen > Tiefbrunnenpumpen;JWS;False;1;2026-09-16T11:54:57+00:00
4321.;"Solar Tiefbrunnenpumpe 4&amp;quot; Edelstahl 12V 24V PV Wasserpumpe Tauchpumpe";119.9;119.9;False;0.0;True;boolean;Sofort versandfertig, Lieferzeit 48h;2;1000;https://www.jws-store.de/solarenergie/solar-tiefbrunnenpumpe-4-edelstahl-12v-24v-pv-wasserpumpe-tauchpumpe_4350_3317;https://cdn03.plentyone.com/iidhyn1xr43q/item/images/4350/full/Solar-Tiefbrunnenpumpe-Galerie.jpg;Pumpen > Tiefbrunnenpumpen;JWS;False;1;2026-09-16T11:54:57+00:00
4322.;"Solar Tiefbrunnenpumpe 4&amp;quot; Edelstahl 12V 24V PV Wasserpumpe Tauchpumpe";119.9;119.9;False;0.0;True;boolean;Sofort versandfertig, Lieferzeit 48h;2;1000;https://www.jws-store.de/solarenergie/solar-tiefbrunnenpumpe-4-edelstahl-12v-24v-pv-wasserpumpe-tauchpumpe_4350_3318;https://cdn03.plentyone.com/iidhyn1xr43q/item/images/4350/full/Solar-Tiefbrunnenpumpe-Galerie.jpg;Pumpen > Tiefbrunnenpumpen;JWS;False;1;2026-09-16T11:54:57+00:00
309;Tiefbrunnenpumpe 1200Liter/h Brunnenpumpe Pumpe Wasserpumpe;89.9;89.9;False;0.0;True;boolean;Sofort versandfertig, Lieferzeit 48h;2;0;https://www.jws-store.de/tiefbrunnenpumpe-1200liter-h_309_1183;https://cdn03.plentyone.com/iidhyn1xr43q/item/images/309/full/309-Tiefbrunnenpumpe2.jpg;Pumpen > Tiefbrunnenpumpen;JWS;False;1;2026-09-16T11:54:57+00:00
3050.;Tiefbrunnenpumpe 2,5 3 4 Zoll Sandverträglich 1500 200L/h Brunnenpumpe Schaltbox;155.9;155.9;False;0.0;True;boolean;Sofort versandfertig, Lieferzeit 48h;2;0;https://www.jws-store.de/pumpen/tiefbrunnenpumpen/tiefbrunnenpumpe-2-5-3-4-zoll-sandvertraeglich-1500-200l-h-brunnenpumpe-schaltbox_3000_5447;https://cdn03.plentyone.com/iidhyn1xr43q/item/images/3000/full/1071.jpeg;Pumpen > Tiefbrunnenpumpen;JWS;False;1;2026-09-16T11:54:57+00:00
3000;Tiefbrunnenpumpe 2,5 3 4 Zoll Sandverträglich 1500 200L/h Brunnenpumpe Schaltbox;129.9;129.9;False;0.0;True;boolean;Sofort versandfertig, Lieferzeit 48h;2;0;https://www.jws-store.de/pumpen/tiefbrunnenpumpen/tiefbrunnenpumpe-2-5-3-4-zoll-sandvertraeglich-1500-200l-h-brunnenpumpe-schaltbox_3000_5362;https://cdn03.plentyone.com/iidhyn1xr43q/item/images/3000/full/1071.jpeg;Pumpen > Tiefbrunnenpumpen;JWS;False;1;2026-09-16T11:54:57+00:00
3090.;Tiefbrunnenpumpe 2,5 3 4 Zoll Sandverträglich 1500 200L/h Brunnenpumpe Schaltbox;159.9;159.9;False;0.0;True;boolean;Sofort versandfertig, Lieferzeit 48h;2;0;https://www.jws-store.de/pumpen/tiefbrunnenpumpen/tiefbrunnenpumpe-2-5-3-4-zoll-sandvertraeglich-1500-200l-h-brunnenpumpe-schaltbox_3000_5450;https://cdn03.plentyone.com/iidhyn1xr43q/item/images/3000/full/1071.jpeg;Pumpen > Tiefbrunnenpumpen;JWS;False;1;2026-09-16T11:54:57+00:00
3100.;Tiefbrunnenpumpe 2,5 3 4 Zoll Sandverträglich 1500 200L/h Brunnenpumpe Schaltbox;164.9;164.9;False;0.0;True;boolean;Sofort versandfertig, Lieferzeit 48h;2;0;https://www.jws-store.de/pumpen/tiefbrunnenpumpen/tiefbrunnenpumpe-2-5-3-4-zoll-sandvertraeglich-1500-200l-h-brunnenpumpe-schaltbox_3000_5451;https://cdn03.plentyone.com/iidhyn1xr43q/item/images/3000/full/1071.jpeg;Pumpen > Tiefbrunnenpumpen;JWS;False;1;2026-09-16T11:54:57+00:00
3040.;Tiefbrunnenpumpe 2,5 3 4 Zoll Sandverträglich 1500 200L/h Brunnenpumpe Schaltbox;139.9;139.9;False;0.0;True;boolean;Sofort versandfertig, Lieferzeit 48h;2;0;https://www.jws-store.de/pumpen/tiefbrunnenpumpen/tiefbrunnenpumpe-2-5-3-4-zoll-sandvertraeglich-1500-200l-h-brunnenpumpe-schaltbox_3000_5443;https://cdn03.plentyone.com/iidhyn1xr43q/item/images/3000/full/1071.jpeg;Pumpen > Tiefbrunnenpumpen;JWS;False;1;2026-09-16T11:54:57+00:00
3010.;Tiefbrunnenpumpe 2,5 3 4 Zoll Sandverträglich 1500 200L/h Brunnenpumpe Schaltbox;145.9;145.9;False;0.0;True;boolean;Sofort versandfertig, Lieferzeit 48h;2;0;https://www.jws-store.de/pumpen/tiefbrunnenpumpen/tiefbrunnenpumpe-2-5-3-4-zoll-sandvertraeglich-1500-200l-h-brunnenpumpe-schaltbox_3000_5444;https://cdn03.plentyone.com/iidhyn1xr43q/item/images/3000/full/1071.jpeg;Pumpen > Tiefbrunnenpumpen;JWS;False;1;2026-09-16T11:54:57+00:00
3060.;Tiefbrunnenpumpe 2,5 3 4 Zoll Sandverträglich 1500 200L/h Brunnenpumpe Schaltbox;149.9;149.9;False;0.0;True;boolean;Sofort versandfertig, Lieferzeit 48h;2;0;https://www.jws-store.de/pumpen/tiefbrunnenpumpen/tiefbrunnenpumpe-2-5-3-4-zoll-sandvertraeglich-1500-200l-h-brunnenpumpe-schaltbox_3000_5446;https://cdn03.plentyone.com/iidhyn1xr43q/item/images/3000/full/1071.jpeg;Pumpen > Tiefbrunnenpumpen;JWS;False;1;2026-09-16T11:54:57+00:00
1071.;Tiefbrunnenpumpe 3 - 4 Zoll Brunnenpumpe Rohrpumpe Wasserpumpe Sandiges Wasser;109.9;109.9;False;0.0;True;boolean;Sofort versandfertig, Lieferzeit 48h;2;0;https://www.jws-store.de/pumpen/tiefbrunnenpumpen/tiefbrunnenpumpe-sandpumpe-sandwasser_1068_1682;https://cdn03.plentyone.com/iidhyn1xr43q/item/images/1068/full/1068.jpeg;Pumpen > Tiefbrunnenpumpen;;False;1;2026-09-16T11:54:57+00:00
1068;Tiefbrunnenpumpe 3 - 4 Zoll Brunnenpumpe Rohrpumpe Wasserpumpe Sandiges Wasser;109.9;109.9;False;0.0;True;boolean;Sofort versandfertig, Lieferzeit 48h;2;0;https://www.jws-store.de/pumpen/tiefbrunnenpumpen/tiefbrunnenpumpe-sandpumpe-sandwasser_1068_1319;https://cdn03.plentyone.com/iidhyn1xr43q/item/images/1068/full/1068.jpeg;Pumpen > Tiefbrunnenpumpen;;False;1;2026-09-16T11:54:57+00:00
152018;"Tiefbrunnenpumpe 3&amp;quot; 4&amp;quot; 3Zoll 4Zoll Sandpumpe Sandwasser Tauchpumpe Brunnenpumpe";149.9;149.9;False;0.0;True;boolean;Sofort versandfertig, Lieferzeit 48h;2;5000;https://www.jws-store.de/pumpen/tiefbrunnenpumpen/tiefbrunnenpumpe-3-4-3zoll-4zoll-sandpumpe-sandwasser-tauchpumpe-brunnenpumpe_152000_5281;https://cdn03.plentyone.com/iidhyn1xr43q/item/images/152000/full/1068.jpeg;Pumpen > Tiefbrunnenpumpen;;False;1;2026-09-16T11:54:57+00:00
152006;"Tiefbrunnenpumpe 3&amp;quot; 4&amp;quot; 3Zoll 4Zoll Sandpumpe Sandwasser Tauchpumpe Brunnenpumpe";155.9;155.9;False;0.0;True;boolean;Sofort versandfertig, Lieferzeit 48h;2;5000;https://www.jws-store.de/pumpen/tiefbrunnenpumpen/tiefbrunnenpumpe-3-4-3zoll-4zoll-sandpumpe-sandwasser-tauchpumpe-brunnenpumpe_152000_5284;https://cdn03.plentyone.com/iidhyn1xr43q/item/images/152000/full/1068.jpeg;Pumpen > Tiefbrunnenpumpen;;False;1;2026-09-16T11:54:57+00:00
152025;"Tiefbrunnenpumpe 3&amp;quot; 4&amp;quot; 3Zoll 4Zoll Sandpumpe Sandwasser Tauchpumpe Brunnenpumpe";155.9;155.9;False;0.0;True;boolean;Sofort versandfertig, Lieferzeit 48h;2;5000;https://www.jws-store.de/pumpen/tiefbrunnenpumpen/tiefbrunnenpumpe-3-4-3zoll-4zoll-sandpumpe-sandwasser-tauchpumpe-brunnenpumpe_152000_5285;https://cdn03.plentyone.com/iidhyn1xr43q/item/images/152000/full/1068.jpeg;Pumpen > Tiefbrunnenpumpen;;False;1;2026-09-16T11:54:57+00:00
152004;"Tiefbrunnenpumpe 3&amp;quot; 4&amp;quot; 3Zoll 4Zoll Sandpumpe Sandwasser Tauchpumpe Brunnenpumpe";164.9;164.9;False;0.0;True;boolean;Sofort versandfertig, Lieferzeit 48h;2;5000;https://www.jws-store.de/pumpen/tiefbrunnenpumpen/tiefbrunnenpumpe-3-4-3zoll-4zoll-sandpumpe-sandwasser-tauchpumpe-brunnenpumpe_152000_5288;https://cdn03.plentyone.com/iidhyn1xr43q/item/images/152000/full/1068.jpeg;Pumpen > Tiefbrunnenpumpen;;False;1;2026-09-16T11:54:57+00:00
152000;"Tiefbrunnenpumpe 3&amp;quot; 4&amp;quot; 3Zoll 4Zoll Sandpumpe Sandwasser Tauchpumpe Brunnenpumpe";149.9;149.9;False;0.0;True;boolean;Kurzfristig verfügbar, Lieferzeit 4-5 Tage;7;5000;https://www.jws-store.de/pumpen/tiefbrunnenpumpen/tiefbrunnenpumpe-3-4-3zoll-4zoll-sandpumpe-sandwasser-tauchpumpe-brunnenpumpe_152000_5280;https://cdn03.plentyone.com/iidhyn1xr43q/item/images/152000/full/1068.jpeg;Pumpen > Tiefbrunnenpumpen;;False;1;2026-09-16T11:54:57+00:00
2090;Umwälzpumpe 25-40 130 Heizungspumpe Hocheffizienzpumpe Klasse A JWS Heizung;84.9;84.9;False;0.0;True;boolean;Sofort versandfertig, Lieferzeit 48h;2;0;https://www.jws-store.de/pumpen/umwaelzpumpen/umwaelzpumpe-25-40-130-heizungspumpe-hocheffizienzpumpe-klasse-a-jws-heizung_2090_2708;https://cdn03.plentyone.com/iidhyn1xr43q/item/images/2090/full/Umwaelzpumpe-LPA25.jpg;Pumpen > Umwälzpumpen;JWS;False;1;2026-09-16T11:54:57+00:00
2060;Umwälzpumpe 25-40 25-60 32-40 32-60 Heizungspumpe Hocheffizienzpumpe Klasse A;79.9;79.9;False;0.0;True;boolean;Sofort versandfertig, Lieferzeit 48h;2;0;https://www.jws-store.de/pumpen/umwaelzpumpe-25-40-25-60-32-40-32-60-heizungspumpe-hocheffizienzpumpe-klasse-a_2060_1462;https://cdn03.plentyone.com/iidhyn1xr43q/item/images/2060/full/Galerie-Umwaelzpumpe.jpg;Pumpen > Umwälzpumpen;JWS;False;1;2026-09-16T11:54:57+00:00
25-40 180 (2020);Umwälzpumpe 25-40 25-60 32-40 32-60 Heizungspumpe Hocheffizienzpumpe Klasse A;79.9;79.9;False;0.0;True;boolean;Sofort versandfertig, Lieferzeit 48h;2;0;https://www.jws-store.de/pumpen/umwaelzpumpe-25-40-25-60-32-40-32-60-heizungspumpe-hocheffizienzpumpe-klasse-a_2060_1767;https://cdn03.plentyone.com/iidhyn1xr43q/item/images/2060/full/Galerie-Umwaelzpumpe.jpg;Pumpen > Umwälzpumpen;JWS;False;1;2026-09-16T11:54:57+00:00
2150;Umwälzpumpe Hocheffizienz Pumpe 25-40 180 Heizungs pumpe Klasse A Heizung 25/4;79.9;79.9;False;0.0;True;boolean;Sofort versandfertig, Lieferzeit 48h;2;1000;https://www.jws-store.de/pumpen/umwaelzpumpen/umwaelzpumpe-hocheffizienz-pumpe-25-40-180-heizungs-pumpe-klasse-a-heizung-25-4_2150_1470;https://cdn03.plentyone.com/iidhyn1xr43q/item/images/2150/full/Umwaelzpumpe.jpg;Pumpen > Umwälzpumpen;JWS;False;1;2026-09-16T11:54:57+00:00
2151;Umwälzpumpe Hocheffizienz Pumpe 25-60 180 Heizungs pumpe Klasse A Heizung 25/6;84.9;84.9;False;0.0;True;boolean;Sofort versandfertig, Lieferzeit 48h;2;0;https://www.jws-store.de/pumpen/umwaelzpumpen/umwaelzpumpe-hocheffizienz-pumpe-25-60-180-heizungs-pumpe-klasse-a-heizung-25-6_2151_1471;https://cdn03.plentyone.com/iidhyn1xr43q/item/images/2151/full/Umwaelzpumpe.jpg;Pumpen > Umwälzpumpen;JWS;False;1;2026-09-16T11:54:57+00:00
1056;Pumpen Schraube Tiefbrunnenpumpe Ersatzteil Schnecke;24.9;24.9;False;0.0;True;boolean;Sofort versandfertig, Lieferzeit 48h;2;0;https://www.jws-store.de/pumpen/tiefbrunnenpumpen/pumpen-schraube-tiefbrunnenpumpe-ersatzteil_1056_1308;https://cdn03.plentyone.com/iidhyn1xr43q/item/images/1056/full/1056-schraubenset.jpg;Pumpen > Zubehör;JWS;False;1;2026-09-16T11:54:57+00:00
51;Kabelbrücke Überfahrschutz Gummi 1 2 3 Kanal Kabelkanal Kabelschutz Kabelrampe;19.9;19.9;False;0.0;True;boolean;Sofort versandfertig, Lieferzeit 48h;2;0;https://www.jws-store.de/sonstiges/kabelbruecke-ueberfahrschutz-gummi-1-2-3-kanal-kabelkanal-kabelschutz-kabelrampe_50_6162;https://cdn03.plentyone.com/iidhyn1xr43q/item/images/50/full/Galeriebild-pxo.jpg;Rampen > Kabelbrücken;;False;1;2026-09-16T11:54:57+00:00
52;Kabelbrücke Überfahrschutz Gummi 1 2 3 Kanal Kabelkanal Kabelschutz Kabelrampe;24.9;24.9;False;0.0;True;boolean;Sofort versandfertig, Lieferzeit 48h;2;0;https://www.jws-store.de/sonstiges/kabelbruecke-ueberfahrschutz-gummi-1-2-3-kanal-kabelkanal-kabelschutz-kabelrampe_50_6163;https://cdn03.plentyone.com/iidhyn1xr43q/item/images/50/full/Galeriebild-pxo.jpg;Rampen > Kabelbrücken;;False;1;2026-09-16T11:54:57+00:00
53;Kabelbrücke Überfahrschutz Gummi 1 2 3 Kanal Kabelkanal Kabelschutz Kabelrampe;34.9;34.9;False;0.0;True;boolean;Sofort versandfertig, Lieferzeit 48h;2;0;https://www.jws-store.de/sonstiges/kabelbruecke-ueberfahrschutz-gummi-1-2-3-kanal-kabelkanal-kabelschutz-kabelrampe_50_6164;https://cdn03.plentyone.com/iidhyn1xr43q/item/images/50/full/Galeriebild-pxo.jpg;Rampen > Kabelbrücken;;False;1;2026-09-16T11:54:57+00:00
198000;Kabelbrücke Überfahrschutz Gummi 1 2 3 Kanal Kabelkanal Kabelschutz Kabelrampe;19.9;19.9;False;0.0;True;boolean;Sofort versandfertig, Lieferzeit 48h;2;0;https://www.jws-store.de/sonstiges/kabelbruecke-ueberfahrschutz-gummi-1-2-3-kanal-kabelkanal-kabelschutz-kabelrampe_50_6161;https://cdn03.plentyone.com/iidhyn1xr43q/item/images/50/full/Galeriebild-pxo.jpg;Rampen > Kabelbrücken;;False;1;2026-09-16T11:54:57+00:00
2025;Klappbare Rollstuhl Rampe Klappbar Rollstuhlrampe Alu Alurampe Aluminium;139.9;139.9;False;0.0;True;boolean;Sofort versandfertig, Lieferzeit 48h;2;0;https://www.jws-store.de/rampen/klappbare-rampen/alurampe-rollstuhl-aluminium-rampe-klappbar-rollstuhlrampe-klapprampe-alu_2025_2600;https://cdn03.plentyone.com/iidhyn1xr43q/item/images/2025/full/Rampen-set.jpg;Rampen > Klappbare Rampen;JWS;False;1;2026-09-16T11:54:57+00:00
2013.;Klappbare Rollstuhl Rampe Klappbar Rollstuhlrampe Alu Alurampe Aluminium;139.9;139.9;False;0.0;True;boolean;Sofort versandfertig, Lieferzeit 48h;2;0;https://www.jws-store.de/rampen/klappbare-rampen/alurampe-rollstuhl-aluminium-rampe-klappbar-rollstuhlrampe-klapprampe-alu_2025_2606;https://cdn03.plentyone.com/iidhyn1xr43q/item/images/2025/full/Rampen-set.jpg;Rampen > Klappbare Rampen;JWS;False;1;2026-09-16T11:54:57+00:00
120;Laderampe Auffahrrampe Auffahrschiene 200KG Motorrad Rampe klappbar 200cm;69.9;69.9;False;0.0;True;boolean;Sofort versandfertig, Lieferzeit 48h;2;6600;https://www.jws-store.de/rampen/klappbare-rampen/laderampe-auffahrrampe-auffahrschiene-400kg-motorrad-rampe-aufklappbar-200cm_120_1017;https://cdn03.plentyone.com/iidhyn1xr43q/item/images/120/full/Bild1-Galerie.jpg;Rampen > Klappbare Rampen;JWS;False;1;2026-09-16T11:54:57+00:00
130;Motorradrampe Schwerlast Rampe Auffahrrampe Verladerampe klappbar Alu 1080Kg;279.9;279.9;False;0.0;True;boolean;Sofort versandfertig, Lieferzeit 48h;2;29700;https://www.jws-store.de/rampen/klappbare-rampen/motorradrampe-schwerlast-rampe-auffahrrampe-verladerampe-klappbar-alu-1080kg_130_1026;https://cdn03.plentyone.com/iidhyn1xr43q/item/images/130/full/Schwerlast-Rampe.jpg;Rampen > Klappbare Rampen;JWS;False;1;2026-09-16T11:54:57+00:00
162;Rollstuhlrampe Alurampe Rollstuhl Klappbar Klapp Rampe 3-Fach-Faltbar 240 cm Alu;399.9;399.9;False;0.0;True;boolean;Sofort versandfertig, Lieferzeit 48h;2;22000;https://www.jws-store.de/rampen/klappbare-rampen/rollstuhlrampe-alurampe-rollstuhl-aluminium-klappbar-klapprampe-3-fach-faltbar-240-cm_162_1047;https://cdn03.plentyone.com/iidhyn1xr43q/item/images/162/full/Rollstuhlrampe-3-Fach-faltbar.jpg;Rampen > Klappbare Rampen;JWS;False;1;2026-09-16T11:54:57+00:00
1034;Rollstuhlrampe Laderampe Alurampe Rollstuhl Rampe Klappbar Faltbar Aluminium;84.9;84.9;False;0.0;True;boolean;Sofort versandfertig, Lieferzeit 48h;2;0;https://www.jws-store.de/rampen/klappbare-aluminium-rollstuhlrampe_1034_1286;https://cdn03.plentyone.com/iidhyn1xr43q/item/images/1034/full/Rollstuhlrampe.jpg;Rampen > Klappbare Rampen;JWS;False;1;2026-09-16T11:54:57+00:00
268.;Rollstuhlrampe Laderampe Alurampe Rollstuhl Rampe Klappbar Faltbar Aluminium;175.9;175.9;False;0.0;True;boolean;Sofort versandfertig, Lieferzeit 48h;2;0;https://www.jws-store.de/rampen/klappbare-aluminium-rollstuhlrampe_1034_1538;https://cdn03.plentyone.com/iidhyn1xr43q/item/images/1034/full/Rollstuhlrampe.jpg;Rampen > Klappbare Rampen;JWS;False;1;2026-09-16T11:54:57+00:00
269.;Rollstuhlrampe Laderampe Alurampe Rollstuhl Rampe Klappbar Faltbar Aluminium;229.9;239.9;True;4.17;True;boolean;Sofort versandfertig, Lieferzeit 48h;2;0;https://www.jws-store.de/rampen/klappbare-aluminium-rollstuhlrampe_1034_1539;https://cdn03.plentyone.com/iidhyn1xr43q/item/images/1034/full/Rollstuhlrampe.jpg;Rampen > Klappbare Rampen;JWS;False;1;2026-09-16T11:54:57+00:00
154;Schwellenbrücke Schwellenrampe Rollstuhlrampe Rampe 90 cm Türschwellenrampe;99.9;99.9;False;0.0;True;boolean;Sofort versandfertig, Lieferzeit 48h;2;4000;https://www.jws-store.de/sonstiges/druckluft-wartungseinheit_154_1040;https://cdn03.plentyone.com/iidhyn1xr43q/item/images/154/full/Tuer-schwellenrampe.jpg;Rampen > Schwellen Rampen;JWS;False;1;2026-09-16T11:54:57+00:00
152;Schwellenbrücke Schwellenrampe Rollstuhlrampe aufliegend 90 cm Länge Rampe;139.9;149.9;True;6.67;True;boolean;Sofort versandfertig, Lieferzeit 48h;2;8000;https://www.jws-store.de/rampen/schwellen-rampen/schwellenbruecke-schwellenrampe-rollstuhlrampe-rampe-auflegend-90-cm-laenge_152_1039;https://cdn03.plentyone.com/iidhyn1xr43q/item/images/152/full/Schwellenrampe.jpg;Rampen > Schwellen Rampen;JWS;False;1;2026-09-16T11:54:57+00:00
2045.;Schwellenrampe Türschwellenrampe Tür Voll Gummi Rampe Rollstuhl Bordsteinrampe;57.9;57.9;False;0.0;True;boolean;Sofort versandfertig, Lieferzeit 48h;2;1000;https://www.jws-store.de/schwellenrampe_2081_1778;https://cdn03.plentyone.com/iidhyn1xr43q/item/images/2081/full/Tuerschwellenrampe-Gummirampe.jpg;Rampen > Schwellen Rampen;JWS;False;1;2026-09-16T11:54:57+00:00
2081;Schwellenrampe Türschwellenrampe Tür Voll Gummi Rampe Rollstuhl Bordsteinrampe;17.9;17.9;False;0.0;True;boolean;Sofort versandfertig, Lieferzeit 48h;2;1000;https://www.jws-store.de/schwellenrampe_2081_1465;https://cdn03.plentyone.com/iidhyn1xr43q/item/images/2081/full/Tuerschwellenrampe-Gummirampe.jpg;Rampen > Schwellen Rampen;JWS;False;1;2026-09-16T11:54:57+00:00
2040.;Schwellenrampe Türschwellenrampe Tür Voll Gummi Rampe Rollstuhl Bordsteinrampe;17.9;17.9;False;0.0;True;boolean;Sofort versandfertig, Lieferzeit 48h;2;1000;https://www.jws-store.de/schwellenrampe_2081_1773;https://cdn03.plentyone.com/iidhyn1xr43q/item/images/2081/full/Tuerschwellenrampe-Gummirampe.jpg;Rampen > Schwellen Rampen;JWS;False;1;2026-09-16T11:54:57+00:00
2041.;Schwellenrampe Türschwellenrampe Tür Voll Gummi Rampe Rollstuhl Bordsteinrampe;27.9;27.9;False;0.0;True;boolean;Sofort versandfertig, Lieferzeit 48h;2;1000;https://www.jws-store.de/schwellenrampe_2081_1774;https://cdn03.plentyone.com/iidhyn1xr43q/item/images/2081/full/Tuerschwellenrampe-Gummirampe.jpg;Rampen > Schwellen Rampen;JWS;False;1;2026-09-16T11:54:57+00:00
2043.;Schwellenrampe Türschwellenrampe Tür Voll Gummi Rampe Rollstuhl Bordsteinrampe;44.9;44.9;False;0.0;True;boolean;Sofort versandfertig, Lieferzeit 48h;2;1000;https://www.jws-store.de/schwellenrampe_2081_1776;https://cdn03.plentyone.com/iidhyn1xr43q/item/images/2081/full/Tuerschwellenrampe-Gummirampe.jpg;Rampen > Schwellen Rampen;JWS;False;1;2026-09-16T11:54:57+00:00
124.;Tür Schwellenrampe Schwellenbrücke Rollstuhl Rampe Länge Aluminium Alu;99.9;99.9;False;0.0;True;boolean;Sofort versandfertig, Lieferzeit 48h;2;1000;https://www.jws-store.de/rampen/tuer-schwellenrampe-schwellenbruecke-rollstuhl-rampe-laenge-aluminium-alu_121_1522;https://cdn03.plentyone.com/iidhyn1xr43q/item/images/121/full/Tuerschwellenrampe.jpg;Rampen > Schwellen Rampen;;False;1;2026-09-16T11:54:57+00:00
121;Tür Schwellenrampe Schwellenbrücke Rollstuhl Rampe Länge Aluminium Alu;89.9;89.9;False;0.0;True;boolean;Sofort versandfertig, Lieferzeit 48h;2;1000;https://www.jws-store.de/rampen/tuer-schwellenrampe-schwellenbruecke-rollstuhl-rampe-laenge-aluminium-alu_121_1018;https://cdn03.plentyone.com/iidhyn1xr43q/item/images/121/full/Tuerschwellenrampe.jpg;Rampen > Schwellen Rampen;;False;1;2026-09-16T11:54:57+00:00
123.;Tür Schwellenrampe Schwellenbrücke Rollstuhl Rampe Länge Aluminium Alu;94.9;94.9;False;0.0;True;boolean;Sofort versandfertig, Lieferzeit 48h;2;1000;https://www.jws-store.de/rampen/tuer-schwellenrampe-schwellenbruecke-rollstuhl-rampe-laenge-aluminium-alu_121_1521;https://cdn03.plentyone.com/iidhyn1xr43q/item/images/121/full/Tuerschwellenrampe.jpg;Rampen > Schwellen Rampen;;False;1;2026-09-16T11:54:57+00:00
125.;Tür Schwellenrampe Schwellenbrücke Rollstuhl Rampe Länge Aluminium Alu;109.9;109.9;False;0.0;True;boolean;Sofort versandfertig, Lieferzeit 48h;2;1000;https://www.jws-store.de/rampen/tuer-schwellenrampe-schwellenbruecke-rollstuhl-rampe-laenge-aluminium-alu_121_5963;https://cdn03.plentyone.com/iidhyn1xr43q/item/images/121/full/Tuerschwellenrampe.jpg;Rampen > Schwellen Rampen;;False;1;2026-09-16T11:54:57+00:00
2071;Rollstuhlrampe Aluminium Rollstuhl Rampe Auffahrrampe für Rollstühle Rollatoren;109.9;109.9;False;0.0;True;boolean;Sofort versandfertig, Lieferzeit 48h;2;4000;https://www.jws-store.de/rampen/starre-rampen/rollstuhlrampe-aluminium-rollstuhl-rampe-auffahrrampe-fuer-rollstuehle-rollatoren_2071_2596;https://cdn03.plentyone.com/iidhyn1xr43q/item/images/2071/full/Rampe-rollstuhl.jpg;Rampen > Starre Rampen;JWS;False;1;2026-09-16T11:54:57+00:00
2007.;Rollstuhlrampe Aluminium Rollstuhl Rampe Auffahrrampe für Rollstühle Rollatoren;109.9;109.9;False;0.0;True;boolean;Sofort versandfertig, Lieferzeit 48h;2;4000;https://www.jws-store.de/rampen/starre-rampen/rollstuhlrampe-aluminium-rollstuhl-rampe-auffahrrampe-fuer-rollstuehle-rollatoren_2071_2597;https://cdn03.plentyone.com/iidhyn1xr43q/item/images/2071/full/Rampe-rollstuhl.jpg;Rampen > Starre Rampen;JWS;False;1;2026-09-16T11:54:57+00:00
2008.;Rollstuhlrampe Aluminium Rollstuhl Rampe Auffahrrampe für Rollstühle Rollatoren;119.9;129.9;True;7.7;True;boolean;Sofort versandfertig, Lieferzeit 48h;2;4000;https://www.jws-store.de/rampen/starre-rampen/rollstuhlrampe-aluminium-rollstuhl-rampe-auffahrrampe-fuer-rollstuehle-rollatoren_2071_2598;https://cdn03.plentyone.com/iidhyn1xr43q/item/images/2071/full/Rampe-rollstuhl.jpg;Rampen > Starre Rampen;JWS;False;1;2026-09-16T11:54:57+00:00
2009.;Rollstuhlrampe Aluminium Rollstuhl Rampe Auffahrrampe für Rollstühle Rollatoren;149.9;149.9;False;0.0;True;boolean;Sofort versandfertig, Lieferzeit 48h;2;4000;https://www.jws-store.de/rampen/starre-rampen/rollstuhlrampe-aluminium-rollstuhl-rampe-auffahrrampe-fuer-rollstuehle-rollatoren_2071_2599;https://cdn03.plentyone.com/iidhyn1xr43q/item/images/2071/full/Rampe-rollstuhl.jpg;Rampen > Starre Rampen;JWS;False;1;2026-09-16T11:54:57+00:00
155;Stufenrampe höhenverstellbar Alurampe Rampe Rollstuhlrampe Auffahrrampe 120 cm Länge;239.9;239.9;False;0.0;True;boolean;Sofort versandfertig, Lieferzeit 48h;2;11800;https://www.jws-store.de/rampen/tierrampen/stufenrampe-hoehenverstellbar-alurampe-rampe-rollstuhlrampe-auffahrrampe-120-cm-laenge_155_1041;https://cdn03.plentyone.com/iidhyn1xr43q/item/images/155/full/Galerie-Stufenrampe.jpg;Rampen > Stufen Rampen;JWS;False;1;2026-09-16T11:54:57+00:00
156;Stufenrampe höhenverstellbar Alurampe Rampe Rollstuhlrampe Auffahrrampe 150 cm Länge;259.9;259.9;False;0.0;True;boolean;Sofort versandfertig, Lieferzeit 48h;2;15000;https://www.jws-store.de/rampen/tierrampen/stufenrampe-hoehenverstellbar-alurampe-rampe-rollstuhlrampe-auffahrrampe-150-cm-laenge_156_1042;https://cdn03.plentyone.com/iidhyn1xr43q/item/images/156/full/Galerie-Stufenrampe.jpg;Rampen > Stufen Rampen;JWS;False;1;2026-09-16T11:54:57+00:00
2120;Alu Rampe Tierrampe Hunderampe Auffahrrampe Aluminium 1,8m teleskopierbar CAR GANGWAY;99.9;105.9;True;5.67;True;boolean;Sofort versandfertig, Lieferzeit 48h;2;6800;https://www.jws-store.de/rampen/alu-rampe-tierrampe-hunderampe-auffahrrampe-aluminium-1-8m-klappbar-car-gangway_2120_1469;https://cdn03.plentyone.com/iidhyn1xr43q/item/images/2120/full/Hunderampe1-pxo.jpg;Rampen > Teleskopierbare Rampen;JWS;False;1;2026-09-16T11:54:57+00:00
2240;Rampe Teleskoprampe extrabreit Rollstuhlrampe für E Rolli Elektro  e-rollstuhl;249.9;239.9;False;0.0;True;boolean;Sofort versandfertig, Lieferzeit 48h;2;0;https://www.jws-store.de/rampen/rampe-teleskoprampe-extrabreit-rollstuhlrampe-fuer-e-rolli-elektro-e-rollstuhl_2240_3300;https://cdn03.plentyone.com/iidhyn1xr43q/item/images/2240/full/Ta7pG6Jd.jpeg;Rampen > Teleskopierbare Rampen;JWS;False;1;2026-09-16T11:54:57+00:00
2245.;Rampe Teleskoprampe extrabreit Rollstuhlrampe für E Rolli Elektro  e-rollstuhl;229.9;229.9;False;0.0;True;boolean;Sofort versandfertig, Lieferzeit 48h;2;0;https://www.jws-store.de/rampen/rampe-teleskoprampe-extrabreit-rollstuhlrampe-fuer-e-rolli-elektro-e-rollstuhl_2240_3301;https://cdn03.plentyone.com/iidhyn1xr43q/item/images/2240/full/Ta7pG6Jd.jpeg;Rampen > Teleskopierbare Rampen;JWS;False;1;2026-09-16T11:54:57+00:00
2246.;Rampe Teleskoprampe extrabreit Rollstuhlrampe für E Rolli Elektro  e-rollstuhl;249.9;249.9;False;0.0;True;boolean;Sofort versandfertig, Lieferzeit 48h;2;0;https://www.jws-store.de/rampen/rampe-teleskoprampe-extrabreit-rollstuhlrampe-fuer-e-rolli-elektro-e-rollstuhl_2240_3302;https://cdn03.plentyone.com/iidhyn1xr43q/item/images/2240/full/Ta7pG6Jd.jpeg;Rampen > Teleskopierbare Rampen;JWS;False;1;2026-09-16T11:54:57+00:00
2247.;Rampe Teleskoprampe extrabreit Rollstuhlrampe für E Rolli Elektro  e-rollstuhl;259.9;259.9;False;0.0;True;boolean;Sofort versandfertig, Lieferzeit 48h;2;0;https://www.jws-store.de/rampen/rampe-teleskoprampe-extrabreit-rollstuhlrampe-fuer-e-rolli-elektro-e-rollstuhl_2240_3303;https://cdn03.plentyone.com/iidhyn1xr43q/item/images/2240/full/Ta7pG6Jd.jpeg;Rampen > Teleskopierbare Rampen;JWS;False;1;2026-09-16T11:54:57+00:00
1043.;Rollstuhlrampe Alurampe Rollstuhl Aluminium Rampe Klappbar Teleskoprampe Alu;129.9;129.9;False;0.0;True;boolean;Sofort versandfertig, Lieferzeit 48h;2;1000;https://www.jws-store.de/pumpen/rollstuhlrampe-rollstuhl-rampe-teleskoprampe-teleskopierbar_1400_2133;https://cdn03.plentyone.com/iidhyn1xr43q/item/images/1400/full/Rollstuhlrampe-telescope-galerie.jpg;Rampen > Teleskopierbare Rampen;JWS;False;1;2026-09-16T11:54:57+00:00
180.;Rollstuhlrampe Alurampe Rollstuhl Aluminium Rampe Klappbar Teleskoprampe Alu;135.9;135.9;False;0.0;True;boolean;Sofort versandfertig, Lieferzeit 48h;2;1000;https://www.jws-store.de/pumpen/rollstuhlrampe-rollstuhl-rampe-teleskoprampe-teleskopierbar_1400_2134;https://cdn03.plentyone.com/iidhyn1xr43q/item/images/1400/full/Rollstuhlrampe-telescope-galerie.jpg;Rampen > Teleskopierbare Rampen;JWS;False;1;2026-09-16T11:54:57+00:00
181.;Rollstuhlrampe Alurampe Rollstuhl Aluminium Rampe Klappbar Teleskoprampe Alu;139.9;139.9;False;0.0;True;boolean;Sofort versandfertig, Lieferzeit 48h;2;1000;https://www.jws-store.de/pumpen/rollstuhlrampe-rollstuhl-rampe-teleskoprampe-teleskopierbar_1400_2135;https://cdn03.plentyone.com/iidhyn1xr43q/item/images/1400/full/Rollstuhlrampe-telescope-galerie.jpg;Rampen > Teleskopierbare Rampen;JWS;False;1;2026-09-16T11:54:57+00:00
2011.;Rollstuhlrampe Alurampe Rollstuhl Aluminium Rampe Klappbar Teleskoprampe Alu;229.9;239.9;True;4.17;True;boolean;Sofort versandfertig, Lieferzeit 48h;2;1000;https://www.jws-store.de/pumpen/rollstuhlrampe-rollstuhl-rampe-teleskoprampe-teleskopierbar_1400_2138;https://cdn03.plentyone.com/iidhyn1xr43q/item/images/1400/full/Rollstuhlrampe-telescope-galerie.jpg;Rampen > Teleskopierbare Rampen;JWS;False;1;2026-09-16T11:54:57+00:00
2026.;Rollstuhlrampe Klappbar Aluminium Rollstuhl  Rampe Alurampe Teleskoprampe Alu;209.9;209.9;False;0.0;True;boolean;Sofort versandfertig, Lieferzeit 48h;2;5000;https://www.jws-store.de/rampen/teleskopierbare-rampen/rollstuhlrampe-klappbar-aluminium-rollstuhl-rampe-alurampe-teleskoprampe-alu_2026_4656;https://cdn03.plentyone.com/iidhyn1xr43q/item/images/2026/full/Rampe-2017.jpg;Rampen > Teleskopierbare Rampen;JWS;False;1;2026-09-16T11:54:57+00:00
2017.;Rollstuhlrampe Klappbar Aluminium Rollstuhl  Rampe Alurampe Teleskoprampe Alu;209.9;209.9;False;0.0;True;boolean;Sofort versandfertig, Lieferzeit 48h;2;5000;https://www.jws-store.de/rampen/teleskopierbare-rampen/rollstuhlrampe-klappbar-aluminium-rollstuhl-rampe-alurampe-teleskoprampe-alu_2026_4657;https://cdn03.plentyone.com/iidhyn1xr43q/item/images/2026/full/Rampe-2017.jpg;Rampen > Teleskopierbare Rampen;JWS;False;1;2026-09-16T11:54:57+00:00
2018.;Rollstuhlrampe Klappbar Aluminium Rollstuhl  Rampe Alurampe Teleskoprampe Alu;259.9;259.9;False;0.0;True;boolean;Sofort versandfertig, Lieferzeit 48h;2;5000;https://www.jws-store.de/rampen/teleskopierbare-rampen/rollstuhlrampe-klappbar-aluminium-rollstuhl-rampe-alurampe-teleskoprampe-alu_2026_4658;https://cdn03.plentyone.com/iidhyn1xr43q/item/images/2026/full/Rampe-2017.jpg;Rampen > Teleskopierbare Rampen;JWS;False;1;2026-09-16T11:54:57+00:00
2019.;Rollstuhlrampe Klappbar Aluminium Rollstuhl  Rampe Alurampe Teleskoprampe Alu;299.9;299.9;False;0.0;True;boolean;Sofort versandfertig, Lieferzeit 48h;2;5000;https://www.jws-store.de/rampen/teleskopierbare-rampen/rollstuhlrampe-klappbar-aluminium-rollstuhl-rampe-alurampe-teleskoprampe-alu_2026_4659;https://cdn03.plentyone.com/iidhyn1xr43q/item/images/2026/full/Rampe-2017.jpg;Rampen > Teleskopierbare Rampen;JWS;False;1;2026-09-16T11:54:57+00:00
197001;Unterstellbock Rampe Abstellbock höhenverstellbar Stützbock Rampenbock verstellbar;19.9;19.9;False;0.0;True;boolean;Sofort versandfertig, Lieferzeit 48h;2;0;https://www.jws-store.de/sonstiges/unterstellbock-verstellbar-abstellbock-hoehenverstellbar-stuetzbock-rampenbock_197001_5456;https://cdn03.plentyone.com/iidhyn1xr43q/item/images/197001/full/Unterstellbock-4.jpg;Rampen > Zubehör;;False;1;2026-09-16T11:54:57+00:00
4220;Elektrische Ankerwinde 30m 12V Süßwasser Salzwasser Anker Seilwinde;149.9;149.9;False;0.0;True;boolean;Sofort versandfertig, Lieferzeit 48h;2;0;https://www.jws-store.de/seilwinden/elektrische-seilwinden/elektrische-ankerwinde-30m-12v-suesswasser-salzwasser-anker-seilwinde_4220_3477;https://cdn03.plentyone.com/iidhyn1xr43q/item/images/4220/full/AC25.jpg;Seilwinden > Ankerwinden;JWS;False;1;2026-09-16T11:54:57+00:00
4235.;Elektrische Ankerwinde 30m 12V Süßwasser Salzwasser Anker Seilwinde;145.9;149.9;True;2.67;True;boolean;Sofort versandfertig, Lieferzeit 48h;2;0;https://www.jws-store.de/seilwinden/elektrische-seilwinden/elektrische-ankerwinde-30m-12v-suesswasser-salzwasser-anker-seilwinde_4220_3479;https://cdn03.plentyone.com/iidhyn1xr43q/item/images/4220/full/AC25.jpg;Seilwinden > Ankerwinden;JWS;False;1;2026-09-16T11:54:57+00:00
4245.;Elektrische Ankerwinde 30m 12V Süßwasser Salzwasser Anker Seilwinde;155.9;159.9;True;2.5;True;boolean;Sofort versandfertig, Lieferzeit 48h;2;0;https://www.jws-store.de/seilwinden/elektrische-seilwinden/elektrische-ankerwinde-30m-12v-suesswasser-salzwasser-anker-seilwinde_4220_3480;https://cdn03.plentyone.com/iidhyn1xr43q/item/images/4220/full/AC25.jpg;Seilwinden > Ankerwinden;JWS;False;1;2026-09-16T11:54:57+00:00
4335.;Elektrische Ankerwinde 30m 12V Süßwasser Salzwasser Anker Seilwinde;155.9;159.9;True;2.5;True;boolean;Sofort versandfertig, Lieferzeit 48h;2;0;https://www.jws-store.de/seilwinden/elektrische-seilwinden/elektrische-ankerwinde-30m-12v-suesswasser-salzwasser-anker-seilwinde_4220_3482;https://cdn03.plentyone.com/iidhyn1xr43q/item/images/4220/full/AC25.jpg;Seilwinden > Ankerwinden;JWS;False;1;2026-09-16T11:54:57+00:00
4345.;Elektrische Ankerwinde 30m 12V Süßwasser Salzwasser Anker Seilwinde;165.9;169.9;True;2.35;True;boolean;Sofort versandfertig, Lieferzeit 48h;2;0;https://www.jws-store.de/seilwinden/elektrische-seilwinden/elektrische-ankerwinde-30m-12v-suesswasser-salzwasser-anker-seilwinde_4220_3483;https://cdn03.plentyone.com/iidhyn1xr43q/item/images/4220/full/AC25.jpg;Seilwinden > Ankerwinden;JWS;False;1;2026-09-16T11:54:57+00:00
4000;Kabelfernbedienung Zweiter Schalter Ankerwinde Schaltpaneel Steuerung Tastschalter mit Kabel;34.9;29.9;False;0.0;True;boolean;Sofort versandfertig, Lieferzeit 48h;2;0;https://www.jws-store.de/seilwinden/seilwinden-zubehoer/fernbedienung-zweiter-schalter-ankerwinde-schaltpaneel-steuerung-tastschalter-mit-kabel_4000_4057;https://cdn03.plentyone.com/iidhyn1xr43q/item/images/4000/full/1-pxo.jpg;Seilwinden > Ankerwinden;JWS;False;1;2026-09-16T11:54:57+00:00
1029;Elektrische ATV Quad Seilwinde Winde 12V 2000Lbs Quadwinde Elektrowinde Seilzug;84.9;84.9;False;0.0;True;boolean;Sofort versandfertig, Lieferzeit 48h;2;10000;https://www.jws-store.de/seilwinden/elektrische-seilwinden/elektrische-seilwinde-2000lb-12volt_1029_1282;https://cdn03.plentyone.com/iidhyn1xr43q/item/images/1029/full/1029-Seilwinde-2000LB-12Volt.jpg;Seilwinden > Elektrische Seilwinden;JWS;False;1;2026-09-16T11:54:57+00:00
313;Elektrische ATV Seilwinde 3500 Lbs Funk;139.9;139.9;False;0.0;True;boolean;Sofort versandfertig, Lieferzeit 48h;2;10000;https://www.jws-store.de/seilwinden/elektrische-seilwinden/elektrische-atv-seilwinde-3500lbs-funk_313_1187;https://cdn03.plentyone.com/iidhyn1xr43q/item/images/313/full/313-1.jpeg;Seilwinden > Elektrische Seilwinden;JWS;False;1;2026-09-16T11:54:57+00:00
375;Elektrische Seilwinde 12V 24V Winde 5900Kg Motorwinde 12 Volt 24 Volt Funk;359.9;359.9;False;0.0;True;boolean;Sofort versandfertig, Lieferzeit 48h;2;3000;https://www.jws-store.de/seilwinden/elektrische-seilwinden/elektrische-seilwinde-winde-5900kg-12-v-24-v-motorwinde-stahlseil-kunststoffseil_375_2608;https://cdn03.plentyone.com/iidhyn1xr43q/item/images/375/full/Seilwinde13000.jpg;Seilwinden > Elektrische Seilwinden;JWS;False;1;2026-09-16T11:54:57+00:00
226.;Elektrische Seilwinde 12V 24V Winde 5900Kg Motorwinde 12 Volt 24 Volt Funk;359.9;359.9;False;0.0;True;boolean;Sofort versandfertig, Lieferzeit 48h;2;3000;https://www.jws-store.de/seilwinden/elektrische-seilwinden/elektrische-seilwinde-winde-5900kg-12-v-24-v-motorwinde-stahlseil-kunststoffseil_375_2613;https://cdn03.plentyone.com/iidhyn1xr43q/item/images/375/full/Seilwinde13000.jpg;Seilwinden > Elektrische Seilwinden;JWS;False;1;2026-09-16T11:54:57+00:00
306.;Elektrische Seilwinde 12V 24V Winde 5900Kg Motorwinde 12 Volt 24 Volt Funk;459.9;459.9;False;0.0;True;boolean;Sofort versandfertig, Lieferzeit 48h;2;3000;https://www.jws-store.de/seilwinden/elektrische-seilwinden/elektrische-seilwinde-winde-5900kg-12-v-24-v-motorwinde-stahlseil-kunststoffseil_375_2614;https://cdn03.plentyone.com/iidhyn1xr43q/item/images/375/full/Seilwinde13000.jpg;Seilwinden > Elektrische Seilwinden;JWS;False;1;2026-09-16T11:54:57+00:00
201;Elektrische Seilwinde 6000 Lbs 12Volt mit Funkfernbedienung;279.9;279.9;False;0.0;True;boolean;Sofort versandfertig, Lieferzeit 48h;2;20000;https://www.jws-store.de/seilwinden/elektrische-seilwinden/elektrische-seilwinde-6000-lbs-12volt-mit-funkfernbedienung_201_1076;https://cdn03.plentyone.com/iidhyn1xr43q/item/images/201/full/-MG-2953-1-pxo.jpg;Seilwinden > Elektrische Seilwinden;JWS;False;1;2026-09-16T11:54:57+00:00
343;Abdeckung Schutzhülle Überwurf Haube Überzug Seilwinde bis 13.000lbs wetterfest;11.9;11.9;False;0.0;True;boolean;Sofort versandfertig, Lieferzeit 48h;2;1000;https://www.jws-store.de/seilwinden/elektrische-seilwinden/universal-abdeckung-schutzhuelle-ueberwurf-haube-seilwinde-bis-13-000-lbs-wetterfest_343_1207;https://cdn03.plentyone.com/iidhyn1xr43q/item/images/343/full/Seilwinden-ueberzug.jpg;Seilwinden > Seilwinden Zubehör;JWS;False;1;2026-09-16T11:54:57+00:00
NEW-1138;Abdeckung Schutzhülle Überwurf Haube Überzug Seilwinde bis 13.000lbs wetterfest;18.9;18.9;False;0.0;True;boolean;Sofort versandfertig, Lieferzeit 48h;2;1000;https://www.jws-store.de/seilwinden/seilwinden-zubehoer/abdeckung-schutzhuelle-ueberwurf-haube-ueberzug-seilwinde-bis-13-000lbs-wetterfest_345_2594;https://cdn03.plentyone.com/iidhyn1xr43q/item/images/345/full/ueberzug.jpg;Seilwinden > Seilwinden Zubehör;JWS;False;1;2026-09-16T11:54:57+00:00
NEW-1137;Abdeckung Schutzhülle Überwurf Haube Überzug Seilwinde bis 13.000lbs wetterfest;14.9;14.9;False;0.0;True;boolean;Sofort versandfertig, Lieferzeit 48h;2;1000;https://www.jws-store.de/seilwinden/seilwinden-zubehoer/abdeckung-schutzhuelle-ueberwurf-haube-ueberzug-seilwinde-bis-13-000lbs-wetterfest_345_2593;https://cdn03.plentyone.com/iidhyn1xr43q/item/images/345/full/ueberzug.jpg;Seilwinden > Seilwinden Zubehör;JWS;False;1;2026-09-16T11:54:57+00:00
1078;Ersatzmotor Elektrische Seilwinde Winde Motor Ersatzteile 13000LB 5,9T 12V 5,5ps;99.9;99.9;False;0.0;True;boolean;Sofort versandfertig, Lieferzeit 48h;2;0;https://www.jws-store.de/seilwinden-zubehoer/ersatzmotor-elektrische-seilwinde-winde-motor-ersatzteile-13000lb-5-9t-12v-5-5ps_1078_1330;https://cdn03.plentyone.com/iidhyn1xr43q/item/images/1078/full/Winden-Motor.jpg;Seilwinden > Seilwinden Zubehör;JWS;False;1;2026-09-16T11:54:57+00:00
342;Magnetschalter Relais 12V Schwerlastrelais 200 Ampere Winden-Relais 12 Volt;39.9;39.9;False;0.0;True;boolean;Sofort versandfertig, Lieferzeit 48h;2;1000;https://www.jws-store.de/seilwinden/seilwinden-zubehoer/magnetschalter-relais-12v-schwerlastrelais-200-ampere-winden-relais-12-volt_342_1206;https://cdn03.plentyone.com/iidhyn1xr43q/item/images/342/full/Relais2004.jpg;Seilwinden > Seilwinden Zubehör;JWS;False;1;2026-09-16T11:54:57+00:00
340;Magnetschalter Relais 12V Schwerlastrelais 400 Ampere Winden-Relais 12 Volt;49.9;49.9;False;0.0;True;boolean;Sofort versandfertig, Lieferzeit 48h;2;0;https://www.jws-store.de/seilwinden/seilwinden-zubehoer/magnetschalter-relais-12v-schwerlastrelais-400-ampere-winden-relais-12-volt_340_1204;https://cdn03.plentyone.com/iidhyn1xr43q/item/images/340/full/Relais400A.jpg;Seilwinden > Seilwinden Zubehör;JWS;False;1;2026-09-16T11:54:57+00:00
1028;Magnetschalter Relais 12V Schwerlastrelais 500 Ampere Winden-Relais 12 Volt;18.9;18.9;False;0.0;True;boolean;Sofort versandfertig, Lieferzeit 48h;2;1000;https://www.jws-store.de/seilwinden-zubehoer/relais-magnetschalter-12v_1028_1281;https://cdn03.plentyone.com/iidhyn1xr43q/item/images/1028/full/1028-Relais.jpg;Seilwinden > Seilwinden Zubehör;JWS;False;1;2026-09-16T11:54:57+00:00
294;Montageplatte für Seilwinde 10000-13000lbs Befestigungsplatte;48.9;48.9;False;0.0;True;boolean;Sofort versandfertig, Lieferzeit 48h;2;9000;https://www.jws-store.de/montageplatte-fuer-seilwinde-10000-13000lbs_294_1168;https://cdn03.plentyone.com/iidhyn1xr43q/item/images/294/full/5-pxo.jpg;Seilwinden > Seilwinden Zubehör;JWS;False;1;2026-09-16T11:54:57+00:00
295;Montageplatte für Seilwinde 2000-3000lbs;19.9;19.9;False;0.0;True;boolean;Sofort versandfertig, Lieferzeit 48h;2;0;https://www.jws-store.de/seilwinden-zubehoer/montageplatte-fuer-seilwinde-2000-3000lbs_295_1169;https://cdn03.plentyone.com/iidhyn1xr43q/item/images/295/full/MontageplatteATV-.jpg;Seilwinden > Seilwinden Zubehör;JWS;False;1;2026-09-16T11:54:57+00:00
1023;Rollenseilfenster Seilfenster Rollenfenster für Seilwinden 8500 bis 13000 Lb;34.9;34.9;False;0.0;True;boolean;Sofort versandfertig, Lieferzeit 48h;2;2000;https://www.jws-store.de/seilwinden/elektrische-seilwinden/rollenseilfenster-seilfenster-rollenfenster-fuer-seilwinden-8500-bis-13000-lb-seilwinden_1023_1276;https://cdn03.plentyone.com/iidhyn1xr43q/item/images/1023/full/1023-Seilfenster13000lb.jpg;Seilwinden > Seilwinden Zubehör;JWS;False;1;2026-09-16T11:54:57+00:00
10t;Umlenkrolle 1 2 4 8 10 t Seilwinde Seilzug Seilrolle Snatchblock Windenrolle;28.9;28.9;False;0.0;True;boolean;Sofort versandfertig, Lieferzeit 48h;2;1000;https://www.jws-store.de/seilwinden/seilwinden-zubehoer/umlenkrolle-1-2-4-8-10-t-seilwinde-seilzug-seilrolle_9003_2093;https://cdn03.plentyone.com/iidhyn1xr43q/item/images/9003/full/Umlenkrolle.jpg;Seilwinden > Seilwinden Zubehör;JWS;False;1;2026-09-16T11:54:57+00:00
9003;Umlenkrolle 1 2 4 8 10 t Seilwinde Seilzug Seilrolle Snatchblock Windenrolle;11.9;11.9;False;0.0;True;boolean;Sofort versandfertig, Lieferzeit 48h;2;1000;https://www.jws-store.de/seilwinden/seilwinden-zubehoer/umlenkrolle-1-2-4-8-10-t-seilwinde-seilzug-seilrolle_9003_2088;https://cdn03.plentyone.com/iidhyn1xr43q/item/images/9003/full/Umlenkrolle.jpg;Seilwinden > Seilwinden Zubehör;JWS;False;1;2026-09-16T11:54:57+00:00
289.;Umlenkrolle 1 2 4 8 10 t Seilwinde Seilzug Seilrolle Snatchblock Windenrolle;15.9;15.9;False;0.0;True;boolean;Sofort versandfertig, Lieferzeit 48h;2;1000;https://www.jws-store.de/seilwinden/seilwinden-zubehoer/umlenkrolle-1-2-4-8-10-t-seilwinde-seilzug-seilrolle_9003_2091;https://cdn03.plentyone.com/iidhyn1xr43q/item/images/9003/full/Umlenkrolle.jpg;Seilwinden > Seilwinden Zubehör;JWS;False;1;2026-09-16T11:54:57+00:00
290.;Umlenkrolle 1 2 4 8 10 t Seilwinde Seilzug Seilrolle Snatchblock Windenrolle;24.9;24.9;False;0.0;True;boolean;Sofort versandfertig, Lieferzeit 48h;2;1000;https://www.jws-store.de/seilwinden/seilwinden-zubehoer/umlenkrolle-1-2-4-8-10-t-seilwinde-seilzug-seilrolle_9003_2092;https://cdn03.plentyone.com/iidhyn1xr43q/item/images/9003/full/Umlenkrolle.jpg;Seilwinden > Seilwinden Zubehör;JWS;False;1;2026-09-16T11:54:57+00:00
1420;Ladegerät 25A 230V Schnellladegerät LiFePo4 Lithium Batterie;149.9;149.9;False;0.0;True;boolean;Sofort versandfertig, Lieferzeit 48h;2;1000;https://www.jws-store.de/solarenergie/ladegeraet-20a-230v-schnellladegeraet-lifepo4-lithium-batterie_1420_3642;https://cdn03.plentyone.com/iidhyn1xr43q/item/images/1420/full/A0uX114Q.jpeg;Solarenergie;JWS;False;1;2026-09-16T11:54:57+00:00
(2370);Solarmodul 285W 300W 380W 400W 410W Solarpanel PV Photovoltaik Solar;89.9;89.9;False;0.0;True;boolean;Sofort versandfertig, Lieferzeit 48h;2;0;https://www.jws-store.de/solarenergie/solarmodul-285w-300w-380w-400w-410w-solarpanel-pv-photovoltaik-ja-solar_249000_6160;https://cdn03.plentyone.com/iidhyn1xr43q/item/images/249000/full/Galeriebild-pxo.jpg;Solarenergie;;False;1;2026-09-16T11:54:57+00:00
249000;Solarmodul 285W 300W 380W 400W 410W Solarpanel PV Photovoltaik Solar;159.9;159.9;False;0.0;True;boolean;Sofort versandfertig, Lieferzeit 48h;2;0;https://www.jws-store.de/solarenergie/solarmodul-285w-300w-380w-400w-410w-solarpanel-pv-photovoltaik-ja-solar_249000_5863;https://cdn03.plentyone.com/iidhyn1xr43q/item/images/249000/full/Galeriebild-pxo.jpg;Solarenergie;;False;1;2026-09-16T11:54:57+00:00
1210...;Solarmodul 285W 300W 380W 400W 410W Solarpanel PV Photovoltaik Solar;74.9;74.9;False;0.0;True;boolean;Sofort versandfertig, Lieferzeit 48h;2;0;https://www.jws-store.de/solarenergie/solarmodul-285w-300w-380w-400w-410w-solarpanel-pv-photovoltaik-ja-solar_249000_5874;https://cdn03.plentyone.com/iidhyn1xr43q/item/images/249000/full/Galeriebild-pxo.jpg;Solarenergie;;False;1;2026-09-16T11:54:57+00:00
1211...;Solarmodul 285W 300W 380W 400W 410W Solarpanel PV Photovoltaik Solar;79.9;79.9;False;0.0;True;boolean;Sofort versandfertig, Lieferzeit 48h;2;0;https://www.jws-store.de/solarenergie/solarmodul-285w-300w-380w-400w-410w-solarpanel-pv-photovoltaik-ja-solar_249000_5875;https://cdn03.plentyone.com/iidhyn1xr43q/item/images/249000/full/Galeriebild-pxo.jpg;Solarenergie;;False;1;2026-09-16T11:54:57+00:00
2380...;Solarmodul 285W 300W 380W 400W 410W Solarpanel PV Photovoltaik Solar;189.9;189.9;False;0.0;True;boolean;Sofort versandfertig, Lieferzeit 48h;2;0;https://www.jws-store.de/solarenergie/solarmodul-285w-300w-380w-400w-410w-solarpanel-pv-photovoltaik-ja-solar_249000_5876;https://cdn03.plentyone.com/iidhyn1xr43q/item/images/249000/full/Galeriebild-pxo.jpg;Solarenergie;;False;1;2026-09-16T11:54:57+00:00
1081;Solarpanel 180Watt 180W Solarmodul Solarzelle 12 Volt 12V Mono Solar;169.9;169.9;False;0.0;True;boolean;Sofort versandfertig, Lieferzeit 48h;2;1000;https://www.jws-store.de/kaminrohre_1081_1333;https://cdn03.plentyone.com/iidhyn1xr43q/item/images/1081/full/180WattMono.jpg;Solarenergie;;False;1;2026-09-16T11:54:57+00:00
4204;WiFi Modul für PV Micro Inverter;369.9;369.9;False;0.0;True;boolean;Sofort versandfertig, Lieferzeit 48h;2;0;https://www.jws-store.de/solarenergie/wifi-modul-fuer-pv-micro-inverter_4204_2683;https://cdn03.plentyone.com/iidhyn1xr43q/item/images/4204/full/Wifi-pxo-preview.jpeg;Solarenergie;JWS-Solar;False;1;2026-09-16T11:54:57+00:00
1310.;Lithium LiFePO4 Batterie Solar Batterie 12V Bluetooth Akku;699.9;699.9;False;0.0;True;boolean;Sofort versandfertig, Lieferzeit 48h;2;1000;https://www.jws-store.de/lithium-batterie-solar-batterie-12v-bluetooth-lifepo4_1300_3881;https://cdn03.plentyone.com/iidhyn1xr43q/item/images/1300/full/lifepo4-Batterien.jpg;Solarenergie > Batterien;JWS;False;1;2026-09-16T11:54:57+00:00
1321.;Lithium LiFePO4 Batterie Solar Batterie 12V Bluetooth Akku;229.9;229.9;False;0.0;True;boolean;Sofort versandfertig, Lieferzeit 48h;2;1000;https://www.jws-store.de/lithium-batterie-solar-batterie-12v-bluetooth-lifepo4_1300_3875;https://cdn03.plentyone.com/iidhyn1xr43q/item/images/1300/full/lifepo4-Batterien.jpg;Solarenergie > Batterien;JWS;False;1;2026-09-16T11:54:57+00:00
1316.;Lithium LiFePO4 Batterie Solar Batterie 12V Bluetooth Akku;999.9;999.9;False;0.0;True;boolean;Sofort versandfertig, Lieferzeit 48h;2;1000;https://www.jws-store.de/lithium-batterie-solar-batterie-12v-bluetooth-lifepo4_1300_3882;https://cdn03.plentyone.com/iidhyn1xr43q/item/images/1300/full/lifepo4-Batterien.jpg;Solarenergie > Batterien;JWS;False;1;2026-09-16T11:54:57+00:00
1351.;Lithium LiFePO4 Batterie Solar Batterie 12V Bluetooth Akku;509.9;509.9;False;0.0;True;boolean;Sofort versandfertig, Lieferzeit 48h;2;1000;https://www.jws-store.de/lithium-batterie-solar-batterie-12v-bluetooth-lifepo4_1300_3876;https://cdn03.plentyone.com/iidhyn1xr43q/item/images/1300/full/lifepo4-Batterien.jpg;Solarenergie > Batterien;JWS;False;1;2026-09-16T11:54:57+00:00
1311.;Lithium LiFePO4 Batterie Solar Batterie 12V Bluetooth Akku;729.9;729.9;False;0.0;True;boolean;Sofort versandfertig, Lieferzeit 48h;2;1000;https://www.jws-store.de/lithium-batterie-solar-batterie-12v-bluetooth-lifepo4_1300_3877;https://cdn03.plentyone.com/iidhyn1xr43q/item/images/1300/full/lifepo4-Batterien.jpg;Solarenergie > Batterien;JWS;False;1;2026-09-16T11:54:57+00:00
1350.;Lithium LiFePO4 Batterie Solar Batterie 12V Bluetooth Akku;479.9;479.9;False;0.0;True;boolean;Sofort versandfertig, Lieferzeit 48h;2;1000;https://www.jws-store.de/lithium-batterie-solar-batterie-12v-bluetooth-lifepo4_1300_3880;https://cdn03.plentyone.com/iidhyn1xr43q/item/images/1300/full/lifepo4-Batterien.jpg;Solarenergie > Batterien;JWS;False;1;2026-09-16T11:54:57+00:00
1315.;Lithium LiFePO4 Batterie Solar Batterie 12V Bluetooth Akku;1029.9;1029.9;False;0.0;True;boolean;Sofort versandfertig, Lieferzeit 48h;2;1000;https://www.jws-store.de/lithium-batterie-solar-batterie-12v-bluetooth-lifepo4_1300_3878;https://cdn03.plentyone.com/iidhyn1xr43q/item/images/1300/full/lifepo4-Batterien.jpg;Solarenergie > Batterien;JWS;False;1;2026-09-16T11:54:57+00:00
1320.;Lithium LiFePO4 Batterie Solar Batterie 12V Bluetooth Akku;199.9;199.9;False;0.0;True;boolean;Sofort versandfertig, Lieferzeit 48h;2;1000;https://www.jws-store.de/lithium-batterie-solar-batterie-12v-bluetooth-lifepo4_1300_3879;https://cdn03.plentyone.com/iidhyn1xr43q/item/images/1300/full/lifepo4-Batterien.jpg;Solarenergie > Batterien;JWS;False;1;2026-09-16T11:54:57+00:00
145200;SolaX X1-MateBox Basic Einphasig;649.9;649.9;False;0.0;True;boolean;Sofort versandfertig, Lieferzeit 48h;2;1000;https://www.jws-store.de/solarenergie/batterien/solax-x1-matebox-basic-einphasig_145200_6137;https://cdn03.plentyone.com/iidhyn1xr43q/item/images/145200/full/Solax-Matebox-X1.png;Solarenergie > Batterien;;False;1;2026-09-16T11:54:57+00:00
272000;Solax X1-EPS BOX G1.1 Umschaltbox Notstrom Solaxpower 1 Phasig;239.9;239.9;False;0.0;True;boolean;Sofort versandfertig, Lieferzeit 48h;2;0;https://www.jws-store.de/solarenergie/batterien/solax-x1-eps-box-g1-1-umschaltbox-notstrom-solaxpower-1-phasig_272000_5862;https://cdn03.plentyone.com/iidhyn1xr43q/item/images/272000/full/EPS-Box-X1.jpg;Solarenergie > Batterien;;False;1;2026-09-16T11:54:57+00:00
149400;Adapterplatte für Stockschraube M10 Adapterblech PV Solarhalterungen Edelstahl;1.0;1.0;False;0.0;True;boolean;Sofort versandfertig, Lieferzeit 48h;2;1000;https://www.jws-store.de/solarenergie/caravan-montage/adapterplatte-fuer-stockschraube-m10-adapterblech-pv-solarhalterungen-edelstahl_149400_5308;https://cdn03.plentyone.com/iidhyn1xr43q/item/images/149400/full/9-pxo.jpg;Solarenergie > Caravan-Montage;;False;1;2026-09-16T11:54:57+00:00
1x149400;Adapterplatte für Stockschraube M10 Adapterblech PV Solarhalterungen Edelstahl;1.0;1.0;False;0.0;True;boolean;Sofort versandfertig, Lieferzeit 48h;2;1000;https://www.jws-store.de/solarenergie/caravan-montage/adapterplatte-fuer-stockschraube-m10-adapterblech-pv-solarhalterungen-edelstahl_149400_5327;https://cdn03.plentyone.com/iidhyn1xr43q/item/images/149400/full/9-pxo.jpg;Solarenergie > Caravan-Montage;;False;1;2026-09-16T11:54:57+00:00
10x149400;Adapterplatte für Stockschraube M10 Adapterblech PV Solarhalterungen Edelstahl;8.9;8.9;False;0.0;True;boolean;Sofort versandfertig, Lieferzeit 48h;2;1000;https://www.jws-store.de/solarenergie/caravan-montage/adapterplatte-fuer-stockschraube-m10-adapterblech-pv-solarhalterungen-edelstahl_149400_5328;https://cdn03.plentyone.com/iidhyn1xr43q/item/images/149400/full/9-pxo.jpg;Solarenergie > Caravan-Montage;;False;1;2026-09-16T11:54:57+00:00
100x149400;Adapterplatte für Stockschraube M10 Adapterblech PV Solarhalterungen Edelstahl;79.9;79.9;False;0.0;True;boolean;Sofort versandfertig, Lieferzeit 48h;2;1000;https://www.jws-store.de/solarenergie/caravan-montage/adapterplatte-fuer-stockschraube-m10-adapterblech-pv-solarhalterungen-edelstahl_149400_6107;https://cdn03.plentyone.com/iidhyn1xr43q/item/images/149400/full/9-pxo.jpg;Solarenergie > Caravan-Montage;;False;1;2026-09-16T11:54:57+00:00
1044;Solar Halterung Befestigung Solarmodul Solarpanel Eckhalterung Solarhalterung;18.9;18.9;False;0.0;True;boolean;Sofort versandfertig, Lieferzeit 48h;2;1000;https://www.jws-store.de/solarenergie/solarpanel-halterungen/solarpanel-eckhalterungen-halterungen_1044_1296;https://cdn03.plentyone.com/iidhyn1xr43q/item/images/1044/full/1044-Eckhalterungen-Galerie.jpg;Solarenergie > Caravan-Montage;JWS;False;1;2026-09-16T11:54:57+00:00
Eckhalterung_weiß;Solar Halterung Befestigung Solarmodul Solarpanel Eckhalterung Solarhalterung;18.9;18.9;False;0.0;True;boolean;Sofort versandfertig, Lieferzeit 48h;2;1000;https://www.jws-store.de/solarenergie/solarpanel-halterungen/solarpanel-eckhalterungen-halterungen_1044_1554;https://cdn03.plentyone.com/iidhyn1xr43q/item/images/1044/full/1044-Eckhalterungen-Galerie.jpg;Solarenergie > Caravan-Montage;JWS;False;1;2026-09-16T11:54:57+00:00
137;Solar Halterungen Befestigungen Solarpanel Spoiler Wohnwagen Solarhalterung 55cm;24.9;24.9;False;0.0;True;boolean;Sofort versandfertig, Lieferzeit 48h;2;1000;https://www.jws-store.de/solarenergie/solarpanel-halterungen/solarpanel-halterungen-spoiler_137_1031;https://cdn03.plentyone.com/iidhyn1xr43q/item/images/137/full/vcPpyIsw.jpeg;Solarenergie > Caravan-Montage;JWS;False;1;2026-09-16T11:54:57+00:00
137_schwarz;Solar Halterungen Befestigungen Solarpanel Spoiler Wohnwagen Solarhalterung 55cm;24.9;24.9;False;0.0;True;boolean;Sofort versandfertig, Lieferzeit 48h;2;1000;https://www.jws-store.de/solarenergie/solarpanel-halterungen/solarpanel-halterungen-spoiler_137_3566;https://cdn03.plentyone.com/iidhyn1xr43q/item/images/137/full/vcPpyIsw.jpeg;Solarenergie > Caravan-Montage;JWS;False;1;2026-09-16T11:54:57+00:00
137_weiß;Solar Halterungen Befestigungen Solarpanel Spoiler Wohnwagen Solarhalterung 55cm;24.9;24.9;False;0.0;True;boolean;Sofort versandfertig, Lieferzeit 48h;2;1000;https://www.jws-store.de/solarenergie/solarpanel-halterungen/solarpanel-halterungen-spoiler_137_3567;https://cdn03.plentyone.com/iidhyn1xr43q/item/images/137/full/vcPpyIsw.jpeg;Solarenergie > Caravan-Montage;JWS;False;1;2026-09-16T11:54:57+00:00
301_weiß;Solar Kabeldurchführung Dachdurchführung 2 Eingänge Wohnmobil in schwarz / weiß;9.9;9.9;False;0.0;True;boolean;Sofort versandfertig, Lieferzeit 48h;2;300;https://www.jws-store.de/dachdurchfuehrung-2fach_301_1523;https://cdn03.plentyone.com/iidhyn1xr43q/item/images/301/full/Dachdurchfuehrung-weissb.jpg;Solarenergie > Caravan-Montage;JWS;False;1;2026-09-16T11:54:57+00:00
602;Solarhalterung Befestigung verstellbar 1150mm passend 300Watt Module Halterung;29.9;35.9;True;16.71;True;boolean;Sofort versandfertig, Lieferzeit 48h;2;1000;https://www.jws-store.de/solarenergie/caravan-montage/solarhalterung-befestigung-verstellbar-1150mm-passend-300watt-module-halterung_602_5659;https://cdn03.plentyone.com/iidhyn1xr43q/item/images/602/full/Neigung-pxo.jpg;Solarenergie > Caravan-Montage;JWS-Solar;False;1;2026-09-16T11:54:57+00:00
600;Solarhalterung Befestigung verstellbar 557mm passend bis100Watt Module Halterung;24.9;29.9;True;16.72;True;boolean;Sofort versandfertig, Lieferzeit 48h;2;0;https://www.jws-store.de/solarhalterung-befestigung-verstellbar-557mm-passend-bis100watt-module-halterung_600_1236;https://cdn03.plentyone.com/iidhyn1xr43q/item/images/600/full/19-pxo.jpg;Solarenergie > Caravan-Montage;JWS-Solar;False;1;2026-09-16T11:54:57+00:00
138;Solarmodul Solarpanel Haltespoiler Verbinder;18.9;18.9;False;0.0;True;boolean;Sofort versandfertig, Lieferzeit 48h;2;1000;https://www.jws-store.de/solarenergie/solarpanel-halterungen/solarmodul-solarpanel-haltespoiler-verbinder_138_3568;https://cdn03.plentyone.com/iidhyn1xr43q/item/images/138/full/r7X-N8UA.jpeg;Solarenergie > Caravan-Montage;JWS;False;1;2026-09-16T11:54:57+00:00
138_weiß;Solarmodul Solarpanel Haltespoiler Verbinder;18.9;18.9;False;0.0;True;boolean;Sofort versandfertig, Lieferzeit 48h;2;1000;https://www.jws-store.de/solarenergie/solarpanel-halterungen/solarmodul-solarpanel-haltespoiler-verbinder_138_3570;https://cdn03.plentyone.com/iidhyn1xr43q/item/images/138/full/r7X-N8UA.jpeg;Solarenergie > Caravan-Montage;JWS;False;1;2026-09-16T11:54:57+00:00
601;Solarpanel Halterung Befestigung 680mm Solar Aluminium ab 100Watt Aufständerung;27.9;35.9;True;22.28;True;boolean;Sofort versandfertig, Lieferzeit 48h;2;0;https://www.jws-store.de/solarhalterung-befestigung-verstellbar-680mm-solar-halterung-aluminium-halterung_601_1237;https://cdn03.plentyone.com/iidhyn1xr43q/item/images/601/full/Solarhalterung-Befestigung-verstellbar-1.jpg;Solarenergie > Caravan-Montage;JWS-Solar;False;1;2026-09-16T11:54:57+00:00
139;Solarpanel Halterung Spoiler 68cm;29.9;35.9;True;16.71;True;boolean;Sofort versandfertig, Lieferzeit 48h;2;1000;https://www.jws-store.de/solarenergie/solarpanel-halterungen/solarpanel-halterung-spoiler-68cm_139_1032;https://cdn03.plentyone.com/iidhyn1xr43q/item/images/139/full/esBKH7TA.jpeg;Solarenergie > Caravan-Montage;JWS;False;1;2026-09-16T11:54:57+00:00
NEW-5552;Solarset Carport Montage Set Komplettsystem Halterungen Aufbau Montagematerial;759.9;759.9;False;0.0;True;boolean;Lieferzeit ca. 1 Wochen;10;0;https://www.jws-store.de/solarenergie/carport-montage/solarset-carport-montage-set-komplettsystem-halterungen-aufbau-montagematerial_2000_7090;https://cdn03.plentyone.com/iidhyn1xr43q/item/images/2000/full/2-Panel-Double-Carport-Transparent.jpg;Solarenergie > Carport-Montage;;False;1;2026-09-16T11:54:57+00:00
NEW-5547;Solarset Carport Montage Set Komplettsystem Halterungen Aufbau Montagematerial;204.9;204.9;False;0.0;True;boolean;Lieferzeit ca. 1 Wochen;10;0;https://www.jws-store.de/solarenergie/carport-montage/solarset-carport-montage-set-komplettsystem-halterungen-aufbau-montagematerial_2000_7085;https://cdn03.plentyone.com/iidhyn1xr43q/item/images/2000/full/2-Panel-Double-Carport-Transparent.jpg;Solarenergie > Carport-Montage;;False;1;2026-09-16T11:54:57+00:00
NEW-5548;Solarset Carport Montage Set Komplettsystem Halterungen Aufbau Montagematerial;249.9;249.9;False;0.0;True;boolean;Lieferzeit ca. 1 Wochen;10;0;https://www.jws-store.de/solarenergie/carport-montage/solarset-carport-montage-set-komplettsystem-halterungen-aufbau-montagematerial_2000_7086;https://cdn03.plentyone.com/iidhyn1xr43q/item/images/2000/full/2-Panel-Double-Carport-Transparent.jpg;Solarenergie > Carport-Montage;;False;1;2026-09-16T11:54:57+00:00
NEW-5549;Solarset Carport Montage Set Komplettsystem Halterungen Aufbau Montagematerial;409.9;409.9;False;0.0;True;boolean;Lieferzeit ca. 1 Wochen;10;0;https://www.jws-store.de/solarenergie/carport-montage/solarset-carport-montage-set-komplettsystem-halterungen-aufbau-montagematerial_2000_7087;https://cdn03.plentyone.com/iidhyn1xr43q/item/images/2000/full/2-Panel-Double-Carport-Transparent.jpg;Solarenergie > Carport-Montage;;False;1;2026-09-16T11:54:57+00:00
NEW-5544;Solarset Carport Montage Set Komplettsystem Halterungen Aufbau Montagematerial;104.9;104.9;False;0.0;True;boolean;Lieferzeit ca. 1 Wochen;10;0;https://www.jws-store.de/solarenergie/carport-montage/solarset-carport-montage-set-komplettsystem-halterungen-aufbau-montagematerial_2000_7082;https://cdn03.plentyone.com/iidhyn1xr43q/item/images/2000/full/2-Panel-Double-Carport-Transparent.jpg;Solarenergie > Carport-Montage;;False;1;2026-09-16T11:54:57+00:00
NEW-5550;Solarset Carport Montage Set Komplettsystem Halterungen Aufbau Montagematerial;499.9;499.9;False;0.0;True;boolean;Lieferzeit ca. 1 Wochen;10;0;https://www.jws-store.de/solarenergie/carport-montage/solarset-carport-montage-set-komplettsystem-halterungen-aufbau-montagematerial_2000_7088;https://cdn03.plentyone.com/iidhyn1xr43q/item/images/2000/full/2-Panel-Double-Carport-Transparent.jpg;Solarenergie > Carport-Montage;;False;1;2026-09-16T11:54:57+00:00
NEW-5545;Solarset Carport Montage Set Komplettsystem Halterungen Aufbau Montagematerial;204.9;204.9;False;0.0;True;boolean;Lieferzeit ca. 1 Wochen;10;0;https://www.jws-store.de/solarenergie/carport-montage/solarset-carport-montage-set-komplettsystem-halterungen-aufbau-montagematerial_2000_7083;https://cdn03.plentyone.com/iidhyn1xr43q/item/images/2000/full/2-Panel-Double-Carport-Transparent.jpg;Solarenergie > Carport-Montage;;False;1;2026-09-16T11:54:57+00:00
NEW-5551;Solarset Carport Montage Set Komplettsystem Halterungen Aufbau Montagematerial;615.9;615.9;False;0.0;True;boolean;Lieferzeit ca. 1 Wochen;10;0;https://www.jws-store.de/solarenergie/carport-montage/solarset-carport-montage-set-komplettsystem-halterungen-aufbau-montagematerial_2000_7089;https://cdn03.plentyone.com/iidhyn1xr43q/item/images/2000/full/2-Panel-Double-Carport-Transparent.jpg;Solarenergie > Carport-Montage;;False;1;2026-09-16T11:54:57+00:00
NEW-5546;Solarset Carport Montage Set Komplettsystem Halterungen Aufbau Montagematerial;299.9;299.9;False;0.0;True;boolean;Lieferzeit ca. 1 Wochen;10;0;https://www.jws-store.de/solarenergie/carport-montage/solarset-carport-montage-set-komplettsystem-halterungen-aufbau-montagematerial_2000_7084;https://cdn03.plentyone.com/iidhyn1xr43q/item/images/2000/full/2-Panel-Double-Carport-Transparent.jpg;Solarenergie > Carport-Montage;;False;1;2026-09-16T11:54:57+00:00
12_Doppel;Solarset Carport Montage Set Komplettsystem Halterungen Montagematerial Mono;1759.9;1759.9;False;0.0;True;boolean;Lieferzeit ca. 1 Wochen;10;0;https://www.jws-store.de/solarset-carport-montage-set-komplettsystem-halterungen-370w-mono-montagematerial_1000_7078;https://cdn03.plentyone.com/iidhyn1xr43q/item/images/1000/full/02-Module-Single-Carport-jpg.jpg;Solarenergie > Carport-Montage;;False;1;2026-09-16T11:54:57+00:00
6_Einzel;Solarset Carport Montage Set Komplettsystem Halterungen Montagematerial Mono;939.9;939.9;False;0.0;True;boolean;Lieferzeit ca. 1 Wochen;10;0;https://www.jws-store.de/solarset-carport-montage-set-komplettsystem-halterungen-370w-mono-montagematerial_1000_7067;https://cdn03.plentyone.com/iidhyn1xr43q/item/images/1000/full/02-Module-Single-Carport-jpg.jpg;Solarenergie > Carport-Montage;;False;1;2026-09-16T11:54:57+00:00
15_Doppel;Solarset Carport Montage Set Komplettsystem Halterungen Montagematerial Mono;2199.9;2199.9;False;0.0;True;boolean;Lieferzeit ca. 1 Wochen;10;0;https://www.jws-store.de/solarset-carport-montage-set-komplettsystem-halterungen-370w-mono-montagematerial_1000_7079;https://cdn03.plentyone.com/iidhyn1xr43q/item/images/1000/full/02-Module-Single-Carport-jpg.jpg;Solarenergie > Carport-Montage;;False;1;2026-09-16T11:54:57+00:00
4_Doppel;Solarset Carport Montage Set Komplettsystem Halterungen Montagematerial Mono;659.9;659.9;False;0.0;True;boolean;Lieferzeit ca. 1 Wochen;10;0;https://www.jws-store.de/solarset-carport-montage-set-komplettsystem-halterungen-370w-mono-montagematerial_1000_7073;https://cdn03.plentyone.com/iidhyn1xr43q/item/images/1000/full/02-Module-Single-Carport-jpg.jpg;Solarenergie > Carport-Montage;;False;1;2026-09-16T11:54:57+00:00
5_Doppel;Solarset Carport Montage Set Komplettsystem Halterungen Montagematerial Mono;799.9;799.9;False;0.0;True;boolean;Lieferzeit ca. 1 Wochen;10;0;https://www.jws-store.de/solarset-carport-montage-set-komplettsystem-halterungen-370w-mono-montagematerial_1000_7074;https://cdn03.plentyone.com/iidhyn1xr43q/item/images/1000/full/02-Module-Single-Carport-jpg.jpg;Solarenergie > Carport-Montage;;False;1;2026-09-16T11:54:57+00:00
1000;Solarset Carport Montage Set Komplettsystem Halterungen Montagematerial Mono;389.9;389.9;False;0.0;True;boolean;Lieferzeit ca. 1 Wochen;10;0;https://www.jws-store.de/solarset-carport-montage-set-komplettsystem-halterungen-370w-mono-montagematerial_1000_7063;https://cdn03.plentyone.com/iidhyn1xr43q/item/images/1000/full/02-Module-Single-Carport-jpg.jpg;Solarenergie > Carport-Montage;;False;1;2026-09-16T11:54:57+00:00
8_Doppel;Solarset Carport Montage Set Komplettsystem Halterungen Montagematerial Mono;1214.9;1214.9;False;0.0;True;boolean;Lieferzeit ca. 1 Wochen;10;0;https://www.jws-store.de/solarset-carport-montage-set-komplettsystem-halterungen-370w-mono-montagematerial_1000_7076;https://cdn03.plentyone.com/iidhyn1xr43q/item/images/1000/full/02-Module-Single-Carport-jpg.jpg;Solarenergie > Carport-Montage;;False;1;2026-09-16T11:54:57+00:00
2_Einzel;Solarset Carport Montage Set Komplettsystem Halterungen Montagematerial Mono;389.9;389.9;False;0.0;True;boolean;Lieferzeit ca. 1 Wochen;10;0;https://www.jws-store.de/solarset-carport-montage-set-komplettsystem-halterungen-370w-mono-montagematerial_1000_7064;https://cdn03.plentyone.com/iidhyn1xr43q/item/images/1000/full/02-Module-Single-Carport-jpg.jpg;Solarenergie > Carport-Montage;;False;1;2026-09-16T11:54:57+00:00
10_Doppel;Solarset Carport Montage Set Komplettsystem Halterungen Montagematerial Mono;1479.9;1479.9;False;0.0;True;boolean;Lieferzeit ca. 1 Wochen;10;0;https://www.jws-store.de/solarset-carport-montage-set-komplettsystem-halterungen-370w-mono-montagematerial_1000_7077;https://cdn03.plentyone.com/iidhyn1xr43q/item/images/1000/full/02-Module-Single-Carport-jpg.jpg;Solarenergie > Carport-Montage;;False;1;2026-09-16T11:54:57+00:00
4_Einzel;Solarset Carport Montage Set Komplettsystem Halterungen Montagematerial Mono;659.9;659.9;False;0.0;True;boolean;Lieferzeit ca. 1 Wochen;10;0;https://www.jws-store.de/solarset-carport-montage-set-komplettsystem-halterungen-370w-mono-montagematerial_1000_7065;https://cdn03.plentyone.com/iidhyn1xr43q/item/images/1000/full/02-Module-Single-Carport-jpg.jpg;Solarenergie > Carport-Montage;;False;1;2026-09-16T11:54:57+00:00
231000;Balkon Kraftwerk Balkonmodule Solaranlage 300 /600 Watt Doppelglas Microinverter;359.9;359.9;False;0.0;True;boolean;Sofort versandfertig, Lieferzeit 48h;2;0;https://www.jws-store.de/tsun-doppelglas-mono-micro-inverter-balkonkraftwerk-balkonmodul-solar-set_231000_5807;https://cdn03.plentyone.com/iidhyn1xr43q/item/images/231000/full/Galerie-Balkonkraftwerk.jpg;Solarenergie > Haus-Montage;;False;1;2026-09-16T11:54:57+00:00
2x375_TSUN800;Balkon Kraftwerk Balkonmodule Solaranlage 300 /600 Watt Doppelglas Microinverter;689.9;689.9;False;0.0;True;boolean;Sofort versandfertig, Lieferzeit 48h;2;0;https://www.jws-store.de/tsun-doppelglas-mono-micro-inverter-balkonkraftwerk-balkonmodul-solar-set_231000_5997;https://cdn03.plentyone.com/iidhyn1xr43q/item/images/231000/full/Galerie-Balkonkraftwerk.jpg;Solarenergie > Haus-Montage;;False;1;2026-09-16T11:54:57+00:00
2x365_TSUN800;Balkon Kraftwerk Balkonmodule Solaranlage 300 /600 Watt Doppelglas Microinverter;679.9;679.9;False;0.0;True;boolean;Sofort versandfertig, Lieferzeit 48h;2;0;https://www.jws-store.de/tsun-doppelglas-mono-micro-inverter-balkonkraftwerk-balkonmodul-solar-set_231000_5998;https://cdn03.plentyone.com/iidhyn1xr43q/item/images/231000/full/Galerie-Balkonkraftwerk.jpg;Solarenergie > Haus-Montage;;False;1;2026-09-16T11:54:57+00:00
1x375_TSUN350;Balkon Kraftwerk Balkonmodule Solaranlage 300 /600 Watt Doppelglas Microinverter;369.9;369.9;False;0.0;True;boolean;Sofort versandfertig, Lieferzeit 48h;2;0;https://www.jws-store.de/tsun-doppelglas-mono-micro-inverter-balkonkraftwerk-balkonmodul-solar-set_231000_5999;https://cdn03.plentyone.com/iidhyn1xr43q/item/images/231000/full/Galerie-Balkonkraftwerk.jpg;Solarenergie > Haus-Montage;;False;1;2026-09-16T11:54:57+00:00
1x365_TSUN350;Balkon Kraftwerk Balkonmodule Solaranlage 300 /600 Watt Doppelglas Microinverter;359.9;359.9;False;0.0;True;boolean;Sofort versandfertig, Lieferzeit 48h;2;0;https://www.jws-store.de/tsun-doppelglas-mono-micro-inverter-balkonkraftwerk-balkonmodul-solar-set_231000_6000;https://cdn03.plentyone.com/iidhyn1xr43q/item/images/231000/full/Galerie-Balkonkraftwerk.jpg;Solarenergie > Haus-Montage;;False;1;2026-09-16T11:54:57+00:00
149800;Balkonhalterungen Halterung Solarhalterung Geländer Aufständerung PV Halterung;74.9;74.9;False;0.0;True;boolean;Sofort versandfertig, Lieferzeit 48h;2;1000;https://www.jws-store.de/solarenergie/haus-montage/balkonhalterungen-halterung-solarhalterung-gelaender-aufstaenderung-pv-halterung_149900_6109;https://cdn03.plentyone.com/iidhyn1xr43q/item/images/149900/full/Galeriebild-Balkokraftwerk-Halterung.jpg;Solarenergie > Haus-Montage;JWS;False;1;2026-09-16T11:54:57+00:00
149910;Balkonhalterungen Halterung Solarhalterung Geländer Aufständerung PV Halterung;15.9;15.9;False;0.0;True;boolean;Sofort versandfertig, Lieferzeit 48h;2;1000;https://www.jws-store.de/solarenergie/haus-montage/balkonhalterungen-halterung-solarhalterung-gelaender-aufstaenderung-pv-halterung_149900_6110;https://cdn03.plentyone.com/iidhyn1xr43q/item/images/149900/full/Galeriebild-Balkokraftwerk-Halterung.jpg;Solarenergie > Haus-Montage;JWS;False;1;2026-09-16T11:54:57+00:00
242000;Balkonkraftwerk Photovoltaik Solaranlage Steckerfertig WIFI NEP 600 760 820W PV;499.9;499.9;False;0.0;True;boolean;Sofort versandfertig, Lieferzeit 48h;2;0;https://www.jws-store.de/solarenergie/haus-montage/balkonkraftwerk-photovoltaik-solaranlage-steckerfertig-wifi-nep-600-760-820w-pv_242000_5916;https://cdn03.plentyone.com/iidhyn1xr43q/item/images/242000/full/Balkonkraftwerk-Solarkraftwerk.jpg;Solarenergie > Haus-Montage;;False;1;2026-09-16T11:54:57+00:00
2x 380_NEP600.;Balkonkraftwerk Photovoltaik Solaranlage Steckerfertig WIFI NEP 600 760 820W PV;519.9;519.9;False;0.0;True;boolean;Sofort versandfertig, Lieferzeit 48h;2;0;https://www.jws-store.de/solarenergie/haus-montage/balkonkraftwerk-photovoltaik-solaranlage-steckerfertig-wifi-nep-600-760-820w-pv_242000_5990;https://cdn03.plentyone.com/iidhyn1xr43q/item/images/242000/full/Balkonkraftwerk-Solarkraftwerk.jpg;Solarenergie > Haus-Montage;;False;1;2026-09-16T11:54:57+00:00
2x 300_NEP600.;Balkonkraftwerk Photovoltaik Solaranlage Steckerfertig WIFI NEP 600 760 820W PV;499.9;499.9;False;0.0;True;boolean;Sofort versandfertig, Lieferzeit 48h;2;0;https://www.jws-store.de/solarenergie/haus-montage/balkonkraftwerk-photovoltaik-solaranlage-steckerfertig-wifi-nep-600-760-820w-pv_242000_5991;https://cdn03.plentyone.com/iidhyn1xr43q/item/images/242000/full/Balkonkraftwerk-Solarkraftwerk.jpg;Solarenergie > Haus-Montage;;False;1;2026-09-16T11:54:57+00:00
2x 410_NEP600.;Balkonkraftwerk Photovoltaik Solaranlage Steckerfertig WIFI NEP 600 760 820W PV;539.9;539.9;False;0.0;True;boolean;Sofort versandfertig, Lieferzeit 48h;2;0;https://www.jws-store.de/solarenergie/haus-montage/balkonkraftwerk-photovoltaik-solaranlage-steckerfertig-wifi-nep-600-760-820w-pv_242000_5992;https://cdn03.plentyone.com/iidhyn1xr43q/item/images/242000/full/Balkonkraftwerk-Solarkraftwerk.jpg;Solarenergie > Haus-Montage;;False;1;2026-09-16T11:54:57+00:00
1495001;Dachfalzklemme Stehfalzdach Stehfalzklemme Befestigung Montage Edelstahl 10Stück;33.9;33.9;False;0.0;True;boolean;Sofort versandfertig, Lieferzeit 48h;2;1000;https://www.jws-store.de/solarenergie/haus-montage/dachfalzklemme-stehfalzdach-stehfalzklemme-befestigung-montage-edelstahl-10stueck_1495001_6138;https://cdn03.plentyone.com/iidhyn1xr43q/item/images/1495001/full/Dachfalzklemme10.jpg;Solarenergie > Haus-Montage;JWS;False;1;2026-09-16T11:54:57+00:00
149500;Dachfalzklemme Stehfalzdach Stehfalzklemme Befestigung Solar Montage Edelstahl;2.69;2.69;False;0.0;True;boolean;Sofort versandfertig, Lieferzeit 48h;2;1000;https://www.jws-store.de/solarenergie/dach-montage/dachfalzklamme-stehfalzdach-solarhalterung-befestigung-solar-montage-edelstahl_149500_5350;https://cdn03.plentyone.com/iidhyn1xr43q/item/images/149500/full/6-pxo.jpg;Solarenergie > Haus-Montage;JWS;False;1;2026-09-16T11:54:57+00:00
149760;Dachhaken verstellbar Solar PV 10 STÜCK Edelstahl Dachpfanne Photovoltaik;32.9;45.9;True;28.32;True;boolean;Sofort versandfertig, Lieferzeit 48h;2;2000;https://www.jws-store.de/solarenergie/haus-montage/dachhaken-verstellbar-solar-pv-10-stueck-edelstahl-dachpfanne-photovoltaik_149760_6096;https://cdn03.plentyone.com/iidhyn1xr43q/item/images/149760/full/dachhaken.jpg;Solarenergie > Haus-Montage;JWS;False;1;2026-09-16T11:54:57+00:00
149700;Dachhaken verstellbar Solar PV Halterung Edelstahl Dachpfanne Photovoltaik;3.9;4.29;True;9.09;True;boolean;Sofort versandfertig, Lieferzeit 48h;2;200;https://www.jws-store.de/solarenergie/dach-montage/dachhaken-verstellbar-photovoltaik-solar-pv-halterung-edelstahl-dachpfanne-dachsteine_149700_5345;https://cdn03.plentyone.com/iidhyn1xr43q/item/images/149700/full/5-pxo.jpg;Solarenergie > Haus-Montage;JWS;False;1;2026-09-16T11:54:57+00:00
90Stück;Dachhaken verstellbar Solar PV Halterung Edelstahl Dachpfanne Photovoltaik Set;429.9;429.9;False;0.0;True;boolean;Sofort versandfertig, Lieferzeit 48h;2;0;https://www.jws-store.de/solarenergie/haus-montage/dachhaken-verstellbar-solar-pv-halterung-edelstahl-dachpfanne-photovoltaik-set_149750_6049;https://cdn03.plentyone.com/iidhyn1xr43q/item/images/149750/full/5-pxo.jpg;Solarenergie > Haus-Montage;;False;1;2026-09-16T11:54:57+00:00
40Stück;Dachhaken verstellbar Solar PV Halterung Edelstahl Dachpfanne Photovoltaik Set;187.9;187.9;False;0.0;True;boolean;Sofort versandfertig, Lieferzeit 48h;2;0;https://www.jws-store.de/solarenergie/haus-montage/dachhaken-verstellbar-solar-pv-halterung-edelstahl-dachpfanne-photovoltaik-set_149750_6044;https://cdn03.plentyone.com/iidhyn1xr43q/item/images/149750/full/5-pxo.jpg;Solarenergie > Haus-Montage;;False;1;2026-09-16T11:54:57+00:00
50Stück;Dachhaken verstellbar Solar PV Halterung Edelstahl Dachpfanne Photovoltaik Set;239.9;239.9;False;0.0;True;boolean;Sofort versandfertig, Lieferzeit 48h;2;0;https://www.jws-store.de/solarenergie/haus-montage/dachhaken-verstellbar-solar-pv-halterung-edelstahl-dachpfanne-photovoltaik-set_149750_6039;https://cdn03.plentyone.com/iidhyn1xr43q/item/images/149750/full/5-pxo.jpg;Solarenergie > Haus-Montage;;False;1;2026-09-16T11:54:57+00:00
100Stück;Dachhaken verstellbar Solar PV Halterung Edelstahl Dachpfanne Photovoltaik Set;479.9;479.9;False;0.0;True;boolean;Sofort versandfertig, Lieferzeit 48h;2;0;https://www.jws-store.de/solarenergie/haus-montage/dachhaken-verstellbar-solar-pv-halterung-edelstahl-dachpfanne-photovoltaik-set_149750_6050;https://cdn03.plentyone.com/iidhyn1xr43q/item/images/149750/full/5-pxo.jpg;Solarenergie > Haus-Montage;;False;1;2026-09-16T11:54:57+00:00
45Stück;Dachhaken verstellbar Solar PV Halterung Edelstahl Dachpfanne Photovoltaik Set;219.9;219.9;False;0.0;True;boolean;Sofort versandfertig, Lieferzeit 48h;2;0;https://www.jws-store.de/solarenergie/haus-montage/dachhaken-verstellbar-solar-pv-halterung-edelstahl-dachpfanne-photovoltaik-set_149750_6045;https://cdn03.plentyone.com/iidhyn1xr43q/item/images/149750/full/5-pxo.jpg;Solarenergie > Haus-Montage;;False;1;2026-09-16T11:54:57+00:00
15Stück;Dachhaken verstellbar Solar PV Halterung Edelstahl Dachpfanne Photovoltaik Set;75.9;75.9;False;0.0;True;boolean;Sofort versandfertig, Lieferzeit 48h;2;0;https://www.jws-store.de/solarenergie/haus-montage/dachhaken-verstellbar-solar-pv-halterung-edelstahl-dachpfanne-photovoltaik-set_149750_6040;https://cdn03.plentyone.com/iidhyn1xr43q/item/images/149750/full/5-pxo.jpg;Solarenergie > Haus-Montage;;False;1;2026-09-16T11:54:57+00:00
149750;Dachhaken verstellbar Solar PV Halterung Edelstahl Dachpfanne Photovoltaik Set;25.95;25.95;False;0.0;True;boolean;Sofort versandfertig, Lieferzeit 48h;2;0;https://www.jws-store.de/solarenergie/haus-montage/dachhaken-verstellbar-solar-pv-halterung-edelstahl-dachpfanne-photovoltaik-set_149750_6035;https://cdn03.plentyone.com/iidhyn1xr43q/item/images/149750/full/5-pxo.jpg;Solarenergie > Haus-Montage;;False;1;2026-09-16T11:54:57+00:00
60Stück;Dachhaken verstellbar Solar PV Halterung Edelstahl Dachpfanne Photovoltaik Set;287.9;287.9;False;0.0;True;boolean;Sofort versandfertig, Lieferzeit 48h;2;0;https://www.jws-store.de/solarenergie/haus-montage/dachhaken-verstellbar-solar-pv-halterung-edelstahl-dachpfanne-photovoltaik-set_149750_6046;https://cdn03.plentyone.com/iidhyn1xr43q/item/images/149750/full/5-pxo.jpg;Solarenergie > Haus-Montage;;False;1;2026-09-16T11:54:57+00:00
25Stück;Dachhaken verstellbar Solar PV Halterung Edelstahl Dachpfanne Photovoltaik Set;125.9;125.9;False;0.0;True;boolean;Sofort versandfertig, Lieferzeit 48h;2;0;https://www.jws-store.de/solarenergie/haus-montage/dachhaken-verstellbar-solar-pv-halterung-edelstahl-dachpfanne-photovoltaik-set_149750_6041;https://cdn03.plentyone.com/iidhyn1xr43q/item/images/149750/full/5-pxo.jpg;Solarenergie > Haus-Montage;;False;1;2026-09-16T11:54:57+00:00
5 Stück;Dachhaken verstellbar Solar PV Halterung Edelstahl Dachpfanne Photovoltaik Set;25.95;25.95;False;0.0;True;boolean;Sofort versandfertig, Lieferzeit 48h;2;0;https://www.jws-store.de/solarenergie/haus-montage/dachhaken-verstellbar-solar-pv-halterung-edelstahl-dachpfanne-photovoltaik-set_149750_6036;https://cdn03.plentyone.com/iidhyn1xr43q/item/images/149750/full/5-pxo.jpg;Solarenergie > Haus-Montage;;False;1;2026-09-16T11:54:57+00:00
70Stück;Dachhaken verstellbar Solar PV Halterung Edelstahl Dachpfanne Photovoltaik Set;335.9;335.9;False;0.0;True;boolean;Sofort versandfertig, Lieferzeit 48h;2;0;https://www.jws-store.de/solarenergie/haus-montage/dachhaken-verstellbar-solar-pv-halterung-edelstahl-dachpfanne-photovoltaik-set_149750_6047;https://cdn03.plentyone.com/iidhyn1xr43q/item/images/149750/full/5-pxo.jpg;Solarenergie > Haus-Montage;;False;1;2026-09-16T11:54:57+00:00
30Stück;Dachhaken verstellbar Solar PV Halterung Edelstahl Dachpfanne Photovoltaik Set;151.0;151.0;False;0.0;True;boolean;Sofort versandfertig, Lieferzeit 48h;2;0;https://www.jws-store.de/solarenergie/haus-montage/dachhaken-verstellbar-solar-pv-halterung-edelstahl-dachpfanne-photovoltaik-set_149750_6042;https://cdn03.plentyone.com/iidhyn1xr43q/item/images/149750/full/5-pxo.jpg;Solarenergie > Haus-Montage;;False;1;2026-09-16T11:54:57+00:00
10Stück;Dachhaken verstellbar Solar PV Halterung Edelstahl Dachpfanne Photovoltaik Set;50.9;50.9;False;0.0;True;boolean;Sofort versandfertig, Lieferzeit 48h;2;0;https://www.jws-store.de/solarenergie/haus-montage/dachhaken-verstellbar-solar-pv-halterung-edelstahl-dachpfanne-photovoltaik-set_149750_6037;https://cdn03.plentyone.com/iidhyn1xr43q/item/images/149750/full/5-pxo.jpg;Solarenergie > Haus-Montage;;False;1;2026-09-16T11:54:57+00:00
80Stück;Dachhaken verstellbar Solar PV Halterung Edelstahl Dachpfanne Photovoltaik Set;383.9;383.9;False;0.0;True;boolean;Sofort versandfertig, Lieferzeit 48h;2;0;https://www.jws-store.de/solarenergie/haus-montage/dachhaken-verstellbar-solar-pv-halterung-edelstahl-dachpfanne-photovoltaik-set_149750_6048;https://cdn03.plentyone.com/iidhyn1xr43q/item/images/149750/full/5-pxo.jpg;Solarenergie > Haus-Montage;;False;1;2026-09-16T11:54:57+00:00
35Stück;Dachhaken verstellbar Solar PV Halterung Edelstahl Dachpfanne Photovoltaik Set;172.9;172.9;False;0.0;True;boolean;Sofort versandfertig, Lieferzeit 48h;2;0;https://www.jws-store.de/solarenergie/haus-montage/dachhaken-verstellbar-solar-pv-halterung-edelstahl-dachpfanne-photovoltaik-set_149750_6043;https://cdn03.plentyone.com/iidhyn1xr43q/item/images/149750/full/5-pxo.jpg;Solarenergie > Haus-Montage;;False;1;2026-09-16T11:54:57+00:00
20Stück;Dachhaken verstellbar Solar PV Halterung Edelstahl Dachpfanne Photovoltaik Set;99.9;99.9;False;0.0;True;boolean;Sofort versandfertig, Lieferzeit 48h;2;0;https://www.jws-store.de/solarenergie/haus-montage/dachhaken-verstellbar-solar-pv-halterung-edelstahl-dachpfanne-photovoltaik-set_149750_6038;https://cdn03.plentyone.com/iidhyn1xr43q/item/images/149750/full/5-pxo.jpg;Solarenergie > Haus-Montage;;False;1;2026-09-16T11:54:57+00:00
149200;Klemmen Endklemmen Mittelstück Solarhalterungen Solarklemme Mittelklemme;5.9;5.9;False;0.0;True;boolean;Sofort versandfertig, Lieferzeit 48h;2;1000;https://www.jws-store.de/klemmen-endklemmen-mittelstueck-solarhalterungen-solarklemme_149200_5353;https://cdn03.plentyone.com/iidhyn1xr43q/item/images/149200/full/7-pxo.jpg;Solarenergie > Haus-Montage;JWS;False;1;2026-09-16T11:54:57+00:00
149235;Klemmen Endklemmen Mittelstück Solarhalterungen Solarklemme Mittelklemme;5.9;5.9;False;0.0;True;boolean;Sofort versandfertig, Lieferzeit 48h;2;1000;https://www.jws-store.de/klemmen-endklemmen-mittelstueck-solarhalterungen-solarklemme_149200_5360;https://cdn03.plentyone.com/iidhyn1xr43q/item/images/149200/full/7-pxo.jpg;Solarenergie > Haus-Montage;JWS;False;1;2026-09-16T11:54:57+00:00
149240;Klemmen Endklemmen Mittelstück Solarhalterungen Solarklemme Mittelklemme;6.9;6.9;False;0.0;True;boolean;Sofort versandfertig, Lieferzeit 48h;2;1000;https://www.jws-store.de/klemmen-endklemmen-mittelstueck-solarhalterungen-solarklemme_149200_5361;https://cdn03.plentyone.com/iidhyn1xr43q/item/images/149200/full/7-pxo.jpg;Solarenergie > Haus-Montage;JWS;False;1;2026-09-16T11:54:57+00:00
NEW-4707;Photovoltaik Solarpanel Halterung Montage Set Ziegeldach Befestigung Satteldach Photovoltaik Solarpanel Halterung Montage Set Ziegeldach Satteldach Befestigung für 1-20 Module mit 35mm Rahmen;424.9;424.9;False;0.0;True;boolean;Sofort versandfertig, Lieferzeit 48h;2;1000;https://www.jws-store.de/photovoltaik-solarpanel-halterung-montage-set-ziegeldach-befestigung-satteldach-photovoltaik-solarpanel-halterung-montage-set-ziegeldach-satteldach-befestigung-fuer-1-20-module-mit-35mm-rahmen_149800_6231;https://cdn03.plentyone.com/iidhyn1xr43q/item/images/149800/full/Set-4_1.jpg;Solarenergie > Haus-Montage;JWS;False;1;2026-09-16T11:54:57+00:00
NEW-4702;Photovoltaik Solarpanel Halterung Montage Set Ziegeldach Befestigung Satteldach Photovoltaik Solarpanel Halterung Montage Set Ziegeldach Satteldach Befestigung für 1-20 Module mit 35mm Rahmen;249.9;249.9;False;0.0;True;boolean;Sofort versandfertig, Lieferzeit 48h;2;1000;https://www.jws-store.de/photovoltaik-solarpanel-halterung-montage-set-ziegeldach-befestigung-satteldach-photovoltaik-solarpanel-halterung-montage-set-ziegeldach-satteldach-befestigung-fuer-1-20-module-mit-35mm-rahmen_149800_6226;https://cdn03.plentyone.com/iidhyn1xr43q/item/images/149800/full/Set-4_1.jpg;Solarenergie > Haus-Montage;JWS;False;1;2026-09-16T11:54:57+00:00
NEW-4697;Photovoltaik Solarpanel Halterung Montage Set Ziegeldach Befestigung Satteldach Photovoltaik Solarpanel Halterung Montage Set Ziegeldach Satteldach Befestigung für 1-20 Module mit 35mm Rahmen;74.9;74.9;False;0.0;True;boolean;Sofort versandfertig, Lieferzeit 48h;2;1000;https://www.jws-store.de/photovoltaik-solarpanel-halterung-montage-set-ziegeldach-befestigung-satteldach-photovoltaik-solarpanel-halterung-montage-set-ziegeldach-satteldach-befestigung-fuer-1-20-module-mit-35mm-rahmen_149800_6221;https://cdn03.plentyone.com/iidhyn1xr43q/item/images/149800/full/Set-4_1.jpg;Solarenergie > Haus-Montage;JWS;False;1;2026-09-16T11:54:57+00:00
NEW-4713;Photovoltaik Solarpanel Halterung Montage Set Ziegeldach Befestigung Satteldach Photovoltaik Solarpanel Halterung Montage Set Ziegeldach Satteldach Befestigung für 1-20 Module mit 35mm Rahmen;634.9;634.9;False;0.0;True;boolean;Sofort versandfertig, Lieferzeit 48h;2;1000;https://www.jws-store.de/photovoltaik-solarpanel-halterung-montage-set-ziegeldach-befestigung-satteldach-photovoltaik-solarpanel-halterung-montage-set-ziegeldach-satteldach-befestigung-fuer-1-20-module-mit-35mm-rahmen_149800_6237;https://cdn03.plentyone.com/iidhyn1xr43q/item/images/149800/full/Set-4_1.jpg;Solarenergie > Haus-Montage;JWS;False;1;2026-09-16T11:54:57+00:00
NEW-4708;Photovoltaik Solarpanel Halterung Montage Set Ziegeldach Befestigung Satteldach Photovoltaik Solarpanel Halterung Montage Set Ziegeldach Satteldach Befestigung für 1-20 Module mit 35mm Rahmen;459.9;459.9;False;0.0;True;boolean;Sofort versandfertig, Lieferzeit 48h;2;1000;https://www.jws-store.de/photovoltaik-solarpanel-halterung-montage-set-ziegeldach-befestigung-satteldach-photovoltaik-solarpanel-halterung-montage-set-ziegeldach-satteldach-befestigung-fuer-1-20-module-mit-35mm-rahmen_149800_6232;https://cdn03.plentyone.com/iidhyn1xr43q/item/images/149800/full/Set-4_1.jpg;Solarenergie > Haus-Montage;JWS;False;1;2026-09-16T11:54:57+00:00
NEW-4703;Photovoltaik Solarpanel Halterung Montage Set Ziegeldach Befestigung Satteldach Photovoltaik Solarpanel Halterung Montage Set Ziegeldach Satteldach Befestigung für 1-20 Module mit 35mm Rahmen;284.9;284.9;False;0.0;True;boolean;Sofort versandfertig, Lieferzeit 48h;2;1000;https://www.jws-store.de/photovoltaik-solarpanel-halterung-montage-set-ziegeldach-befestigung-satteldach-photovoltaik-solarpanel-halterung-montage-set-ziegeldach-satteldach-befestigung-fuer-1-20-module-mit-35mm-rahmen_149800_6227;https://cdn03.plentyone.com/iidhyn1xr43q/item/images/149800/full/Set-4_1.jpg;Solarenergie > Haus-Montage;JWS;False;1;2026-09-16T11:54:57+00:00
NEW-4698;Photovoltaik Solarpanel Halterung Montage Set Ziegeldach Befestigung Satteldach Photovoltaik Solarpanel Halterung Montage Set Ziegeldach Satteldach Befestigung für 1-20 Module mit 35mm Rahmen;109.9;109.9;False;0.0;True;boolean;Sofort versandfertig, Lieferzeit 48h;2;1000;https://www.jws-store.de/photovoltaik-solarpanel-halterung-montage-set-ziegeldach-befestigung-satteldach-photovoltaik-solarpanel-halterung-montage-set-ziegeldach-satteldach-befestigung-fuer-1-20-module-mit-35mm-rahmen_149800_6222;https://cdn03.plentyone.com/iidhyn1xr43q/item/images/149800/full/Set-4_1.jpg;Solarenergie > Haus-Montage;JWS;False;1;2026-09-16T11:54:57+00:00
NEW-4714;Photovoltaik Solarpanel Halterung Montage Set Ziegeldach Befestigung Satteldach Photovoltaik Solarpanel Halterung Montage Set Ziegeldach Satteldach Befestigung für 1-20 Module mit 35mm Rahmen;669.9;669.9;False;0.0;True;boolean;Sofort versandfertig, Lieferzeit 48h;2;1000;https://www.jws-store.de/photovoltaik-solarpanel-halterung-montage-set-ziegeldach-befestigung-satteldach-photovoltaik-solarpanel-halterung-montage-set-ziegeldach-satteldach-befestigung-fuer-1-20-module-mit-35mm-rahmen_149800_6238;https://cdn03.plentyone.com/iidhyn1xr43q/item/images/149800/full/Set-4_1.jpg;Solarenergie > Haus-Montage;JWS;False;1;2026-09-16T11:54:57+00:00
NEW-4709;Photovoltaik Solarpanel Halterung Montage Set Ziegeldach Befestigung Satteldach Photovoltaik Solarpanel Halterung Montage Set Ziegeldach Satteldach Befestigung für 1-20 Module mit 35mm Rahmen;494.9;494.9;False;0.0;True;boolean;Sofort versandfertig, Lieferzeit 48h;2;1000;https://www.jws-store.de/photovoltaik-solarpanel-halterung-montage-set-ziegeldach-befestigung-satteldach-photovoltaik-solarpanel-halterung-montage-set-ziegeldach-satteldach-befestigung-fuer-1-20-module-mit-35mm-rahmen_149800_6233;https://cdn03.plentyone.com/iidhyn1xr43q/item/images/149800/full/Set-4_1.jpg;Solarenergie > Haus-Montage;JWS;False;1;2026-09-16T11:54:57+00:00
NEW-4704;Photovoltaik Solarpanel Halterung Montage Set Ziegeldach Befestigung Satteldach Photovoltaik Solarpanel Halterung Montage Set Ziegeldach Satteldach Befestigung für 1-20 Module mit 35mm Rahmen;319.9;319.9;False;0.0;True;boolean;Sofort versandfertig, Lieferzeit 48h;2;1000;https://www.jws-store.de/photovoltaik-solarpanel-halterung-montage-set-ziegeldach-befestigung-satteldach-photovoltaik-solarpanel-halterung-montage-set-ziegeldach-satteldach-befestigung-fuer-1-20-module-mit-35mm-rahmen_149800_6228;https://cdn03.plentyone.com/iidhyn1xr43q/item/images/149800/full/Set-4_1.jpg;Solarenergie > Haus-Montage;JWS;False;1;2026-09-16T11:54:57+00:00
NEW-4699;Photovoltaik Solarpanel Halterung Montage Set Ziegeldach Befestigung Satteldach Photovoltaik Solarpanel Halterung Montage Set Ziegeldach Satteldach Befestigung für 1-20 Module mit 35mm Rahmen;144.9;144.9;False;0.0;True;boolean;Sofort versandfertig, Lieferzeit 48h;2;1000;https://www.jws-store.de/photovoltaik-solarpanel-halterung-montage-set-ziegeldach-befestigung-satteldach-photovoltaik-solarpanel-halterung-montage-set-ziegeldach-satteldach-befestigung-fuer-1-20-module-mit-35mm-rahmen_149800_6223;https://cdn03.plentyone.com/iidhyn1xr43q/item/images/149800/full/Set-4_1.jpg;Solarenergie > Haus-Montage;JWS;False;1;2026-09-16T11:54:57+00:00
NEW-4715;Photovoltaik Solarpanel Halterung Montage Set Ziegeldach Befestigung Satteldach Photovoltaik Solarpanel Halterung Montage Set Ziegeldach Satteldach Befestigung für 1-20 Module mit 35mm Rahmen;704.9;704.9;False;0.0;True;boolean;Sofort versandfertig, Lieferzeit 48h;2;1000;https://www.jws-store.de/photovoltaik-solarpanel-halterung-montage-set-ziegeldach-befestigung-satteldach-photovoltaik-solarpanel-halterung-montage-set-ziegeldach-satteldach-befestigung-fuer-1-20-module-mit-35mm-rahmen_149800_6239;https://cdn03.plentyone.com/iidhyn1xr43q/item/images/149800/full/Set-4_1.jpg;Solarenergie > Haus-Montage;JWS;False;1;2026-09-16T11:54:57+00:00
NEW-4710;Photovoltaik Solarpanel Halterung Montage Set Ziegeldach Befestigung Satteldach Photovoltaik Solarpanel Halterung Montage Set Ziegeldach Satteldach Befestigung für 1-20 Module mit 35mm Rahmen;529.9;529.9;False;0.0;True;boolean;Sofort versandfertig, Lieferzeit 48h;2;1000;https://www.jws-store.de/photovoltaik-solarpanel-halterung-montage-set-ziegeldach-befestigung-satteldach-photovoltaik-solarpanel-halterung-montage-set-ziegeldach-satteldach-befestigung-fuer-1-20-module-mit-35mm-rahmen_149800_6234;https://cdn03.plentyone.com/iidhyn1xr43q/item/images/149800/full/Set-4_1.jpg;Solarenergie > Haus-Montage;JWS;False;1;2026-09-16T11:54:57+00:00
NEW-4705;Photovoltaik Solarpanel Halterung Montage Set Ziegeldach Befestigung Satteldach Photovoltaik Solarpanel Halterung Montage Set Ziegeldach Satteldach Befestigung für 1-20 Module mit 35mm Rahmen;354.9;354.9;False;0.0;True;boolean;Sofort versandfertig, Lieferzeit 48h;2;1000;https://www.jws-store.de/photovoltaik-solarpanel-halterung-montage-set-ziegeldach-befestigung-satteldach-photovoltaik-solarpanel-halterung-montage-set-ziegeldach-satteldach-befestigung-fuer-1-20-module-mit-35mm-rahmen_149800_6229;https://cdn03.plentyone.com/iidhyn1xr43q/item/images/149800/full/Set-4_1.jpg;Solarenergie > Haus-Montage;JWS;False;1;2026-09-16T11:54:57+00:00
NEW-4700;Photovoltaik Solarpanel Halterung Montage Set Ziegeldach Befestigung Satteldach Photovoltaik Solarpanel Halterung Montage Set Ziegeldach Satteldach Befestigung für 1-20 Module mit 35mm Rahmen;179.9;179.9;False;0.0;True;boolean;Sofort versandfertig, Lieferzeit 48h;2;1000;https://www.jws-store.de/photovoltaik-solarpanel-halterung-montage-set-ziegeldach-befestigung-satteldach-photovoltaik-solarpanel-halterung-montage-set-ziegeldach-satteldach-befestigung-fuer-1-20-module-mit-35mm-rahmen_149800_6224;https://cdn03.plentyone.com/iidhyn1xr43q/item/images/149800/full/Set-4_1.jpg;Solarenergie > Haus-Montage;JWS;False;1;2026-09-16T11:54:57+00:00
149800.;Photovoltaik Solarpanel Halterung Montage Set Ziegeldach Befestigung Satteldach Photovoltaik Solarpanel Halterung Montage Set Ziegeldach Satteldach Befestigung für 1-20 Module mit 35mm Rahmen;39.9;39.9;False;0.0;True;boolean;Sofort versandfertig, Lieferzeit 48h;2;1000;https://www.jws-store.de/photovoltaik-solarpanel-halterung-montage-set-ziegeldach-befestigung-satteldach-photovoltaik-solarpanel-halterung-montage-set-ziegeldach-satteldach-befestigung-fuer-1-20-module-mit-35mm-rahmen_149800_6195;https://cdn03.plentyone.com/iidhyn1xr43q/item/images/149800/full/Set-4_1.jpg;Solarenergie > Haus-Montage;JWS;False;1;2026-09-16T11:54:57+00:00
NEW-4711;Photovoltaik Solarpanel Halterung Montage Set Ziegeldach Befestigung Satteldach Photovoltaik Solarpanel Halterung Montage Set Ziegeldach Satteldach Befestigung für 1-20 Module mit 35mm Rahmen;564.9;564.9;False;0.0;True;boolean;Sofort versandfertig, Lieferzeit 48h;2;1000;https://www.jws-store.de/photovoltaik-solarpanel-halterung-montage-set-ziegeldach-befestigung-satteldach-photovoltaik-solarpanel-halterung-montage-set-ziegeldach-satteldach-befestigung-fuer-1-20-module-mit-35mm-rahmen_149800_6235;https://cdn03.plentyone.com/iidhyn1xr43q/item/images/149800/full/Set-4_1.jpg;Solarenergie > Haus-Montage;JWS;False;1;2026-09-16T11:54:57+00:00
NEW-4706;Photovoltaik Solarpanel Halterung Montage Set Ziegeldach Befestigung Satteldach Photovoltaik Solarpanel Halterung Montage Set Ziegeldach Satteldach Befestigung für 1-20 Module mit 35mm Rahmen;389.9;389.9;False;0.0;True;boolean;Sofort versandfertig, Lieferzeit 48h;2;1000;https://www.jws-store.de/photovoltaik-solarpanel-halterung-montage-set-ziegeldach-befestigung-satteldach-photovoltaik-solarpanel-halterung-montage-set-ziegeldach-satteldach-befestigung-fuer-1-20-module-mit-35mm-rahmen_149800_6230;https://cdn03.plentyone.com/iidhyn1xr43q/item/images/149800/full/Set-4_1.jpg;Solarenergie > Haus-Montage;JWS;False;1;2026-09-16T11:54:57+00:00
NEW-4701;Photovoltaik Solarpanel Halterung Montage Set Ziegeldach Befestigung Satteldach Photovoltaik Solarpanel Halterung Montage Set Ziegeldach Satteldach Befestigung für 1-20 Module mit 35mm Rahmen;214.9;214.9;False;0.0;True;boolean;Sofort versandfertig, Lieferzeit 48h;2;1000;https://www.jws-store.de/photovoltaik-solarpanel-halterung-montage-set-ziegeldach-befestigung-satteldach-photovoltaik-solarpanel-halterung-montage-set-ziegeldach-satteldach-befestigung-fuer-1-20-module-mit-35mm-rahmen_149800_6225;https://cdn03.plentyone.com/iidhyn1xr43q/item/images/149800/full/Set-4_1.jpg;Solarenergie > Haus-Montage;JWS;False;1;2026-09-16T11:54:57+00:00
NEW-4696;Photovoltaik Solarpanel Halterung Montage Set Ziegeldach Befestigung Satteldach Photovoltaik Solarpanel Halterung Montage Set Ziegeldach Satteldach Befestigung für 1-20 Module mit 35mm Rahmen;39.9;39.9;False;0.0;True;boolean;Sofort versandfertig, Lieferzeit 48h;2;1000;https://www.jws-store.de/photovoltaik-solarpanel-halterung-montage-set-ziegeldach-befestigung-satteldach-photovoltaik-solarpanel-halterung-montage-set-ziegeldach-satteldach-befestigung-fuer-1-20-module-mit-35mm-rahmen_149800_6220;https://cdn03.plentyone.com/iidhyn1xr43q/item/images/149800/full/Set-4_1.jpg;Solarenergie > Haus-Montage;JWS;False;1;2026-09-16T11:54:57+00:00
NEW-4712;Photovoltaik Solarpanel Halterung Montage Set Ziegeldach Befestigung Satteldach Photovoltaik Solarpanel Halterung Montage Set Ziegeldach Satteldach Befestigung für 1-20 Module mit 35mm Rahmen;599.9;599.9;False;0.0;True;boolean;Sofort versandfertig, Lieferzeit 48h;2;1000;https://www.jws-store.de/photovoltaik-solarpanel-halterung-montage-set-ziegeldach-befestigung-satteldach-photovoltaik-solarpanel-halterung-montage-set-ziegeldach-satteldach-befestigung-fuer-1-20-module-mit-35mm-rahmen_149800_6236;https://cdn03.plentyone.com/iidhyn1xr43q/item/images/149800/full/Set-4_1.jpg;Solarenergie > Haus-Montage;JWS;False;1;2026-09-16T11:54:57+00:00
10x149600;Profilverbinder Schiene Alu Photovoltaik Solarhalterungen Verbinder Montage;16.9;16.9;False;0.0;True;boolean;Sofort versandfertig, Lieferzeit 48h;2;1000;https://www.jws-store.de/profilverbinder-schiene-alu-photovoltaik-solarhalterungen-verbinder-montage_149600_5356;https://cdn03.plentyone.com/iidhyn1xr43q/item/images/149600/full/11-pxo.jpg;Solarenergie > Haus-Montage;JWS;False;1;2026-09-16T11:54:57+00:00
149600;Profilverbinder Schiene Alu Photovoltaik Solarhalterungen Verbinder Montage;1.79;1.79;False;0.0;True;boolean;Sofort versandfertig, Lieferzeit 48h;2;1000;https://www.jws-store.de/profilverbinder-schiene-alu-photovoltaik-solarhalterungen-verbinder-montage_149600_5354;https://cdn03.plentyone.com/iidhyn1xr43q/item/images/149600/full/11-pxo.jpg;Solarenergie > Haus-Montage;JWS;False;1;2026-09-16T11:54:57+00:00
1x149600;Profilverbinder Schiene Alu Photovoltaik Solarhalterungen Verbinder Montage;1.79;1.79;False;0.0;True;boolean;Sofort versandfertig, Lieferzeit 48h;2;1000;https://www.jws-store.de/profilverbinder-schiene-alu-photovoltaik-solarhalterungen-verbinder-montage_149600_5355;https://cdn03.plentyone.com/iidhyn1xr43q/item/images/149600/full/11-pxo.jpg;Solarenergie > Haus-Montage;JWS;False;1;2026-09-16T11:54:57+00:00
239000;Solar Halterung für Solarpanel Aufständerung 2Set Flachdach 118 cm PV Solarmodul;49.9;49.9;False;0.0;True;boolean;Sofort versandfertig, Lieferzeit 48h;2;1000;https://www.jws-store.de/solarenergie/haus-montage/solarhalterung-befestigung-verstellbar-1150mm-passend-300watt-module-2er-set_239000_6181;https://cdn03.plentyone.com/iidhyn1xr43q/item/images/239000/full/Flachdachhalterung.jpg;Solarenergie > Haus-Montage;;False;1;2026-09-16T11:54:57+00:00
149020;Solarhalterung Alu Profil Aluprofil 40x40 mm Systemprofil Solar Montage Schiene;39.9;39.9;False;0.0;True;boolean;Sofort versandfertig, Lieferzeit 48h;2;1000;https://www.jws-store.de/solarenergie/dach-montage/aluprofile-profile-alu-solarhalterungen-pv-halterung-400mm-420mm_149000_5658;https://cdn03.plentyone.com/iidhyn1xr43q/item/images/149000/full/Aluprofil.jpg;Solarenergie > Haus-Montage;;False;1;2026-09-16T11:54:57+00:00
149010;Solarhalterung Alu Profil Aluprofil 40x40 mm Systemprofil Solar Montage Schiene;5.9;16.9;True;65.09;True;boolean;Sofort versandfertig, Lieferzeit 48h;2;1000;https://www.jws-store.de/solarenergie/dach-montage/aluprofile-profile-alu-solarhalterungen-pv-halterung-400mm-420mm_149000_5851;https://cdn03.plentyone.com/iidhyn1xr43q/item/images/149000/full/Aluprofil.jpg;Solarenergie > Haus-Montage;;False;1;2026-09-16T11:54:57+00:00
149040;Solarhalterung Alu Profil Aluprofil 40x40 mm Systemprofil Solar Montage Schiene;49.9;49.9;False;0.0;True;boolean;Sofort versandfertig, Lieferzeit 48h;2;1000;https://www.jws-store.de/solarenergie/dach-montage/aluprofile-profile-alu-solarhalterungen-pv-halterung-400mm-420mm_149000_5296;https://cdn03.plentyone.com/iidhyn1xr43q/item/images/149000/full/Aluprofil.jpg;Solarenergie > Haus-Montage;;False;1;2026-09-16T11:54:57+00:00
149000;Solarhalterung Alu Profil Aluprofil 40x40 mm Systemprofil Solar Montage Schiene;39.9;39.9;False;0.0;True;boolean;Sofort versandfertig, Lieferzeit 48h;2;1000;https://www.jws-store.de/solarenergie/dach-montage/aluprofile-profile-alu-solarhalterungen-pv-halterung-400mm-420mm_149000_5295;https://cdn03.plentyone.com/iidhyn1xr43q/item/images/149000/full/Aluprofil.jpg;Solarenergie > Haus-Montage;;False;1;2026-09-16T11:54:57+00:00
261000;Solarhalterungen Aufständerung Flachdach Wandmontage verstellbar 557/712/1150mm;29.9;29.9;False;0.0;True;boolean;Sofort versandfertig, Lieferzeit 48h;2;1000;https://www.jws-store.de/solarhalterungen-aufstaenderung-flachdach-wandmontage-verstellbar-557-680-1150mm_261000_5979;https://cdn03.plentyone.com/iidhyn1xr43q/item/images/261000/full/19-pxo.jpg;Solarenergie > Haus-Montage;;False;1;2026-09-16T11:54:57+00:00
600.;Solarhalterungen Aufständerung Flachdach Wandmontage verstellbar 557/712/1150mm;29.9;29.9;False;0.0;True;boolean;Sofort versandfertig, Lieferzeit 48h;2;1000;https://www.jws-store.de/solarhalterungen-aufstaenderung-flachdach-wandmontage-verstellbar-557-680-1150mm_261000_5983;https://cdn03.plentyone.com/iidhyn1xr43q/item/images/261000/full/19-pxo.jpg;Solarenergie > Haus-Montage;;False;1;2026-09-16T11:54:57+00:00
601.;Solarhalterungen Aufständerung Flachdach Wandmontage verstellbar 557/712/1150mm;34.9;34.9;False;0.0;True;boolean;Sofort versandfertig, Lieferzeit 48h;2;1000;https://www.jws-store.de/solarhalterungen-aufstaenderung-flachdach-wandmontage-verstellbar-557-680-1150mm_261000_5984;https://cdn03.plentyone.com/iidhyn1xr43q/item/images/261000/full/19-pxo.jpg;Solarenergie > Haus-Montage;;False;1;2026-09-16T11:54:57+00:00
602.;Solarhalterungen Aufständerung Flachdach Wandmontage verstellbar 557/712/1150mm;49.9;49.9;False;0.0;True;boolean;Sofort versandfertig, Lieferzeit 48h;2;1000;https://www.jws-store.de/solarhalterungen-aufstaenderung-flachdach-wandmontage-verstellbar-557-680-1150mm_261000_5985;https://cdn03.plentyone.com/iidhyn1xr43q/item/images/261000/full/19-pxo.jpg;Solarenergie > Haus-Montage;;False;1;2026-09-16T11:54:57+00:00
149330..149400;Stockschrauben Adapterplatten 10xSet Edelstahl Sperrzahnmutter Photovoltaik M10;28.9;28.9;False;0.0;True;boolean;Sofort versandfertig, Lieferzeit 48h;2;1000;https://www.jws-store.de/solarenergie/haus-montage/stockschrauben-adapterplatten-10xset-edelstahl-sperrzahnmutter-photovoltaik-m10_149301_6185;https://cdn03.plentyone.com/iidhyn1xr43q/item/images/149301/full/Schrauben-.jpg;Solarenergie > Haus-Montage;JWS;False;1;2026-09-16T11:54:57+00:00
149301;Stockschrauben Adapterplatten 10xSet Edelstahl Sperrzahnmutter Photovoltaik M10;22.9;22.9;False;0.0;True;boolean;Sofort versandfertig, Lieferzeit 48h;2;1000;https://www.jws-store.de/solarenergie/haus-montage/stockschrauben-adapterplatten-10xset-edelstahl-sperrzahnmutter-photovoltaik-m10_149301_6182;https://cdn03.plentyone.com/iidhyn1xr43q/item/images/149301/full/Schrauben-.jpg;Solarenergie > Haus-Montage;JWS;False;1;2026-09-16T11:54:57+00:00
149320..149400;Stockschrauben Adapterplatten 10xSet Edelstahl Sperrzahnmutter Photovoltaik M10;24.9;24.9;False;0.0;True;boolean;Sofort versandfertig, Lieferzeit 48h;2;1000;https://www.jws-store.de/solarenergie/haus-montage/stockschrauben-adapterplatten-10xset-edelstahl-sperrzahnmutter-photovoltaik-m10_149301_6183;https://cdn03.plentyone.com/iidhyn1xr43q/item/images/149301/full/Schrauben-.jpg;Solarenergie > Haus-Montage;JWS;False;1;2026-09-16T11:54:57+00:00
149325..149400;Stockschrauben Adapterplatten 10xSet Edelstahl Sperrzahnmutter Photovoltaik M10;26.9;26.9;False;0.0;True;boolean;Sofort versandfertig, Lieferzeit 48h;2;1000;https://www.jws-store.de/solarenergie/haus-montage/stockschrauben-adapterplatten-10xset-edelstahl-sperrzahnmutter-photovoltaik-m10_149301_6184;https://cdn03.plentyone.com/iidhyn1xr43q/item/images/149301/full/Schrauben-.jpg;Solarenergie > Haus-Montage;JWS;False;1;2026-09-16T11:54:57+00:00
10x149325;Stockschrauben Solar Edelstahl Sperrzahnmutter Photovoltaik M10 Adapterplatte;22.9;22.9;False;0.0;True;boolean;Sofort versandfertig, Lieferzeit 48h;2;1000;https://www.jws-store.de/solarenergie/solarpanels-mono-black-edition/stockschraube-vormontiert-edelstahl-sperrzahnmutter-dichtung-mit-ohne-adapterplatte_149300_5322;https://cdn03.plentyone.com/iidhyn1xr43q/item/images/149300/full/Schrauben-Galerie-pxo.jpg;Solarenergie > Haus-Montage;;False;1;2026-09-16T11:54:57+00:00
1x149320;Stockschrauben Solar Edelstahl Sperrzahnmutter Photovoltaik M10 Adapterplatte;1.59;1.59;False;0.0;True;boolean;Sofort versandfertig, Lieferzeit 48h;2;1000;https://www.jws-store.de/solarenergie/solarpanels-mono-black-edition/stockschraube-vormontiert-edelstahl-sperrzahnmutter-dichtung-mit-ohne-adapterplatte_149300_5317;https://cdn03.plentyone.com/iidhyn1xr43q/item/images/149300/full/Schrauben-Galerie-pxo.jpg;Solarenergie > Haus-Montage;;False;1;2026-09-16T11:54:57+00:00
1x149330_149400;Stockschrauben Solar Edelstahl Sperrzahnmutter Photovoltaik M10 Adapterplatte;3.29;3.29;False;0.0;True;boolean;Sofort versandfertig, Lieferzeit 48h;2;1000;https://www.jws-store.de/solarenergie/solarpanels-mono-black-edition/stockschraube-vormontiert-edelstahl-sperrzahnmutter-dichtung-mit-ohne-adapterplatte_149300_5323;https://cdn03.plentyone.com/iidhyn1xr43q/item/images/149300/full/Schrauben-Galerie-pxo.jpg;Solarenergie > Haus-Montage;;False;1;2026-09-16T11:54:57+00:00
10x149320;Stockschrauben Solar Edelstahl Sperrzahnmutter Photovoltaik M10 Adapterplatte;19.9;19.9;False;0.0;True;boolean;Sofort versandfertig, Lieferzeit 48h;2;1000;https://www.jws-store.de/solarenergie/solarpanels-mono-black-edition/stockschraube-vormontiert-edelstahl-sperrzahnmutter-dichtung-mit-ohne-adapterplatte_149300_5318;https://cdn03.plentyone.com/iidhyn1xr43q/item/images/149300/full/Schrauben-Galerie-pxo.jpg;Solarenergie > Haus-Montage;;False;1;2026-09-16T11:54:57+00:00
10x149330_149400;Stockschrauben Solar Edelstahl Sperrzahnmutter Photovoltaik M10 Adapterplatte;32.9;32.9;False;0.0;True;boolean;Sofort versandfertig, Lieferzeit 48h;2;1000;https://www.jws-store.de/solarenergie/solarpanels-mono-black-edition/stockschraube-vormontiert-edelstahl-sperrzahnmutter-dichtung-mit-ohne-adapterplatte_149300_5324;https://cdn03.plentyone.com/iidhyn1xr43q/item/images/149300/full/Schrauben-Galerie-pxo.jpg;Solarenergie > Haus-Montage;;False;1;2026-09-16T11:54:57+00:00
1x149325_149400;Stockschrauben Solar Edelstahl Sperrzahnmutter Photovoltaik M10 Adapterplatte;3.09;3.09;False;0.0;True;boolean;Sofort versandfertig, Lieferzeit 48h;2;1000;https://www.jws-store.de/solarenergie/solarpanels-mono-black-edition/stockschraube-vormontiert-edelstahl-sperrzahnmutter-dichtung-mit-ohne-adapterplatte_149300_5319;https://cdn03.plentyone.com/iidhyn1xr43q/item/images/149300/full/Schrauben-Galerie-pxo.jpg;Solarenergie > Haus-Montage;;False;1;2026-09-16T11:54:57+00:00
1x149330;Stockschrauben Solar Edelstahl Sperrzahnmutter Photovoltaik M10 Adapterplatte;2.49;2.49;False;0.0;True;boolean;Sofort versandfertig, Lieferzeit 48h;2;1000;https://www.jws-store.de/solarenergie/solarpanels-mono-black-edition/stockschraube-vormontiert-edelstahl-sperrzahnmutter-dichtung-mit-ohne-adapterplatte_149300_5325;https://cdn03.plentyone.com/iidhyn1xr43q/item/images/149300/full/Schrauben-Galerie-pxo.jpg;Solarenergie > Haus-Montage;;False;1;2026-09-16T11:54:57+00:00
10x149325_149400;Stockschrauben Solar Edelstahl Sperrzahnmutter Photovoltaik M10 Adapterplatte;29.9;29.9;False;0.0;True;boolean;Sofort versandfertig, Lieferzeit 48h;2;1000;https://www.jws-store.de/solarenergie/solarpanels-mono-black-edition/stockschraube-vormontiert-edelstahl-sperrzahnmutter-dichtung-mit-ohne-adapterplatte_149300_5320;https://cdn03.plentyone.com/iidhyn1xr43q/item/images/149300/full/Schrauben-Galerie-pxo.jpg;Solarenergie > Haus-Montage;;False;1;2026-09-16T11:54:57+00:00
1x149320_149400;Stockschrauben Solar Edelstahl Sperrzahnmutter Photovoltaik M10 Adapterplatte;2.89;2.89;False;0.0;True;boolean;Sofort versandfertig, Lieferzeit 48h;2;1000;https://www.jws-store.de/solarenergie/solarpanels-mono-black-edition/stockschraube-vormontiert-edelstahl-sperrzahnmutter-dichtung-mit-ohne-adapterplatte_149300_5315;https://cdn03.plentyone.com/iidhyn1xr43q/item/images/149300/full/Schrauben-Galerie-pxo.jpg;Solarenergie > Haus-Montage;;False;1;2026-09-16T11:54:57+00:00
10x149330;Stockschrauben Solar Edelstahl Sperrzahnmutter Photovoltaik M10 Adapterplatte;24.9;24.9;False;0.0;True;boolean;Sofort versandfertig, Lieferzeit 48h;2;1000;https://www.jws-store.de/solarenergie/solarpanels-mono-black-edition/stockschraube-vormontiert-edelstahl-sperrzahnmutter-dichtung-mit-ohne-adapterplatte_149300_5326;https://cdn03.plentyone.com/iidhyn1xr43q/item/images/149300/full/Schrauben-Galerie-pxo.jpg;Solarenergie > Haus-Montage;;False;1;2026-09-16T11:54:57+00:00
1x149325;Stockschrauben Solar Edelstahl Sperrzahnmutter Photovoltaik M10 Adapterplatte;2.29;2.29;False;0.0;True;boolean;Sofort versandfertig, Lieferzeit 48h;2;1000;https://www.jws-store.de/solarenergie/solarpanels-mono-black-edition/stockschraube-vormontiert-edelstahl-sperrzahnmutter-dichtung-mit-ohne-adapterplatte_149300_5321;https://cdn03.plentyone.com/iidhyn1xr43q/item/images/149300/full/Schrauben-Galerie-pxo.jpg;Solarenergie > Haus-Montage;;False;1;2026-09-16T11:54:57+00:00
10x149320_149400;Stockschrauben Solar Edelstahl Sperrzahnmutter Photovoltaik M10 Adapterplatte;28.9;28.9;False;0.0;True;boolean;Sofort versandfertig, Lieferzeit 48h;2;1000;https://www.jws-store.de/solarenergie/solarpanels-mono-black-edition/stockschraube-vormontiert-edelstahl-sperrzahnmutter-dichtung-mit-ohne-adapterplatte_149300_5316;https://cdn03.plentyone.com/iidhyn1xr43q/item/images/149300/full/Schrauben-Galerie-pxo.jpg;Solarenergie > Haus-Montage;;False;1;2026-09-16T11:54:57+00:00
1064;30A Laderegler 12V 24V Solarregler NEU;29.9;29.9;False;0.0;True;boolean;Sofort versandfertig, Lieferzeit 48h;2;1000;https://www.jws-store.de/solarenergie/laderegler/30a-laderegler-12v-24v-solarregler-neu_1064_1316;https://cdn03.plentyone.com/iidhyn1xr43q/item/images/1064/full/1064-Laderegler30Ampere.jpg;Solarenergie > Laderegler und Spannungswandler;JWS;False;1;2026-09-16T11:54:57+00:00
1280;Display Fernbedienung MT50 für Laderegler;39.9;39.9;False;0.0;True;boolean;Sofort versandfertig, Lieferzeit 48h;2;1000;https://www.jws-store.de/display-fernbedienung-mt50-fuer-laderegler_1280_1405;https://cdn03.plentyone.com/iidhyn1xr43q/item/images/1280/full/Display-laderegler-MT50.jpg;Solarenergie > Laderegler und Spannungswandler;JWS;False;1;2026-09-16T11:54:57+00:00
1501;Display Fernbedienung für MPPT Laderegler;44.9;44.9;False;0.0;True;boolean;Sofort versandfertig, Lieferzeit 48h;2;0;https://www.jws-store.de/display-fernbedienung-fuer-mppt-laderegler_1501_2790;https://cdn03.plentyone.com/iidhyn1xr43q/item/images/1501/full/RM-4-pxo.jpg;Solarenergie > Laderegler und Spannungswandler;JWS;False;1;2026-09-16T11:54:57+00:00
1285;MPPT Solar Laderegler Controller 20 A Ampere 12 V 24 V 48 Volt Regler;119.9;119.9;False;0.0;True;boolean;Sofort versandfertig, Lieferzeit 48h;2;1000;https://www.jws-store.de/laderegler/mppt-solar-laderegler-controller-20-a-ampere-12-v-24-v-48-volt-regler-display_1285_1410;https://cdn03.plentyone.com/iidhyn1xr43q/item/images/1285/full/1.jpg;Solarenergie > Laderegler und Spannungswandler;JWS;False;1;2026-09-16T11:54:57+00:00
1286;MPPT Solar Laderegler Controller 30 A Ampere 12 V 24 V 48 Volt Regler;149.9;149.9;False;0.0;True;boolean;Sofort versandfertig, Lieferzeit 48h;2;1000;https://www.jws-store.de/solarenergie/laderegler/mppt-solar-laderegler-controller-30-a-ampere-12-v-24-v-48-volt-regler-display_1286_1411;https://cdn03.plentyone.com/iidhyn1xr43q/item/images/1286/full/1.jpg;Solarenergie > Laderegler und Spannungswandler;JWS;False;1;2026-09-16T11:54:57+00:00
1287;MPPT Solar Laderegler Controller 40 A Ampere 12 V 24 V 48 Volt Regler;189.9;189.9;False;0.0;True;boolean;Sofort versandfertig, Lieferzeit 48h;2;1000;https://www.jws-store.de/laderegler/mppt-solar-laderegler-controller-40-a-ampere-12-v-24-v-48-volt-regler-display_1287_1412;https://cdn03.plentyone.com/iidhyn1xr43q/item/images/1287/full/1.jpg;Solarenergie > Laderegler und Spannungswandler;JWS;False;1;2026-09-16T11:54:57+00:00
1520.;MPPT Solar PV Laderegler 12 V 24V Volt Controller Regler Solarregler;84.9;84.9;False;0.0;True;boolean;Sofort versandfertig, Lieferzeit 48h;2;1000;https://www.jws-store.de/mppt-solar-pv-laderegler-12-v-24-v-volt-mit-display-controller-regler_1500_2799;https://cdn03.plentyone.com/iidhyn1xr43q/item/images/1500/full/Laderegler-galerie.jpg;Solarenergie > Laderegler und Spannungswandler;JWS;False;1;2026-09-16T11:54:57+00:00
1510_1501;MPPT Solar PV Laderegler 12 V 24V Volt Controller Regler Solarregler;119.9;119.9;False;0.0;True;boolean;Sofort versandfertig, Lieferzeit 48h;2;1000;https://www.jws-store.de/mppt-solar-pv-laderegler-12-v-24-v-volt-mit-display-controller-regler_1500_2802;https://cdn03.plentyone.com/iidhyn1xr43q/item/images/1500/full/Laderegler-galerie.jpg;Solarenergie > Laderegler und Spannungswandler;JWS;False;1;2026-09-16T11:54:57+00:00
1520_1501;MPPT Solar PV Laderegler 12 V 24V Volt Controller Regler Solarregler;129.9;129.9;False;0.0;True;boolean;Sofort versandfertig, Lieferzeit 48h;2;1000;https://www.jws-store.de/mppt-solar-pv-laderegler-12-v-24-v-volt-mit-display-controller-regler_1500_2803;https://cdn03.plentyone.com/iidhyn1xr43q/item/images/1500/full/Laderegler-galerie.jpg;Solarenergie > Laderegler und Spannungswandler;JWS;False;1;2026-09-16T11:54:57+00:00
1500;MPPT Solar PV Laderegler 12 V 24V Volt Controller Regler Solarregler;74.9;74.9;False;0.0;True;boolean;Sofort versandfertig, Lieferzeit 48h;2;1000;https://www.jws-store.de/mppt-solar-pv-laderegler-12-v-24-v-volt-mit-display-controller-regler_1500_2797;https://cdn03.plentyone.com/iidhyn1xr43q/item/images/1500/full/Laderegler-galerie.jpg;Solarenergie > Laderegler und Spannungswandler;JWS;False;1;2026-09-16T11:54:57+00:00
1510.;MPPT Solar PV Laderegler 12 V 24V Volt Controller Regler Solarregler;74.9;74.9;False;0.0;True;boolean;Sofort versandfertig, Lieferzeit 48h;2;1000;https://www.jws-store.de/mppt-solar-pv-laderegler-12-v-24-v-volt-mit-display-controller-regler_1500_2798;https://cdn03.plentyone.com/iidhyn1xr43q/item/images/1500/full/Laderegler-galerie.jpg;Solarenergie > Laderegler und Spannungswandler;JWS;False;1;2026-09-16T11:54:57+00:00
145000;Pocket Wifi 2.0 Solax Pocket Wifi WLAN Stick Wechselrichter;59.9;59.9;False;0.0;True;boolean;Sofort versandfertig, Lieferzeit 48h;2;1000;https://www.jws-store.de/solarenergie/laderegler/pocket-wifi-2-0_145000_5441;https://cdn03.plentyone.com/iidhyn1xr43q/item/images/145000/full/pocket-wifi-1.png;Solarenergie > Laderegler und Spannungswandler;;False;1;2026-09-16T11:54:57+00:00
1295.;Solar Laderegler 20 30 50 60A 12 V 24 V Volt mit Display Controller Regler;45.9;45.9;False;0.0;True;boolean;Sofort versandfertig, Lieferzeit 48h;2;1000;https://www.jws-store.de/solarenergie/laderegler/solar-laderegler-20-a-ampere-12-v-24-v-volt-mit-display-controller-regler_1298_5229;https://cdn03.plentyone.com/iidhyn1xr43q/item/images/1298/full/-DSC0038-pxo.jpg;Solarenergie > Laderegler und Spannungswandler;JWS;False;1;2026-09-16T11:54:57+00:00
1296.;Solar Laderegler 20 30 50 60A 12 V 24 V Volt mit Display Controller Regler;55.9;55.9;False;0.0;True;boolean;Sofort versandfertig, Lieferzeit 48h;2;1000;https://www.jws-store.de/solarenergie/laderegler/solar-laderegler-20-a-ampere-12-v-24-v-volt-mit-display-controller-regler_1298_5230;https://cdn03.plentyone.com/iidhyn1xr43q/item/images/1298/full/-DSC0038-pxo.jpg;Solarenergie > Laderegler und Spannungswandler;JWS;False;1;2026-09-16T11:54:57+00:00
1298;Solar Laderegler 20 30 50 60A 12 V 24 V Volt mit Display Controller Regler;25.9;25.9;False;0.0;True;boolean;Sofort versandfertig, Lieferzeit 48h;2;1000;https://www.jws-store.de/solarenergie/laderegler/solar-laderegler-20-a-ampere-12-v-24-v-volt-mit-display-controller-regler_1298_5226;https://cdn03.plentyone.com/iidhyn1xr43q/item/images/1298/full/-DSC0038-pxo.jpg;Solarenergie > Laderegler und Spannungswandler;JWS;False;1;2026-09-16T11:54:57+00:00
1293.;Solar Laderegler 20 30 50 60A 12 V 24 V Volt mit Display Controller Regler;25.9;25.9;False;0.0;True;boolean;Sofort versandfertig, Lieferzeit 48h;2;1000;https://www.jws-store.de/solarenergie/laderegler/solar-laderegler-20-a-ampere-12-v-24-v-volt-mit-display-controller-regler_1298_5227;https://cdn03.plentyone.com/iidhyn1xr43q/item/images/1298/full/-DSC0038-pxo.jpg;Solarenergie > Laderegler und Spannungswandler;JWS;False;1;2026-09-16T11:54:57+00:00
1294.;Solar Laderegler 20 30 50 60A 12 V 24 V Volt mit Display Controller Regler;35.9;35.9;False;0.0;True;boolean;Sofort versandfertig, Lieferzeit 48h;2;1000;https://www.jws-store.de/solarenergie/laderegler/solar-laderegler-20-a-ampere-12-v-24-v-volt-mit-display-controller-regler_1298_5228;https://cdn03.plentyone.com/iidhyn1xr43q/item/images/1298/full/-DSC0038-pxo.jpg;Solarenergie > Laderegler und Spannungswandler;JWS;False;1;2026-09-16T11:54:57+00:00
1271;Solar Laderegler MPPT 10A automatische Erkennung 12V 24V Controller;69.9;69.9;False;0.0;True;boolean;Sofort versandfertig, Lieferzeit 48h;2;1000;https://www.jws-store.de/solarenergie/laderegler/solar-laderegler-mppt-10a-automatische-erkennung-12-24v-controller-mit-display_1271_1399;https://cdn03.plentyone.com/iidhyn1xr43q/item/images/1271/full/IMG2-1-10A-pxo.jpg;Solarenergie > Laderegler und Spannungswandler;JWS;False;1;2026-09-16T11:54:57+00:00
1272;Solar Laderegler MPPT 20A automatische Erkennung 12V 24V Controller;99.9;99.9;False;0.0;True;boolean;Sofort versandfertig, Lieferzeit 48h;2;1000;https://www.jws-store.de/solarenergie/laderegler/solar-laderegler-mppt-20a-automatische-erkennung-12v-24v-controller-mit-display_1272_1400;https://cdn03.plentyone.com/iidhyn1xr43q/item/images/1272/full/IMG2-1-20A-pxo.jpg;Solarenergie > Laderegler und Spannungswandler;JWS;False;1;2026-09-16T11:54:57+00:00
161000;Solar Laderegler PWM automatische Erkennung 12/24V Controller Photovoltaik USB;29.9;29.9;False;0.0;True;boolean;Sofort versandfertig, Lieferzeit 48h;2;0;https://www.jws-store.de/solarenergie/laderegler/solar-laderegler-pwm-automatische-erkennung-12-24v-controller-photovoltaik-usb_161000_5846;https://cdn03.plentyone.com/iidhyn1xr43q/item/images/161000/full/OD-2.jpg;Solarenergie > Laderegler und Spannungswandler;;False;1;2026-09-16T11:54:57+00:00
161010;Solar Laderegler PWM automatische Erkennung 12/24V Controller Photovoltaik USB;29.9;29.9;False;0.0;True;boolean;Sofort versandfertig, Lieferzeit 48h;2;0;https://www.jws-store.de/solarenergie/laderegler/solar-laderegler-pwm-automatische-erkennung-12-24v-controller-photovoltaik-usb_161000_5847;https://cdn03.plentyone.com/iidhyn1xr43q/item/images/161000/full/OD-2.jpg;Solarenergie > Laderegler und Spannungswandler;;False;1;2026-09-16T11:54:57+00:00
161020;Solar Laderegler PWM automatische Erkennung 12/24V Controller Photovoltaik USB;34.9;34.9;False;0.0;True;boolean;Sofort versandfertig, Lieferzeit 48h;2;0;https://www.jws-store.de/solarenergie/laderegler/solar-laderegler-pwm-automatische-erkennung-12-24v-controller-photovoltaik-usb_161000_5848;https://cdn03.plentyone.com/iidhyn1xr43q/item/images/161000/full/OD-2.jpg;Solarenergie > Laderegler und Spannungswandler;;False;1;2026-09-16T11:54:57+00:00
161030;Solar Laderegler PWM automatische Erkennung 12/24V Controller Photovoltaik USB;39.9;39.9;False;0.0;True;boolean;Sofort versandfertig, Lieferzeit 48h;2;0;https://www.jws-store.de/solarenergie/laderegler/solar-laderegler-pwm-automatische-erkennung-12-24v-controller-photovoltaik-usb_161000_5849;https://cdn03.plentyone.com/iidhyn1xr43q/item/images/161000/full/OD-2.jpg;Solarenergie > Laderegler und Spannungswandler;;False;1;2026-09-16T11:54:57+00:00
161040;Solar Laderegler PWM automatische Erkennung 12/24V Controller Photovoltaik USB;44.9;44.9;False;0.0;True;boolean;Sofort versandfertig, Lieferzeit 48h;2;0;https://www.jws-store.de/solarenergie/laderegler/solar-laderegler-pwm-automatische-erkennung-12-24v-controller-photovoltaik-usb_161000_5850;https://cdn03.plentyone.com/iidhyn1xr43q/item/images/161000/full/OD-2.jpg;Solarenergie > Laderegler und Spannungswandler;;False;1;2026-09-16T11:54:57+00:00
1292.;Solar PV Laderegler 12 V 24 V Volt mit Display Controller Regler;89.9;89.9;False;0.0;True;boolean;Sofort versandfertig, Lieferzeit 48h;2;0;https://www.jws-store.de/solar-pv-laderegler-12-v-24-v-volt-mit-display-controller-regler_4400_2777;https://cdn03.plentyone.com/iidhyn1xr43q/item/images/4400/full/10A.jpg;Solarenergie > Laderegler und Spannungswandler;JWS;False;1;2026-09-16T11:54:57+00:00
1288.;Solar PV Laderegler 12 V 24 V Volt mit Display Controller Regler;25.9;25.9;False;0.0;True;boolean;Sofort versandfertig, Lieferzeit 48h;2;0;https://www.jws-store.de/solar-pv-laderegler-12-v-24-v-volt-mit-display-controller-regler_4400_2772;https://cdn03.plentyone.com/iidhyn1xr43q/item/images/4400/full/10A.jpg;Solarenergie > Laderegler und Spannungswandler;JWS;False;1;2026-09-16T11:54:57+00:00
1289.;Solar PV Laderegler 12 V 24 V Volt mit Display Controller Regler;29.9;29.9;False;0.0;True;boolean;Sofort versandfertig, Lieferzeit 48h;2;0;https://www.jws-store.de/solar-pv-laderegler-12-v-24-v-volt-mit-display-controller-regler_4400_2773;https://cdn03.plentyone.com/iidhyn1xr43q/item/images/4400/full/10A.jpg;Solarenergie > Laderegler und Spannungswandler;JWS;False;1;2026-09-16T11:54:57+00:00
1290.;Solar PV Laderegler 12 V 24 V Volt mit Display Controller Regler;39.9;39.9;False;0.0;True;boolean;Sofort versandfertig, Lieferzeit 48h;2;0;https://www.jws-store.de/solar-pv-laderegler-12-v-24-v-volt-mit-display-controller-regler_4400_2774;https://cdn03.plentyone.com/iidhyn1xr43q/item/images/4400/full/10A.jpg;Solarenergie > Laderegler und Spannungswandler;JWS;False;1;2026-09-16T11:54:57+00:00
4401.;Solar PV Laderegler 12 V 24 V Volt mit Display Controller Regler;49.9;49.9;False;0.0;True;boolean;Sofort versandfertig, Lieferzeit 48h;2;0;https://www.jws-store.de/solar-pv-laderegler-12-v-24-v-volt-mit-display-controller-regler_4400_2775;https://cdn03.plentyone.com/iidhyn1xr43q/item/images/4400/full/10A.jpg;Solarenergie > Laderegler und Spannungswandler;JWS;False;1;2026-09-16T11:54:57+00:00
1291.;Solar PV Laderegler 12 V 24 V Volt mit Display Controller Regler;79.9;79.9;False;0.0;True;boolean;Sofort versandfertig, Lieferzeit 48h;2;0;https://www.jws-store.de/solar-pv-laderegler-12-v-24-v-volt-mit-display-controller-regler_4400_2776;https://cdn03.plentyone.com/iidhyn1xr43q/item/images/4400/full/10A.jpg;Solarenergie > Laderegler und Spannungswandler;JWS;False;1;2026-09-16T11:54:57+00:00
4400;Solar PV Laderegler 12 V 24 V Volt mit Display Controller Regler;25.9;25.9;False;0.0;True;boolean;Sofort versandfertig, Lieferzeit 48h;2;0;https://www.jws-store.de/solar-pv-laderegler-12-v-24-v-volt-mit-display-controller-regler_4400_2771;https://cdn03.plentyone.com/iidhyn1xr43q/item/images/4400/full/10A.jpg;Solarenergie > Laderegler und Spannungswandler;JWS;False;1;2026-09-16T11:54:57+00:00
145020.;"Solax 0,6~3,3kW Wechselrichter X1 Plug&amp;amp;Play Solaranlage Inverter Solar 0%MwSt";354.9;354.9;False;0.0;True;boolean;Sofort versandfertig, Lieferzeit 48h;2;0;https://www.jws-store.de/solarenergie/laderegler/solax-0-6-3-3kw-wechselrichter-x1-mini-air-plug-play-solaranlage-inverter-solar_145100_5494;https://cdn03.plentyone.com/iidhyn1xr43q/item/images/145100/full/solax.jpg;Solarenergie > Laderegler und Spannungswandler;;False;1;2026-09-16T11:54:57+00:00
145015.;"Solax 0,6~3,3kW Wechselrichter X1 Plug&amp;amp;Play Solaranlage Inverter Solar 0%MwSt";299.9;299.9;False;0.0;True;boolean;Sofort versandfertig, Lieferzeit 48h;2;0;https://www.jws-store.de/solarenergie/laderegler/solax-0-6-3-3kw-wechselrichter-x1-mini-air-plug-play-solaranlage-inverter-solar_145100_5493;https://cdn03.plentyone.com/iidhyn1xr43q/item/images/145100/full/solax.jpg;Solarenergie > Laderegler und Spannungswandler;;False;1;2026-09-16T11:54:57+00:00
5;Spannungswandler Modifizierter Sinus 12 Volt 1500 Watt;59.9;59.9;False;0.0;True;boolean;Sofort versandfertig, Lieferzeit 48h;2;4000;https://www.jws-store.de/spannungswandler-modifizierter-sinus-12-volt-1500-watt_5_6567;https://cdn03.plentyone.com/iidhyn1xr43q/item/images/5/full/Spannungswandler-2.jpg;Solarenergie > Laderegler und Spannungswandler;JWS;False;1;2026-09-16T11:54:57+00:00
221050;3,7 5,0 7,5kW Hybrid SolaX Set Solaranlage Matebox Speicher Photovoltaikanlage;4599.9;4599.9;False;0.0;True;boolean;Sofort versandfertig, Lieferzeit 48h;2;0;https://www.jws-store.de/solarenergie/solar-sets/3-7-5k-7-5kw-hybrid-solax-set-solaranlage-matebox-spei9cher-photovoltaikanlage_221000_5743;https://cdn03.plentyone.com/iidhyn1xr43q/item/images/221000/full/370W-Schwarz--1-.jpg;Solarenergie > Solar-Sets;;False;1;2026-09-16T11:54:57+00:00
221037_T58;3,7 5,0 7,5kW Hybrid SolaX Set Solaranlage Matebox Speicher Photovoltaikanlage;7199.9;7199.9;False;0.0;True;boolean;Sofort versandfertig, Lieferzeit 48h;2;0;https://www.jws-store.de/solarenergie/solar-sets/3-7-5k-7-5kw-hybrid-solax-set-solaranlage-matebox-spei9cher-photovoltaikanlage_221000_5745;https://cdn03.plentyone.com/iidhyn1xr43q/item/images/221000/full/370W-Schwarz--1-.jpg;Solarenergie > Solar-Sets;;False;1;2026-09-16T11:54:57+00:00
221050_T58;3,7 5,0 7,5kW Hybrid SolaX Set Solaranlage Matebox Speicher Photovoltaikanlage;7949.9;7949.9;False;0.0;True;boolean;Sofort versandfertig, Lieferzeit 48h;2;0;https://www.jws-store.de/solarenergie/solar-sets/3-7-5k-7-5kw-hybrid-solax-set-solaranlage-matebox-spei9cher-photovoltaikanlage_221000_5746;https://cdn03.plentyone.com/iidhyn1xr43q/item/images/221000/full/370W-Schwarz--1-.jpg;Solarenergie > Solar-Sets;;False;1;2026-09-16T11:54:57+00:00
221000;3,7 5,0 7,5kW Hybrid SolaX Set Solaranlage Matebox Speicher Photovoltaikanlage;3849.9;3849.9;False;0.0;True;boolean;Kurzfristig verfügbar, Lieferzeit 4-5 Tage;7;0;https://www.jws-store.de/solarenergie/solar-sets/3-7-5k-7-5kw-hybrid-solax-set-solaranlage-matebox-spei9cher-photovoltaikanlage_221000_5725;https://cdn03.plentyone.com/iidhyn1xr43q/item/images/221000/full/370W-Schwarz--1-.jpg;Solarenergie > Solar-Sets;;False;1;2026-09-16T11:54:57+00:00
221037;3,7 5,0 7,5kW Hybrid SolaX Set Solaranlage Matebox Speicher Photovoltaikanlage;3849.9;3849.9;False;0.0;True;boolean;Sofort versandfertig, Lieferzeit 48h;2;0;https://www.jws-store.de/solarenergie/solar-sets/3-7-5k-7-5kw-hybrid-solax-set-solaranlage-matebox-spei9cher-photovoltaikanlage_221000_5742;https://cdn03.plentyone.com/iidhyn1xr43q/item/images/221000/full/370W-Schwarz--1-.jpg;Solarenergie > Solar-Sets;;False;1;2026-09-16T11:54:57+00:00
215025;370W Mono SolaX Set inkl Montagematerial Satteldach Komplettset Wechselrichter;2319.9;2319.9;False;0.0;True;boolean;Sofort versandfertig, Lieferzeit 48h;2;0;https://www.jws-store.de/solarenergie/dach-montage/370w-mono-solax-set-inkl-montagematerial-satteldach-komplettset-wechselrichter_215000_5780;https://cdn03.plentyone.com/iidhyn1xr43q/item/images/215000/full/370Watt-Set.jpg;Solarenergie > Solar-Sets;;False;1;2026-09-16T11:54:57+00:00
215000;370W Mono SolaX Set inkl Montagematerial Satteldach Komplettset Wechselrichter;979.9;979.9;False;0.0;True;boolean;Sofort versandfertig, Lieferzeit 48h;2;0;https://www.jws-store.de/solarenergie/dach-montage/370w-mono-solax-set-inkl-montagematerial-satteldach-komplettset-wechselrichter_215000_5775;https://cdn03.plentyone.com/iidhyn1xr43q/item/images/215000/full/370Watt-Set.jpg;Solarenergie > Solar-Sets;;False;1;2026-09-16T11:54:57+00:00
215030;370W Mono SolaX Set inkl Montagematerial Satteldach Komplettset Wechselrichter;2859.9;2859.9;False;0.0;True;boolean;Sofort versandfertig, Lieferzeit 48h;2;0;https://www.jws-store.de/solarenergie/dach-montage/370w-mono-solax-set-inkl-montagematerial-satteldach-komplettset-wechselrichter_215000_5781;https://cdn03.plentyone.com/iidhyn1xr43q/item/images/215000/full/370Watt-Set.jpg;Solarenergie > Solar-Sets;;False;1;2026-09-16T11:54:57+00:00
215006;370W Mono SolaX Set inkl Montagematerial Satteldach Komplettset Wechselrichter;979.9;979.9;False;0.0;True;boolean;Sofort versandfertig, Lieferzeit 48h;2;0;https://www.jws-store.de/solarenergie/dach-montage/370w-mono-solax-set-inkl-montagematerial-satteldach-komplettset-wechselrichter_215000_5776;https://cdn03.plentyone.com/iidhyn1xr43q/item/images/215000/full/370Watt-Set.jpg;Solarenergie > Solar-Sets;;False;1;2026-09-16T11:54:57+00:00
215011;370W Mono SolaX Set inkl Montagematerial Satteldach Komplettset Wechselrichter;1289.9;1289.9;False;0.0;True;boolean;Sofort versandfertig, Lieferzeit 48h;2;0;https://www.jws-store.de/solarenergie/dach-montage/370w-mono-solax-set-inkl-montagematerial-satteldach-komplettset-wechselrichter_215000_5777;https://cdn03.plentyone.com/iidhyn1xr43q/item/images/215000/full/370Watt-Set.jpg;Solarenergie > Solar-Sets;;False;1;2026-09-16T11:54:57+00:00
215015;370W Mono SolaX Set inkl Montagematerial Satteldach Komplettset Wechselrichter;1819.9;1819.9;False;0.0;True;boolean;Sofort versandfertig, Lieferzeit 48h;2;0;https://www.jws-store.de/solarenergie/dach-montage/370w-mono-solax-set-inkl-montagematerial-satteldach-komplettset-wechselrichter_215000_5778;https://cdn03.plentyone.com/iidhyn1xr43q/item/images/215000/full/370Watt-Set.jpg;Solarenergie > Solar-Sets;;False;1;2026-09-16T11:54:57+00:00
215020;370W Mono SolaX Set inkl Montagematerial Satteldach Komplettset Wechselrichter;1999.9;1999.9;False;0.0;True;boolean;Sofort versandfertig, Lieferzeit 48h;2;0;https://www.jws-store.de/solarenergie/dach-montage/370w-mono-solax-set-inkl-montagematerial-satteldach-komplettset-wechselrichter_215000_5779;https://cdn03.plentyone.com/iidhyn1xr43q/item/images/215000/full/370Watt-Set.jpg;Solarenergie > Solar-Sets;;False;1;2026-09-16T11:54:57+00:00
141500;Balkon Kraftwerk Modul 600W NEP Solar Set Solaranlage Micro Wechselrichter WiFi;569.9;569.9;False;0.0;True;boolean;Sofort versandfertig, Lieferzeit 48h;2;1000;https://www.jws-store.de/balkonkraftwerk-600w-nep-solar-set-solaranlage-micro-wechselrichter-balkonmodul-balkonmodul_141500_5793;https://cdn03.plentyone.com/iidhyn1xr43q/item/images/141500/full/Image3.jpg;Solarenergie > Solar-Sets;;False;1;2026-09-16T11:54:57+00:00
2x 380_NEP600;Balkon Kraftwerk Modul 600W NEP Solar Set Solaranlage Micro Wechselrichter WiFi;619.9;619.9;False;0.0;True;boolean;Sofort versandfertig, Lieferzeit 48h;2;1000;https://www.jws-store.de/balkonkraftwerk-600w-nep-solar-set-solaranlage-micro-wechselrichter-balkonmodul-balkonmodul_141500_5794;https://cdn03.plentyone.com/iidhyn1xr43q/item/images/141500/full/Image3.jpg;Solarenergie > Solar-Sets;;False;1;2026-09-16T11:54:57+00:00
2x 300_NEP600;Balkon Kraftwerk Modul 600W NEP Solar Set Solaranlage Micro Wechselrichter WiFi;569.9;569.9;False;0.0;True;boolean;Sofort versandfertig, Lieferzeit 48h;2;1000;https://www.jws-store.de/balkonkraftwerk-600w-nep-solar-set-solaranlage-micro-wechselrichter-balkonmodul-balkonmodul_141500_5795;https://cdn03.plentyone.com/iidhyn1xr43q/item/images/141500/full/Image3.jpg;Solarenergie > Solar-Sets;;False;1;2026-09-16T11:54:57+00:00
2x 300_NEP600_Halterung;Balkon Kraftwerk Modul 600W NEP Solar Set Solaranlage Micro Wechselrichter WiFi;569.9;569.9;False;0.0;True;boolean;Sofort versandfertig, Lieferzeit 48h;2;1000;https://www.jws-store.de/solarenergie/solar-sets/balkon-kraftwerk-modul-600w-nep-solar-set-solaranlage-micro-wechselrichter-wifi_145001_6153;https://cdn03.plentyone.com/iidhyn1xr43q/item/images/145001/full/Balkonkraftwerk-Balkongelaender.jpg;Solarenergie > Solar-Sets;;False;1;2026-09-16T11:54:57+00:00
145001;Balkon Kraftwerk Modul 600W NEP Solar Set Solaranlage Micro Wechselrichter WiFi;569.9;569.9;False;0.0;True;boolean;Sofort versandfertig, Lieferzeit 48h;2;1000;https://www.jws-store.de/solarenergie/solar-sets/balkon-kraftwerk-modul-600w-nep-solar-set-solaranlage-micro-wechselrichter-wifi_145001_6151;https://cdn03.plentyone.com/iidhyn1xr43q/item/images/145001/full/Balkonkraftwerk-Balkongelaender.jpg;Solarenergie > Solar-Sets;;False;1;2026-09-16T11:54:57+00:00
2x 380_NEP600_Halterung;Balkon Kraftwerk Modul 600W NEP Solar Set Solaranlage Micro Wechselrichter WiFi;619.9;619.9;False;0.0;True;boolean;Sofort versandfertig, Lieferzeit 48h;2;1000;https://www.jws-store.de/solarenergie/solar-sets/balkon-kraftwerk-modul-600w-nep-solar-set-solaranlage-micro-wechselrichter-wifi_145001_6152;https://cdn03.plentyone.com/iidhyn1xr43q/item/images/145001/full/Balkonkraftwerk-Balkongelaender.jpg;Solarenergie > Solar-Sets;;False;1;2026-09-16T11:54:57+00:00
145002;Balkon Kraftwerk Modul 600W NEP Solar Set Solaranlage Micro Wechselrichter WiFi;669.9;669.9;False;0.0;True;boolean;Sofort versandfertig, Lieferzeit 48h;2;1000;https://www.jws-store.de/solarenergie/solar-sets/balkon-kraftwerk-modul-600w-nep-solar-set-solaranlage-micro-wechselrichter-wifi_145002_6154;https://cdn03.plentyone.com/iidhyn1xr43q/item/images/145002/full/Balkon-Aufstaenderung1.jpg;Solarenergie > Solar-Sets;;False;1;2026-09-16T11:54:57+00:00
2x 380_NEP600_Halterung Edelstahl;Balkon Kraftwerk Modul 600W NEP Solar Set Solaranlage Micro Wechselrichter WiFi;719.9;719.9;False;0.0;True;boolean;Sofort versandfertig, Lieferzeit 48h;2;1000;https://www.jws-store.de/solarenergie/solar-sets/balkon-kraftwerk-modul-600w-nep-solar-set-solaranlage-micro-wechselrichter-wifi_145002_6155;https://cdn03.plentyone.com/iidhyn1xr43q/item/images/145002/full/Balkon-Aufstaenderung1.jpg;Solarenergie > Solar-Sets;;False;1;2026-09-16T11:54:57+00:00
2x 300_NEP600_Halterung Edelstahl;Balkon Kraftwerk Modul 600W NEP Solar Set Solaranlage Micro Wechselrichter WiFi;669.9;669.9;False;0.0;True;boolean;Sofort versandfertig, Lieferzeit 48h;2;1000;https://www.jws-store.de/solarenergie/solar-sets/balkon-kraftwerk-modul-600w-nep-solar-set-solaranlage-micro-wechselrichter-wifi_145002_6156;https://cdn03.plentyone.com/iidhyn1xr43q/item/images/145002/full/Balkon-Aufstaenderung1.jpg;Solarenergie > Solar-Sets;;False;1;2026-09-16T11:54:57+00:00
220300;Photovoltaikanlage mit Speicher Solis Batteriespeicher PV Anlage Komplettpaket;4979.9;4979.9;False;0.0;True;boolean;Kurzfristig verfügbar, Lieferzeit 4-5 Tage;7;0;https://www.jws-store.de/solarenergie/solar-sets/3-0-solis-hybrid-speicher-set-5kwh-pv-anlage-komplettpaket-polykristallin-wifi_220300_5705;https://cdn03.plentyone.com/iidhyn1xr43q/item/images/220300/full/Solis-300W-3000Watt-Hybrid.jpg;Solarenergie > Solar-Sets;;False;1;2026-09-16T11:54:57+00:00
Solis 3.0 Hybrid mit Wifi und Speicherpakt;Photovoltaikanlage mit Speicher Solis Batteriespeicher PV Anlage Komplettpaket;7999.9;7999.9;False;0.0;True;boolean;Kurzfristig verfügbar, Lieferzeit 4-5 Tage;7;0;https://www.jws-store.de/solarenergie/solar-sets/3-0-solis-hybrid-speicher-set-5kwh-pv-anlage-komplettpaket-polykristallin-wifi_220300_5707;https://cdn03.plentyone.com/iidhyn1xr43q/item/images/220300/full/Solis-300W-3000Watt-Hybrid.jpg;Solarenergie > Solar-Sets;;False;1;2026-09-16T11:54:57+00:00
Solis 3.0 Hybrid mit Wifi;Photovoltaikanlage mit Speicher Solis Batteriespeicher PV Anlage Komplettpaket;4979.9;4979.9;False;0.0;True;boolean;Kurzfristig verfügbar, Lieferzeit 4-5 Tage;7;0;https://www.jws-store.de/solarenergie/solar-sets/3-0-solis-hybrid-speicher-set-5kwh-pv-anlage-komplettpaket-polykristallin-wifi_220300_5708;https://cdn03.plentyone.com/iidhyn1xr43q/item/images/220300/full/Solis-300W-3000Watt-Hybrid.jpg;Solarenergie > Solar-Sets;;False;1;2026-09-16T11:54:57+00:00
271000;SolaX Wallbox 11kW Ladestation E-Fahrzeug Solaranlage PV Speicher Komplettsystem;859.9;859.9;False;0.0;True;boolean;Sofort versandfertig, Lieferzeit 48h;2;0;https://www.jws-store.de/solax-wallbox-11kw-ladestation-e-fahrzeug-solaranlage-pv-speicher-komplettsystem_271000_5861;https://cdn03.plentyone.com/iidhyn1xr43q/item/images/271000/full/EV-CHARGER-11kw.jpg;Solarenergie > Solar-Sets;;False;1;2026-09-16T11:54:57+00:00
213800;Solar Anlage Komplettsystem Komplettpaket Hausanlage Photovoltaikanlage Speicher;3559.9;3559.9;False;0.0;True;boolean;Sofort versandfertig, Lieferzeit 48h;2;0;https://www.jws-store.de/hausanlagen/photovoltaikanlage-mit-speicher-solis-batteriespeicher-pv-anlage-komplettpaket-380w_213800_5836;https://cdn03.plentyone.com/iidhyn1xr43q/item/images/213800/full/Solis3Kw.jpg;Solarenergie > Solar-Sets;;False;1;2026-09-16T11:54:57+00:00
213831;Solar Anlage Komplettsystem Komplettpaket Hausanlage Photovoltaikanlage Speicher;6139.9;6139.9;False;0.0;True;boolean;Sofort versandfertig, Lieferzeit 48h;2;0;https://www.jws-store.de/hausanlagen/photovoltaikanlage-mit-speicher-solis-batteriespeicher-pv-anlage-komplettpaket-380w_213800_5837;https://cdn03.plentyone.com/iidhyn1xr43q/item/images/213800/full/Solis3Kw.jpg;Solarenergie > Solar-Sets;;False;1;2026-09-16T11:54:57+00:00
213830;Solar Anlage Komplettsystem Komplettpaket Hausanlage Photovoltaikanlage Speicher;3559.9;3559.9;False;0.0;True;boolean;Sofort versandfertig, Lieferzeit 48h;2;0;https://www.jws-store.de/hausanlagen/photovoltaikanlage-mit-speicher-solis-batteriespeicher-pv-anlage-komplettpaket-380w_213800_5838;https://cdn03.plentyone.com/iidhyn1xr43q/item/images/213800/full/Solis3Kw.jpg;Solarenergie > Solar-Sets;;False;1;2026-09-16T11:54:57+00:00
231837;Solar Anlage Komplettsystem Komplettpaket Hausanlage Photovoltaikanlage Speicher;6829.9;6829.9;False;0.0;True;boolean;Sofort versandfertig, Lieferzeit 48h;2;0;https://www.jws-store.de/hausanlagen/photovoltaikanlage-mit-speicher-solis-batteriespeicher-pv-anlage-komplettpaket-380w_213800_5839;https://cdn03.plentyone.com/iidhyn1xr43q/item/images/213800/full/Solis3Kw.jpg;Solarenergie > Solar-Sets;;False;1;2026-09-16T11:54:57+00:00
213836;Solar Anlage Komplettsystem Komplettpaket Hausanlage Photovoltaikanlage Speicher;4249.9;4249.9;False;0.0;True;boolean;Sofort versandfertig, Lieferzeit 48h;2;0;https://www.jws-store.de/hausanlagen/photovoltaikanlage-mit-speicher-solis-batteriespeicher-pv-anlage-komplettpaket-380w_213800_5840;https://cdn03.plentyone.com/iidhyn1xr43q/item/images/213800/full/Solis3Kw.jpg;Solarenergie > Solar-Sets;;False;1;2026-09-16T11:54:57+00:00
143365_145025_145000;Solar Anlage Komplettsystem Komplettpaket Hausanlage Solax Mono Wechselrichter;2719.9;2719.9;False;0.0;True;boolean;Sofort versandfertig, Lieferzeit 48h;2;1000;https://www.jws-store.de/solarenergie/solar-sets/solar-set-solax-wechselrichter-365w-polykristallin-mikroinverter-hausanlage_141365_5625;https://cdn03.plentyone.com/iidhyn1xr43q/item/images/141365/full/Solax365-600.jpg;Solarenergie > Solar-Sets;;False;1;2026-09-16T11:54:57+00:00
143365_145015;Solar Anlage Komplettsystem Komplettpaket Hausanlage Solax Mono Wechselrichter;2099.9;2099.9;False;0.0;True;boolean;Sofort versandfertig, Lieferzeit 48h;2;1000;https://www.jws-store.de/solarenergie/solar-sets/solar-set-solax-wechselrichter-365w-polykristallin-mikroinverter-hausanlage_141365_5619;https://cdn03.plentyone.com/iidhyn1xr43q/item/images/141365/full/Solax365-600.jpg;Solarenergie > Solar-Sets;;False;1;2026-09-16T11:54:57+00:00
143365_145020_145000;Solar Anlage Komplettsystem Komplettpaket Hausanlage Solax Mono Wechselrichter;2429.9;2429.9;False;0.0;True;boolean;Sofort versandfertig, Lieferzeit 48h;2;1000;https://www.jws-store.de/solarenergie/solar-sets/solar-set-solax-wechselrichter-365w-polykristallin-mikroinverter-hausanlage_141365_5626;https://cdn03.plentyone.com/iidhyn1xr43q/item/images/141365/full/Solax365-600.jpg;Solarenergie > Solar-Sets;;False;1;2026-09-16T11:54:57+00:00
143365_145011;Solar Anlage Komplettsystem Komplettpaket Hausanlage Solax Mono Wechselrichter;1499.9;1499.9;False;0.0;True;boolean;Sofort versandfertig, Lieferzeit 48h;2;1000;https://www.jws-store.de/solarenergie/solar-sets/solar-set-solax-wechselrichter-365w-polykristallin-mikroinverter-hausanlage_141365_5620;https://cdn03.plentyone.com/iidhyn1xr43q/item/images/141365/full/Solax365-600.jpg;Solarenergie > Solar-Sets;;False;1;2026-09-16T11:54:57+00:00
141365;Solar Anlage Komplettsystem Komplettpaket Hausanlage Solax Mono Wechselrichter;1169.9;1169.9;False;0.0;True;boolean;Sofort versandfertig, Lieferzeit 48h;2;1000;https://www.jws-store.de/solarenergie/solar-sets/solar-set-solax-wechselrichter-365w-polykristallin-mikroinverter-hausanlage_141365_5615;https://cdn03.plentyone.com/iidhyn1xr43q/item/images/141365/full/Solax365-600.jpg;Solarenergie > Solar-Sets;;False;1;2026-09-16T11:54:57+00:00
143365_145015_145000;Solar Anlage Komplettsystem Komplettpaket Hausanlage Solax Mono Wechselrichter;2129.9;2129.9;False;0.0;True;boolean;Sofort versandfertig, Lieferzeit 48h;2;1000;https://www.jws-store.de/solarenergie/solar-sets/solar-set-solax-wechselrichter-365w-polykristallin-mikroinverter-hausanlage_141365_5627;https://cdn03.plentyone.com/iidhyn1xr43q/item/images/141365/full/Solax365-600.jpg;Solarenergie > Solar-Sets;;False;1;2026-09-16T11:54:57+00:00
143365_145006;Solar Anlage Komplettsystem Komplettpaket Hausanlage Solax Mono Wechselrichter;1229.9;1229.9;False;0.0;True;boolean;Sofort versandfertig, Lieferzeit 48h;2;1000;https://www.jws-store.de/solarenergie/solar-sets/solar-set-solax-wechselrichter-365w-polykristallin-mikroinverter-hausanlage_141365_5621;https://cdn03.plentyone.com/iidhyn1xr43q/item/images/141365/full/Solax365-600.jpg;Solarenergie > Solar-Sets;;False;1;2026-09-16T11:54:57+00:00
143365_145030;Solar Anlage Komplettsystem Komplettpaket Hausanlage Solax Mono Wechselrichter;3269.9;3269.9;False;0.0;True;boolean;Sofort versandfertig, Lieferzeit 48h;2;1000;https://www.jws-store.de/solarenergie/solar-sets/solar-set-solax-wechselrichter-365w-polykristallin-mikroinverter-hausanlage_141365_5616;https://cdn03.plentyone.com/iidhyn1xr43q/item/images/141365/full/Solax365-600.jpg;Solarenergie > Solar-Sets;;False;1;2026-09-16T11:54:57+00:00
143365_145011_145000;Solar Anlage Komplettsystem Komplettpaket Hausanlage Solax Mono Wechselrichter;1529.9;1529.9;False;0.0;True;boolean;Sofort versandfertig, Lieferzeit 48h;2;1000;https://www.jws-store.de/solarenergie/solar-sets/solar-set-solax-wechselrichter-365w-polykristallin-mikroinverter-hausanlage_141365_5628;https://cdn03.plentyone.com/iidhyn1xr43q/item/images/141365/full/Solax365-600.jpg;Solarenergie > Solar-Sets;;False;1;2026-09-16T11:54:57+00:00
143365_145033_145000;Solar Anlage Komplettsystem Komplettpaket Hausanlage Solax Mono Wechselrichter;3579.9;3579.9;False;0.0;True;boolean;Sofort versandfertig, Lieferzeit 48h;2;1000;https://www.jws-store.de/solarenergie/solar-sets/solar-set-solax-wechselrichter-365w-polykristallin-mikroinverter-hausanlage_141365_5623;https://cdn03.plentyone.com/iidhyn1xr43q/item/images/141365/full/Solax365-600.jpg;Solarenergie > Solar-Sets;;False;1;2026-09-16T11:54:57+00:00
143365_145025;Solar Anlage Komplettsystem Komplettpaket Hausanlage Solax Mono Wechselrichter;2689.9;2689.9;False;0.0;True;boolean;Sofort versandfertig, Lieferzeit 48h;2;1000;https://www.jws-store.de/solarenergie/solar-sets/solar-set-solax-wechselrichter-365w-polykristallin-mikroinverter-hausanlage_141365_5617;https://cdn03.plentyone.com/iidhyn1xr43q/item/images/141365/full/Solax365-600.jpg;Solarenergie > Solar-Sets;;False;1;2026-09-16T11:54:57+00:00
143365_145006_145000;Solar Anlage Komplettsystem Komplettpaket Hausanlage Solax Mono Wechselrichter;1259.9;1259.9;False;0.0;True;boolean;Sofort versandfertig, Lieferzeit 48h;2;1000;https://www.jws-store.de/solarenergie/solar-sets/solar-set-solax-wechselrichter-365w-polykristallin-mikroinverter-hausanlage_141365_5629;https://cdn03.plentyone.com/iidhyn1xr43q/item/images/141365/full/Solax365-600.jpg;Solarenergie > Solar-Sets;;False;1;2026-09-16T11:54:57+00:00
143365_145030_145000;Solar Anlage Komplettsystem Komplettpaket Hausanlage Solax Mono Wechselrichter;3299.9;3299.9;False;0.0;True;boolean;Sofort versandfertig, Lieferzeit 48h;2;1000;https://www.jws-store.de/solarenergie/solar-sets/solar-set-solax-wechselrichter-365w-polykristallin-mikroinverter-hausanlage_141365_5624;https://cdn03.plentyone.com/iidhyn1xr43q/item/images/141365/full/Solax365-600.jpg;Solarenergie > Solar-Sets;;False;1;2026-09-16T11:54:57+00:00
143365_145020;Solar Anlage Komplettsystem Komplettpaket Hausanlage Solax Mono Wechselrichter;2399.9;2399.9;False;0.0;True;boolean;Sofort versandfertig, Lieferzeit 48h;2;1000;https://www.jws-store.de/solarenergie/solar-sets/solar-set-solax-wechselrichter-365w-polykristallin-mikroinverter-hausanlage_141365_5618;https://cdn03.plentyone.com/iidhyn1xr43q/item/images/141365/full/Solax365-600.jpg;Solarenergie > Solar-Sets;;False;1;2026-09-16T11:54:57+00:00
143365_145033;Solar Anlage Komplettsystem Komplettpaket Hausanlage Solax Mono Wechselrichter;3549.9;3549.9;False;0.0;True;boolean;Sofort versandfertig, Lieferzeit 48h;2;1000;https://www.jws-store.de/solarenergie/solar-sets/solar-set-solax-wechselrichter-365w-polykristallin-mikroinverter-hausanlage_141365_5631;https://cdn03.plentyone.com/iidhyn1xr43q/item/images/141365/full/Solax365-600.jpg;Solarenergie > Solar-Sets;;False;1;2026-09-16T11:54:57+00:00
143365_143025;Solar Anlage Komplettsystem Komplettpaket Hausanlage Solis Mono Wechselrichter;1799.9;1799.9;False;0.0;True;boolean;Sofort versandfertig, Lieferzeit 48h;2;1000;https://www.jws-store.de/solarenergie/solar-sets/solar-anlage-komplettsystem-komplettpaket-hausanlage-solis-poly-wechselrichter_140365_5694;https://cdn03.plentyone.com/iidhyn1xr43q/item/images/140365/full/Solis365-1000.jpg;Solarenergie > Solar-Sets;;False;1;2026-09-16T11:54:57+00:00
143365_143030;Solar Anlage Komplettsystem Komplettpaket Hausanlage Solis Mono Wechselrichter;2299.9;2299.9;False;0.0;True;boolean;Sofort versandfertig, Lieferzeit 48h;2;1000;https://www.jws-store.de/solarenergie/solar-sets/solar-anlage-komplettsystem-komplettpaket-hausanlage-solis-poly-wechselrichter_140365_5695;https://cdn03.plentyone.com/iidhyn1xr43q/item/images/140365/full/Solis365-1000.jpg;Solarenergie > Solar-Sets;;False;1;2026-09-16T11:54:57+00:00
140365;Solar Anlage Komplettsystem Komplettpaket Hausanlage Solis Mono Wechselrichter;1099.9;1099.9;False;0.0;True;boolean;Kurzfristig verfügbar, Lieferzeit 4-5 Tage;7;1000;https://www.jws-store.de/solarenergie/solar-sets/solar-anlage-komplettsystem-komplettpaket-hausanlage-solis-poly-wechselrichter_140365_5691;https://cdn03.plentyone.com/iidhyn1xr43q/item/images/140365/full/Solis365-1000.jpg;Solarenergie > Solar-Sets;;False;1;2026-09-16T11:54:57+00:00
143365_143020;Solar Anlage Komplettsystem Komplettpaket Hausanlage Solis Mono Wechselrichter;1599.9;1599.9;False;0.0;True;boolean;Sofort versandfertig, Lieferzeit 48h;2;1000;https://www.jws-store.de/solarenergie/solar-sets/solar-anlage-komplettsystem-komplettpaket-hausanlage-solis-poly-wechselrichter_140365_5693;https://cdn03.plentyone.com/iidhyn1xr43q/item/images/140365/full/Solis365-1000.jpg;Solarenergie > Solar-Sets;;False;1;2026-09-16T11:54:57+00:00
1211_143010;Solar Anlage Komplettsystem Komplettpaket Hausanlage Solis Poly Wechselrichter;1399.9;1399.9;False;0.0;True;boolean;Sofort versandfertig, Lieferzeit 48h;2;1000;https://www.jws-store.de/solarenergie/solar-sets/solar-set-solis-wechselrichter-300w-polykristallin-mikroinverter-hausanlage_143300_5670;https://cdn03.plentyone.com/iidhyn1xr43q/item/images/143300/full/Solis-300W-1000Watt.jpg;Solarenergie > Solar-Sets;;False;1;2026-09-16T11:54:57+00:00
1211_143020;Solar Anlage Komplettsystem Komplettpaket Hausanlage Solis Poly Wechselrichter;2359.9;2359.9;False;0.0;True;boolean;Sofort versandfertig, Lieferzeit 48h;2;1000;https://www.jws-store.de/solarenergie/solar-sets/solar-set-solis-wechselrichter-300w-polykristallin-mikroinverter-hausanlage_143300_5671;https://cdn03.plentyone.com/iidhyn1xr43q/item/images/143300/full/Solis-300W-1000Watt.jpg;Solarenergie > Solar-Sets;;False;1;2026-09-16T11:54:57+00:00
1211_143025;Solar Anlage Komplettsystem Komplettpaket Hausanlage Solis Poly Wechselrichter;2619.9;2619.9;False;0.0;True;boolean;Sofort versandfertig, Lieferzeit 48h;2;1000;https://www.jws-store.de/solarenergie/solar-sets/solar-set-solis-wechselrichter-300w-polykristallin-mikroinverter-hausanlage_143300_5672;https://cdn03.plentyone.com/iidhyn1xr43q/item/images/143300/full/Solis-300W-1000Watt.jpg;Solarenergie > Solar-Sets;;False;1;2026-09-16T11:54:57+00:00
1211_143030;Solar Anlage Komplettsystem Komplettpaket Hausanlage Solis Poly Wechselrichter;3269.9;3269.9;False;0.0;True;boolean;Sofort versandfertig, Lieferzeit 48h;2;1000;https://www.jws-store.de/solarenergie/solar-sets/solar-set-solis-wechselrichter-300w-polykristallin-mikroinverter-hausanlage_143300_5673;https://cdn03.plentyone.com/iidhyn1xr43q/item/images/143300/full/Solis-300W-1000Watt.jpg;Solarenergie > Solar-Sets;;False;1;2026-09-16T11:54:57+00:00
10x1211;Solar Anlage Komplettsystem Komplettpaket Hausanlage Solis Set Wechselrichter;3269.9;3269.9;False;0.0;True;boolean;Kurzfristig verfügbar, Lieferzeit 4-5 Tage;7;0;https://www.jws-store.de/solarenergie/solar-anlage-komplettsystem-komplettpaket-hausanlage-growatt-set-wechselrichter_4215_5159;https://cdn03.plentyone.com/iidhyn1xr43q/item/images/4215/full/250W-2-Mini-pxo.jpg;Solarenergie > Solar-Sets;JWS;False;1;2026-09-16T11:54:57+00:00
3x2330_4105;Solar Anlage Komplettsystem Komplettpaket Hausanlage Solis Set Wechselrichter;1339.9;1339.9;False;0.0;True;boolean;Kurzfristig verfügbar, Lieferzeit 4-5 Tage;7;0;https://www.jws-store.de/solarenergie/solar-anlage-komplettsystem-komplettpaket-hausanlage-growatt-set-wechselrichter_4215_5154;https://cdn03.plentyone.com/iidhyn1xr43q/item/images/4215/full/250W-2-Mini-pxo.jpg;Solarenergie > Solar-Sets;JWS;False;1;2026-09-16T11:54:57+00:00
9x2330_4105;Solar Anlage Komplettsystem Komplettpaket Hausanlage Solis Set Wechselrichter;3079.9;3079.9;False;0.0;True;boolean;Kurzfristig verfügbar, Lieferzeit 4-5 Tage;7;0;https://www.jws-store.de/solarenergie/solar-anlage-komplettsystem-komplettpaket-hausanlage-growatt-set-wechselrichter_4215_5160;https://cdn03.plentyone.com/iidhyn1xr43q/item/images/4215/full/250W-2-Mini-pxo.jpg;Solarenergie > Solar-Sets;JWS;False;1;2026-09-16T11:54:57+00:00
4x2330;Solar Anlage Komplettsystem Komplettpaket Hausanlage Solis Set Wechselrichter;1819.9;1819.9;False;0.0;True;boolean;Kurzfristig verfügbar, Lieferzeit 4-5 Tage;7;0;https://www.jws-store.de/solarenergie/solar-anlage-komplettsystem-komplettpaket-hausanlage-growatt-set-wechselrichter_4215_5155;https://cdn03.plentyone.com/iidhyn1xr43q/item/images/4215/full/250W-2-Mini-pxo.jpg;Solarenergie > Solar-Sets;JWS;False;1;2026-09-16T11:54:57+00:00
4215;Solar Anlage Komplettsystem Komplettpaket Hausanlage Solis Set Wechselrichter;1399.9;1399.9;False;0.0;True;boolean;Kurzfristig verfügbar, Lieferzeit 4-5 Tage;7;0;https://www.jws-store.de/solarenergie/solar-anlage-komplettsystem-komplettpaket-hausanlage-growatt-set-wechselrichter_4215_5152;https://cdn03.plentyone.com/iidhyn1xr43q/item/images/4215/full/250W-2-Mini-pxo.jpg;Solarenergie > Solar-Sets;JWS;False;1;2026-09-16T11:54:57+00:00
4x2330_4105;Solar Anlage Komplettsystem Komplettpaket Hausanlage Solis Set Wechselrichter;1849.9;1849.9;False;0.0;True;boolean;Kurzfristig verfügbar, Lieferzeit 4-5 Tage;7;0;https://www.jws-store.de/solarenergie/solar-anlage-komplettsystem-komplettpaket-hausanlage-growatt-set-wechselrichter_4215_5156;https://cdn03.plentyone.com/iidhyn1xr43q/item/images/4215/full/250W-2-Mini-pxo.jpg;Solarenergie > Solar-Sets;JWS;False;1;2026-09-16T11:54:57+00:00
8x1211;Solar Anlage Komplettsystem Komplettpaket Hausanlage Solis Set Wechselrichter;2619.9;2619.9;False;0.0;True;boolean;Kurzfristig verfügbar, Lieferzeit 4-5 Tage;7;0;https://www.jws-store.de/solarenergie/solar-anlage-komplettsystem-komplettpaket-hausanlage-growatt-set-wechselrichter_4215_5696;https://cdn03.plentyone.com/iidhyn1xr43q/item/images/4215/full/250W-2-Mini-pxo.jpg;Solarenergie > Solar-Sets;JWS;False;1;2026-09-16T11:54:57+00:00
7x1211;Solar Anlage Komplettsystem Komplettpaket Hausanlage Solis Set Wechselrichter;2359.9;2359.9;False;0.0;True;boolean;Kurzfristig verfügbar, Lieferzeit 4-5 Tage;7;0;https://www.jws-store.de/solarenergie/solar-anlage-komplettsystem-komplettpaket-hausanlage-growatt-set-wechselrichter_4215_5157;https://cdn03.plentyone.com/iidhyn1xr43q/item/images/4215/full/250W-2-Mini-pxo.jpg;Solarenergie > Solar-Sets;JWS;False;1;2026-09-16T11:54:57+00:00
8x1211_4105;Solar Anlage Komplettsystem Komplettpaket Hausanlage Solis Set Wechselrichter;1399.9;1399.9;False;0.0;True;boolean;Kurzfristig verfügbar, Lieferzeit 4-5 Tage;7;0;https://www.jws-store.de/solarenergie/solar-anlage-komplettsystem-komplettpaket-hausanlage-growatt-set-wechselrichter_4215_5714;https://cdn03.plentyone.com/iidhyn1xr43q/item/images/4215/full/250W-2-Mini-pxo.jpg;Solarenergie > Solar-Sets;JWS;False;1;2026-09-16T11:54:57+00:00
2000.;Solar Anlage Komplettsystem Komplettpaket Hausanlage Solis Set Wechselrichter;2319.9;2319.9;False;0.0;True;boolean;Kurzfristig verfügbar, Lieferzeit 4-5 Tage;7;0;https://www.jws-store.de/solarenergie/solar-anlage-komplettsystem-komplettpaket-hausanlage-growatt-set-wechselrichter_4215_5158;https://cdn03.plentyone.com/iidhyn1xr43q/item/images/4215/full/250W-2-Mini-pxo.jpg;Solarenergie > Solar-Sets;JWS;False;1;2026-09-16T11:54:57+00:00
3x1211;Solar Anlage Komplettsystem Komplettpaket Hausanlage Solis Set Wechselrichter;1399.9;1399.9;False;0.0;True;boolean;Kurzfristig verfügbar, Lieferzeit 4-5 Tage;7;0;https://www.jws-store.de/solarenergie/solar-anlage-komplettsystem-komplettpaket-hausanlage-growatt-set-wechselrichter_4215_5153;https://cdn03.plentyone.com/iidhyn1xr43q/item/images/4215/full/250W-2-Mini-pxo.jpg;Solarenergie > Solar-Sets;JWS;False;1;2026-09-16T11:54:57+00:00
4502;Solar Set 12 V Solaranlage Kit PV Inselanlage Wohnmobil Solarmodul Laderegler;145.9;145.9;False;0.0;True;boolean;Sofort versandfertig, Lieferzeit 48h;2;5000;https://www.jws-store.de/solarenergie/solar-set-12-v-solaranlage-kit-pv-inselanlage-wohnmobil-solarmodul-laderegler_4502_4105;https://cdn03.plentyone.com/iidhyn1xr43q/item/images/4502/full/Solarpanel-100Watt-Set1-pxo.jpg;Solarenergie > Solar-Sets;JWS;False;1;2026-09-16T11:54:57+00:00
211_1289_2166_1281;Solar Set 12 V Solaranlage Kit PV Inselanlage Wohnmobil Solarmodul Laderegler;245.9;245.9;False;0.0;True;boolean;Sofort versandfertig, Lieferzeit 48h;2;5000;https://www.jws-store.de/solarenergie/solar-set-12-v-solaranlage-kit-pv-inselanlage-wohnmobil-solarmodul-laderegler_4502_4107;https://cdn03.plentyone.com/iidhyn1xr43q/item/images/4502/full/Solarpanel-100Watt-Set1-pxo.jpg;Solarenergie > Solar-Sets;JWS;False;1;2026-09-16T11:54:57+00:00
NEW-4728;Solar Set 12 V Solaranlage Kit PV Inselanlage Wohnmobil Solarmodul Laderegler;145.9;145.9;False;0.0;True;boolean;Sofort versandfertig, Lieferzeit 48h;2;5000;https://www.jws-store.de/solarenergie/solar-set-12-v-solaranlage-kit-pv-inselanlage-wohnmobil-solarmodul-laderegler_4502_6248;https://cdn03.plentyone.com/iidhyn1xr43q/item/images/4502/full/Solarpanel-100Watt-Set1-pxo.jpg;Solarenergie > Solar-Sets;JWS;False;1;2026-09-16T11:54:57+00:00
211_1289_2166_1282;Solar Set 12 V Solaranlage Kit PV Inselanlage Wohnmobil Solarmodul Laderegler;339.9;339.9;False;0.0;True;boolean;Sofort versandfertig, Lieferzeit 48h;2;5000;https://www.jws-store.de/solarenergie/solar-set-12-v-solaranlage-kit-pv-inselanlage-wohnmobil-solarmodul-laderegler_4502_4108;https://cdn03.plentyone.com/iidhyn1xr43q/item/images/4502/full/Solarpanel-100Watt-Set1-pxo.jpg;Solarenergie > Solar-Sets;JWS;False;1;2026-09-16T11:54:57+00:00
NEW-4729;Solar Set 12 V Solaranlage Kit PV Inselanlage Wohnmobil Solarmodul Laderegler;145.9;145.9;False;0.0;True;boolean;Sofort versandfertig, Lieferzeit 48h;2;5000;https://www.jws-store.de/solarenergie/solar-set-12-v-solaranlage-kit-pv-inselanlage-wohnmobil-solarmodul-laderegler_4502_6249;https://cdn03.plentyone.com/iidhyn1xr43q/item/images/4502/full/Solarpanel-100Watt-Set1-pxo.jpg;Solarenergie > Solar-Sets;JWS;False;1;2026-09-16T11:54:57+00:00
211_1290_2166_1284;Solar Set 12 V Solaranlage Kit PV Inselanlage Wohnmobil Solarmodul Laderegler;435.9;435.9;False;0.0;True;boolean;Sofort versandfertig, Lieferzeit 48h;2;5000;https://www.jws-store.de/solarenergie/solar-set-12-v-solaranlage-kit-pv-inselanlage-wohnmobil-solarmodul-laderegler_4502_4109;https://cdn03.plentyone.com/iidhyn1xr43q/item/images/4502/full/Solarpanel-100Watt-Set1-pxo.jpg;Solarenergie > Solar-Sets;JWS;False;1;2026-09-16T11:54:57+00:00
NEW-4730;Solar Set 12 V Solaranlage Kit PV Inselanlage Wohnmobil Solarmodul Laderegler;145.9;145.9;False;0.0;True;boolean;Sofort versandfertig, Lieferzeit 48h;2;5000;https://www.jws-store.de/solarenergie/solar-set-12-v-solaranlage-kit-pv-inselanlage-wohnmobil-solarmodul-laderegler_4502_6250;https://cdn03.plentyone.com/iidhyn1xr43q/item/images/4502/full/Solarpanel-100Watt-Set1-pxo.jpg;Solarenergie > Solar-Sets;JWS;False;1;2026-09-16T11:54:57+00:00
NEW-4731;Solar Set 12 V Solaranlage Kit PV Inselanlage Wohnmobil Solarmodul Laderegler;145.9;145.9;False;0.0;True;boolean;Sofort versandfertig, Lieferzeit 48h;2;5000;https://www.jws-store.de/solarenergie/solar-set-12-v-solaranlage-kit-pv-inselanlage-wohnmobil-solarmodul-laderegler_4502_6251;https://cdn03.plentyone.com/iidhyn1xr43q/item/images/4502/full/Solarpanel-100Watt-Set1-pxo.jpg;Solarenergie > Solar-Sets;JWS;False;1;2026-09-16T11:54:57+00:00
211_1288_2166;Solar Set 12 V Solaranlage Kit PV Inselanlage Wohnmobil Solarmodul Laderegler;145.9;145.9;False;0.0;True;boolean;Sofort versandfertig, Lieferzeit 48h;2;5000;https://www.jws-store.de/solarenergie/solar-set-12-v-solaranlage-kit-pv-inselanlage-wohnmobil-solarmodul-laderegler_4502_4106;https://cdn03.plentyone.com/iidhyn1xr43q/item/images/4502/full/Solarpanel-100Watt-Set1-pxo.jpg;Solarenergie > Solar-Sets;JWS;False;1;2026-09-16T11:54:57+00:00
255_2166_1281_1272;Solar Set 12 V Solaranlage MPPT Laderegler Solarkit PV Wohnmobil Solarmodul;289.9;289.9;False;0.0;True;boolean;Sofort versandfertig, Lieferzeit 48h;2;0;https://www.jws-store.de/solarenergie/solar-set-12-v-solaranlage-mppt-laderegler-solarkit-pv-wohnmobil-solarmodul_4501_4589;https://cdn03.plentyone.com/iidhyn1xr43q/item/images/4501/full/100W-MPPT.jpg;Solarenergie > Solar-Sets;JWS;False;1;2026-09-16T11:54:57+00:00
255_2166_1282_1272;Solar Set 12 V Solaranlage MPPT Laderegler Solarkit PV Wohnmobil Solarmodul;379.9;379.9;False;0.0;True;boolean;Sofort versandfertig, Lieferzeit 48h;2;0;https://www.jws-store.de/solarenergie/solar-set-12-v-solaranlage-mppt-laderegler-solarkit-pv-wohnmobil-solarmodul_4501_4590;https://cdn03.plentyone.com/iidhyn1xr43q/item/images/4501/full/100W-MPPT.jpg;Solarenergie > Solar-Sets;JWS;False;1;2026-09-16T11:54:57+00:00
255_2166_1284_1273;Solar Set 12 V Solaranlage MPPT Laderegler Solarkit PV Wohnmobil Solarmodul;485.9;485.9;False;0.0;True;boolean;Sofort versandfertig, Lieferzeit 48h;2;0;https://www.jws-store.de/solarenergie/solar-set-12-v-solaranlage-mppt-laderegler-solarkit-pv-wohnmobil-solarmodul_4501_4591;https://cdn03.plentyone.com/iidhyn1xr43q/item/images/4501/full/100W-MPPT.jpg;Solarenergie > Solar-Sets;JWS;False;1;2026-09-16T11:54:57+00:00
4501;Solar Set 12 V Solaranlage MPPT Laderegler Solarkit PV Wohnmobil Solarmodul;189.9;189.9;False;0.0;True;boolean;Sofort versandfertig, Lieferzeit 48h;2;0;https://www.jws-store.de/solarenergie/solar-set-12-v-solaranlage-mppt-laderegler-solarkit-pv-wohnmobil-solarmodul_4501_4587;https://cdn03.plentyone.com/iidhyn1xr43q/item/images/4501/full/100W-MPPT.jpg;Solarenergie > Solar-Sets;JWS;False;1;2026-09-16T11:54:57+00:00
255_2166_1271;Solar Set 12 V Solaranlage MPPT Laderegler Solarkit PV Wohnmobil Solarmodul;189.9;189.9;False;0.0;True;boolean;Sofort versandfertig, Lieferzeit 48h;2;0;https://www.jws-store.de/solarenergie/solar-set-12-v-solaranlage-mppt-laderegler-solarkit-pv-wohnmobil-solarmodul_4501_4588;https://cdn03.plentyone.com/iidhyn1xr43q/item/images/4501/full/100W-MPPT.jpg;Solarenergie > Solar-Sets;JWS;False;1;2026-09-16T11:54:57+00:00
221_2166_1281_1272;Solar Set 12 V Solaranlage MPPT Laderegler Solarkit PV Wohnmobil Solarmodul;304.0;304.0;False;0.0;True;boolean;Sofort versandfertig, Lieferzeit 48h;2;0;https://www.jws-store.de/solarenergie/solar-set-12-v-solaranlage-mppt-laderegler-solarkit-pv-wohnmobil-solarmodul_4506_4595;https://cdn03.plentyone.com/iidhyn1xr43q/item/images/4506/full/150W-Poly-MPPT.jpg;Solarenergie > Solar-Sets;JWS;False;1;2026-09-16T11:54:57+00:00
221_2166_1282_1273;Solar Set 12 V Solaranlage MPPT Laderegler Solarkit PV Wohnmobil Solarmodul;419.0;419.0;False;0.0;True;boolean;Sofort versandfertig, Lieferzeit 48h;2;0;https://www.jws-store.de/solarenergie/solar-set-12-v-solaranlage-mppt-laderegler-solarkit-pv-wohnmobil-solarmodul_4506_4596;https://cdn03.plentyone.com/iidhyn1xr43q/item/images/4506/full/150W-Poly-MPPT.jpg;Solarenergie > Solar-Sets;JWS;False;1;2026-09-16T11:54:57+00:00
221_2166_1284_1274;Solar Set 12 V Solaranlage MPPT Laderegler Solarkit PV Wohnmobil Solarmodul;559.0;559.0;False;0.0;True;boolean;Sofort versandfertig, Lieferzeit 48h;2;0;https://www.jws-store.de/solarenergie/solar-set-12-v-solaranlage-mppt-laderegler-solarkit-pv-wohnmobil-solarmodul_4506_4597;https://cdn03.plentyone.com/iidhyn1xr43q/item/images/4506/full/150W-Poly-MPPT.jpg;Solarenergie > Solar-Sets;JWS;False;1;2026-09-16T11:54:57+00:00
4506;Solar Set 12 V Solaranlage MPPT Laderegler Solarkit PV Wohnmobil Solarmodul;185.0;185.0;False;0.0;True;boolean;Sofort versandfertig, Lieferzeit 48h;2;0;https://www.jws-store.de/solarenergie/solar-set-12-v-solaranlage-mppt-laderegler-solarkit-pv-wohnmobil-solarmodul_4506_4593;https://cdn03.plentyone.com/iidhyn1xr43q/item/images/4506/full/150W-Poly-MPPT.jpg;Solarenergie > Solar-Sets;JWS;False;1;2026-09-16T11:54:57+00:00
221_2166_1271;Solar Set 12 V Solaranlage MPPT Laderegler Solarkit PV Wohnmobil Solarmodul;185.0;185.0;False;0.0;True;boolean;Sofort versandfertig, Lieferzeit 48h;2;0;https://www.jws-store.de/solarenergie/solar-set-12-v-solaranlage-mppt-laderegler-solarkit-pv-wohnmobil-solarmodul_4506_4594;https://cdn03.plentyone.com/iidhyn1xr43q/item/images/4506/full/150W-Poly-MPPT.jpg;Solarenergie > Solar-Sets;JWS;False;1;2026-09-16T11:54:57+00:00
211_2166_1272_1282;Solar Set 12 V Solaranlage MPPT Laderegler Solarkit PV Wohnmobil Solarmodul;395.9;395.9;False;0.0;True;boolean;Sofort versandfertig, Lieferzeit 48h;2;0;https://www.jws-store.de/solarenergie/solar-sets/solar-set-12-v-solaranlage-mppt-laderegler-solarkit-pv-wohnmobil-solarmodul_4507_4606;https://cdn03.plentyone.com/iidhyn1xr43q/item/images/4507/full/100W-MPPT-Mono.jpg;Solarenergie > Solar-Sets;JWS;False;1;2026-09-16T11:54:57+00:00
211_2166_1274_1284;Solar Set 12 V Solaranlage MPPT Laderegler Solarkit PV Wohnmobil Solarmodul;499.9;499.9;False;0.0;True;boolean;Sofort versandfertig, Lieferzeit 48h;2;0;https://www.jws-store.de/solarenergie/solar-sets/solar-set-12-v-solaranlage-mppt-laderegler-solarkit-pv-wohnmobil-solarmodul_4507_4607;https://cdn03.plentyone.com/iidhyn1xr43q/item/images/4507/full/100W-MPPT-Mono.jpg;Solarenergie > Solar-Sets;JWS;False;1;2026-09-16T11:54:57+00:00
4507;Solar Set 12 V Solaranlage MPPT Laderegler Solarkit PV Wohnmobil Solarmodul;195.9;195.9;False;0.0;True;boolean;Sofort versandfertig, Lieferzeit 48h;2;0;https://www.jws-store.de/solarenergie/solar-sets/solar-set-12-v-solaranlage-mppt-laderegler-solarkit-pv-wohnmobil-solarmodul_4507_4603;https://cdn03.plentyone.com/iidhyn1xr43q/item/images/4507/full/100W-MPPT-Mono.jpg;Solarenergie > Solar-Sets;JWS;False;1;2026-09-16T11:54:57+00:00
211_2166_1271;Solar Set 12 V Solaranlage MPPT Laderegler Solarkit PV Wohnmobil Solarmodul;195.9;195.9;False;0.0;True;boolean;Sofort versandfertig, Lieferzeit 48h;2;0;https://www.jws-store.de/solarenergie/solar-sets/solar-set-12-v-solaranlage-mppt-laderegler-solarkit-pv-wohnmobil-solarmodul_4507_4604;https://cdn03.plentyone.com/iidhyn1xr43q/item/images/4507/full/100W-MPPT-Mono.jpg;Solarenergie > Solar-Sets;JWS;False;1;2026-09-16T11:54:57+00:00
211_2166_1272_1281;Solar Set 12 V Solaranlage MPPT Laderegler Solarkit PV Wohnmobil Solarmodul;299.9;299.9;False;0.0;True;boolean;Sofort versandfertig, Lieferzeit 48h;2;0;https://www.jws-store.de/solarenergie/solar-sets/solar-set-12-v-solaranlage-mppt-laderegler-solarkit-pv-wohnmobil-solarmodul_4507_4605;https://cdn03.plentyone.com/iidhyn1xr43q/item/images/4507/full/100W-MPPT-Mono.jpg;Solarenergie > Solar-Sets;JWS;False;1;2026-09-16T11:54:57+00:00
1211_145011;Solar Set Solax Wechselrichter 300W Polykristallin Mikroinverter Hausanlage;1499.9;1499.9;False;0.0;True;boolean;Sofort versandfertig, Lieferzeit 48h;2;1000;https://www.jws-store.de/solarenergie/solar-sets/solar-set-solax-wechselrichter-300w-polykristallin-mikroinverter-hausanlage_141300_5511;https://cdn03.plentyone.com/iidhyn1xr43q/item/images/141300/full/250W-2-Mini-pxo.jpg;Solarenergie > Solar-Sets;;False;1;2026-09-16T11:54:57+00:00
1211_145015_145000;Solar Set Solax Wechselrichter 300W Polykristallin Mikroinverter Hausanlage;2029.9;2029.9;False;0.0;True;boolean;Sofort versandfertig, Lieferzeit 48h;2;1000;https://www.jws-store.de/solarenergie/solar-sets/solar-set-solax-wechselrichter-300w-polykristallin-mikroinverter-hausanlage_141300_5518;https://cdn03.plentyone.com/iidhyn1xr43q/item/images/141300/full/250W-2-Mini-pxo.jpg;Solarenergie > Solar-Sets;;False;1;2026-09-16T11:54:57+00:00
1211_145006;Solar Set Solax Wechselrichter 300W Polykristallin Mikroinverter Hausanlage;1149.9;1149.9;False;0.0;True;boolean;Sofort versandfertig, Lieferzeit 48h;2;1000;https://www.jws-store.de/solarenergie/solar-sets/solar-set-solax-wechselrichter-300w-polykristallin-mikroinverter-hausanlage_141300_5512;https://cdn03.plentyone.com/iidhyn1xr43q/item/images/141300/full/250W-2-Mini-pxo.jpg;Solarenergie > Solar-Sets;;False;1;2026-09-16T11:54:57+00:00
1211_145030;Solar Set Solax Wechselrichter 300W Polykristallin Mikroinverter Hausanlage;3399.9;3399.9;False;0.0;True;boolean;Sofort versandfertig, Lieferzeit 48h;2;1000;https://www.jws-store.de/solarenergie/solar-sets/solar-set-solax-wechselrichter-300w-polykristallin-mikroinverter-hausanlage_141300_5507;https://cdn03.plentyone.com/iidhyn1xr43q/item/images/141300/full/250W-2-Mini-pxo.jpg;Solarenergie > Solar-Sets;;False;1;2026-09-16T11:54:57+00:00
1211_145011_145000;Solar Set Solax Wechselrichter 300W Polykristallin Mikroinverter Hausanlage;1529.9;1529.9;False;0.0;True;boolean;Sofort versandfertig, Lieferzeit 48h;2;1000;https://www.jws-store.de/solarenergie/solar-sets/solar-set-solax-wechselrichter-300w-polykristallin-mikroinverter-hausanlage_141300_5519;https://cdn03.plentyone.com/iidhyn1xr43q/item/images/141300/full/250W-2-Mini-pxo.jpg;Solarenergie > Solar-Sets;;False;1;2026-09-16T11:54:57+00:00
1211_145033_145000;Solar Set Solax Wechselrichter 300W Polykristallin Mikroinverter Hausanlage;3759.9;3759.9;False;0.0;True;boolean;Sofort versandfertig, Lieferzeit 48h;2;1000;https://www.jws-store.de/solarenergie/solar-sets/solar-set-solax-wechselrichter-300w-polykristallin-mikroinverter-hausanlage_141300_5514;https://cdn03.plentyone.com/iidhyn1xr43q/item/images/141300/full/250W-2-Mini-pxo.jpg;Solarenergie > Solar-Sets;;False;1;2026-09-16T11:54:57+00:00
1211_145025;Solar Set Solax Wechselrichter 300W Polykristallin Mikroinverter Hausanlage;2899.9;2899.9;False;0.0;True;boolean;Sofort versandfertig, Lieferzeit 48h;2;1000;https://www.jws-store.de/solarenergie/solar-sets/solar-set-solax-wechselrichter-300w-polykristallin-mikroinverter-hausanlage_141300_5508;https://cdn03.plentyone.com/iidhyn1xr43q/item/images/141300/full/250W-2-Mini-pxo.jpg;Solarenergie > Solar-Sets;;False;1;2026-09-16T11:54:57+00:00
1211_145006_145000;Solar Set Solax Wechselrichter 300W Polykristallin Mikroinverter Hausanlage;1179.9;1179.9;False;0.0;True;boolean;Sofort versandfertig, Lieferzeit 48h;2;1000;https://www.jws-store.de/solarenergie/solar-sets/solar-set-solax-wechselrichter-300w-polykristallin-mikroinverter-hausanlage_141300_5520;https://cdn03.plentyone.com/iidhyn1xr43q/item/images/141300/full/250W-2-Mini-pxo.jpg;Solarenergie > Solar-Sets;;False;1;2026-09-16T11:54:57+00:00
1211_145030_145000;Solar Set Solax Wechselrichter 300W Polykristallin Mikroinverter Hausanlage;3429.9;3429.9;False;0.0;True;boolean;Sofort versandfertig, Lieferzeit 48h;2;1000;https://www.jws-store.de/solarenergie/solar-sets/solar-set-solax-wechselrichter-300w-polykristallin-mikroinverter-hausanlage_141300_5515;https://cdn03.plentyone.com/iidhyn1xr43q/item/images/141300/full/250W-2-Mini-pxo.jpg;Solarenergie > Solar-Sets;;False;1;2026-09-16T11:54:57+00:00
1211_145020;Solar Set Solax Wechselrichter 300W Polykristallin Mikroinverter Hausanlage;2599.9;2599.9;False;0.0;True;boolean;Sofort versandfertig, Lieferzeit 48h;2;1000;https://www.jws-store.de/solarenergie/solar-sets/solar-set-solax-wechselrichter-300w-polykristallin-mikroinverter-hausanlage_141300_5509;https://cdn03.plentyone.com/iidhyn1xr43q/item/images/141300/full/250W-2-Mini-pxo.jpg;Solarenergie > Solar-Sets;;False;1;2026-09-16T11:54:57+00:00
1211_145033;Solar Set Solax Wechselrichter 300W Polykristallin Mikroinverter Hausanlage;3729.9;3729.9;False;0.0;True;boolean;Sofort versandfertig, Lieferzeit 48h;2;1000;https://www.jws-store.de/solarenergie/solar-sets/solar-set-solax-wechselrichter-300w-polykristallin-mikroinverter-hausanlage_141300_5522;https://cdn03.plentyone.com/iidhyn1xr43q/item/images/141300/full/250W-2-Mini-pxo.jpg;Solarenergie > Solar-Sets;;False;1;2026-09-16T11:54:57+00:00
1211_145025_145000;Solar Set Solax Wechselrichter 300W Polykristallin Mikroinverter Hausanlage;2929.9;2929.9;False;0.0;True;boolean;Sofort versandfertig, Lieferzeit 48h;2;1000;https://www.jws-store.de/solarenergie/solar-sets/solar-set-solax-wechselrichter-300w-polykristallin-mikroinverter-hausanlage_141300_5516;https://cdn03.plentyone.com/iidhyn1xr43q/item/images/141300/full/250W-2-Mini-pxo.jpg;Solarenergie > Solar-Sets;;False;1;2026-09-16T11:54:57+00:00
1211_145015;Solar Set Solax Wechselrichter 300W Polykristallin Mikroinverter Hausanlage;1999.9;1999.9;False;0.0;True;boolean;Sofort versandfertig, Lieferzeit 48h;2;1000;https://www.jws-store.de/solarenergie/solar-sets/solar-set-solax-wechselrichter-300w-polykristallin-mikroinverter-hausanlage_141300_5510;https://cdn03.plentyone.com/iidhyn1xr43q/item/images/141300/full/250W-2-Mini-pxo.jpg;Solarenergie > Solar-Sets;;False;1;2026-09-16T11:54:57+00:00
1211_145020_145000;Solar Set Solax Wechselrichter 300W Polykristallin Mikroinverter Hausanlage;2629.9;2629.9;False;0.0;True;boolean;Sofort versandfertig, Lieferzeit 48h;2;1000;https://www.jws-store.de/solarenergie/solar-sets/solar-set-solax-wechselrichter-300w-polykristallin-mikroinverter-hausanlage_141300_5517;https://cdn03.plentyone.com/iidhyn1xr43q/item/images/141300/full/250W-2-Mini-pxo.jpg;Solarenergie > Solar-Sets;;False;1;2026-09-16T11:54:57+00:00
255_1290_1284_2166.;SolarSet 12V Solaranlage Solarkit PV Inselanlage Wohnmobil Komplettpaket Set;294.0;294.0;False;0.0;True;boolean;Sofort versandfertig, Lieferzeit 48h;2;0;https://www.jws-store.de/solarenergie/solar-sets/solarset-12v-solaranlage-solarkit-pv-inselanlage-wohnmobil-solarmodul-laderegler_251000_6101;https://cdn03.plentyone.com/iidhyn1xr43q/item/images/251000/full/1Modul-1-pxo.jpg;Solarenergie > Solar-Sets;JWS;False;1;2026-09-16T11:54:57+00:00
251000;SolarSet 12V Solaranlage Solarkit PV Inselanlage Wohnmobil Komplettpaket Set;99.0;99.0;False;0.0;True;boolean;Sofort versandfertig, Lieferzeit 48h;2;0;https://www.jws-store.de/solarenergie/solar-sets/solarset-12v-solaranlage-solarkit-pv-inselanlage-wohnmobil-solarmodul-laderegler_251000_6097;https://cdn03.plentyone.com/iidhyn1xr43q/item/images/251000/full/1Modul-1-pxo.jpg;Solarenergie > Solar-Sets;JWS;False;1;2026-09-16T11:54:57+00:00
255_1288_2166.;SolarSet 12V Solaranlage Solarkit PV Inselanlage Wohnmobil Komplettpaket Set;99.0;99.0;False;0.0;True;boolean;Sofort versandfertig, Lieferzeit 48h;2;0;https://www.jws-store.de/solarenergie/solar-sets/solarset-12v-solaranlage-solarkit-pv-inselanlage-wohnmobil-solarmodul-laderegler_251000_6098;https://cdn03.plentyone.com/iidhyn1xr43q/item/images/251000/full/1Modul-1-pxo.jpg;Solarenergie > Solar-Sets;JWS;False;1;2026-09-16T11:54:57+00:00
255_1289_1281_2166.;SolarSet 12V Solaranlage Solarkit PV Inselanlage Wohnmobil Komplettpaket Set;159.59;159.59;False;0.0;True;boolean;Sofort versandfertig, Lieferzeit 48h;2;0;https://www.jws-store.de/solarenergie/solar-sets/solarset-12v-solaranlage-solarkit-pv-inselanlage-wohnmobil-solarmodul-laderegler_251000_6099;https://cdn03.plentyone.com/iidhyn1xr43q/item/images/251000/full/1Modul-1-pxo.jpg;Solarenergie > Solar-Sets;JWS;False;1;2026-09-16T11:54:57+00:00
255_1289_1282_2166.;SolarSet 12V Solaranlage Solarkit PV Inselanlage Wohnmobil Komplettpaket Set;218.39;218.39;False;0.0;True;boolean;Sofort versandfertig, Lieferzeit 48h;2;0;https://www.jws-store.de/solarenergie/solar-sets/solarset-12v-solaranlage-solarkit-pv-inselanlage-wohnmobil-solarmodul-laderegler_251000_6100;https://cdn03.plentyone.com/iidhyn1xr43q/item/images/251000/full/1Modul-1-pxo.jpg;Solarenergie > Solar-Sets;JWS;False;1;2026-09-16T11:54:57+00:00
211_1290_2166_1284.;SolarSet 12V Solaranlage Solarkit PV Inselanlage Wohnmobil Komplettpaket Set PWM;302.39;302.39;False;0.0;True;boolean;Sofort versandfertig, Lieferzeit 48h;2;0;https://www.jws-store.de/solarenergie/solar-sets/solar-set-12v-solaranlage-kit-pv-inselanlage-wohnmobil-solarmodul-laderegler-pwm_250000_6106;https://cdn03.plentyone.com/iidhyn1xr43q/item/images/250000/full/Solarpanel-100Watt-Set1-pxo.jpg;Solarenergie > Solar-Sets;JWS;False;1;2026-09-16T11:54:57+00:00
250000;SolarSet 12V Solaranlage Solarkit PV Inselanlage Wohnmobil Komplettpaket Set PWM;99.9;99.9;False;0.0;True;boolean;Sofort versandfertig, Lieferzeit 48h;2;0;https://www.jws-store.de/solarenergie/solar-sets/solar-set-12v-solaranlage-kit-pv-inselanlage-wohnmobil-solarmodul-laderegler-pwm_250000_6102;https://cdn03.plentyone.com/iidhyn1xr43q/item/images/250000/full/Solarpanel-100Watt-Set1-pxo.jpg;Solarenergie > Solar-Sets;JWS;False;1;2026-09-16T11:54:57+00:00
211_1288_2166.;SolarSet 12V Solaranlage Solarkit PV Inselanlage Wohnmobil Komplettpaket Set PWM;99.9;99.9;False;0.0;True;boolean;Sofort versandfertig, Lieferzeit 48h;2;0;https://www.jws-store.de/solarenergie/solar-sets/solar-set-12v-solaranlage-kit-pv-inselanlage-wohnmobil-solarmodul-laderegler-pwm_250000_6103;https://cdn03.plentyone.com/iidhyn1xr43q/item/images/250000/full/Solarpanel-100Watt-Set1-pxo.jpg;Solarenergie > Solar-Sets;JWS;False;1;2026-09-16T11:54:57+00:00
211_1289_2166_1281.;SolarSet 12V Solaranlage Solarkit PV Inselanlage Wohnmobil Komplettpaket Set PWM;167.99;167.99;False;0.0;True;boolean;Sofort versandfertig, Lieferzeit 48h;2;0;https://www.jws-store.de/solarenergie/solar-sets/solar-set-12v-solaranlage-kit-pv-inselanlage-wohnmobil-solarmodul-laderegler-pwm_250000_6104;https://cdn03.plentyone.com/iidhyn1xr43q/item/images/250000/full/Solarpanel-100Watt-Set1-pxo.jpg;Solarenergie > Solar-Sets;JWS;False;1;2026-09-16T11:54:57+00:00
211_1289_2166_1282.;SolarSet 12V Solaranlage Solarkit PV Inselanlage Wohnmobil Komplettpaket Set PWM;226.79;226.79;False;0.0;True;boolean;Sofort versandfertig, Lieferzeit 48h;2;0;https://www.jws-store.de/solarenergie/solar-sets/solar-set-12v-solaranlage-kit-pv-inselanlage-wohnmobil-solarmodul-laderegler-pwm_250000_6105;https://cdn03.plentyone.com/iidhyn1xr43q/item/images/250000/full/Solarpanel-100Watt-Set1-pxo.jpg;Solarenergie > Solar-Sets;JWS;False;1;2026-09-16T11:54:57+00:00
255_1288_2166_137_301;Solarset 12V Solaranlage Solarkit PV Inselanlage Wohnmobil Solarmodul Laderegler;106.9;106.9;False;0.0;True;boolean;Sofort versandfertig, Lieferzeit 48h;2;1000;https://www.jws-store.de/solarenergie/solarpanels-mono/solar-set-12-v-solaranlage-pv-inselanlage-wohnmobil-solarmodul-laderegler_4500_6240;https://cdn03.plentyone.com/iidhyn1xr43q/item/images/4500/full/1Modul-1-pxo.jpg;Solarenergie > Solar-Sets;JWS;False;1;2026-09-16T11:54:57+00:00
4500;Solarset 12V Solaranlage Solarkit PV Inselanlage Wohnmobil Solarmodul Laderegler;139.9;139.9;False;0.0;True;boolean;Sofort versandfertig, Lieferzeit 48h;2;1000;https://www.jws-store.de/solarenergie/solarpanels-mono/solar-set-12-v-solaranlage-pv-inselanlage-wohnmobil-solarmodul-laderegler_4500_4063;https://cdn03.plentyone.com/iidhyn1xr43q/item/images/4500/full/1Modul-1-pxo.jpg;Solarenergie > Solar-Sets;JWS;False;1;2026-09-16T11:54:57+00:00
255_1289_1281_2166_137_301;Solarset 12V Solaranlage Solarkit PV Inselanlage Wohnmobil Solarmodul Laderegler;176.9;176.9;False;0.0;True;boolean;Sofort versandfertig, Lieferzeit 48h;2;1000;https://www.jws-store.de/solarenergie/solarpanels-mono/solar-set-12-v-solaranlage-pv-inselanlage-wohnmobil-solarmodul-laderegler_4500_6241;https://cdn03.plentyone.com/iidhyn1xr43q/item/images/4500/full/1Modul-1-pxo.jpg;Solarenergie > Solar-Sets;JWS;False;1;2026-09-16T11:54:57+00:00
255_1288_2166;Solarset 12V Solaranlage Solarkit PV Inselanlage Wohnmobil Solarmodul Laderegler;79.9;79.9;False;0.0;True;boolean;Sofort versandfertig, Lieferzeit 48h;2;1000;https://www.jws-store.de/solarenergie/solarpanels-mono/solar-set-12-v-solaranlage-pv-inselanlage-wohnmobil-solarmodul-laderegler_4500_4081;https://cdn03.plentyone.com/iidhyn1xr43q/item/images/4500/full/1Modul-1-pxo.jpg;Solarenergie > Solar-Sets;JWS;False;1;2026-09-16T11:54:57+00:00
255_1289_1282_2166_137_301;Solarset 12V Solaranlage Solarkit PV Inselanlage Wohnmobil Solarmodul Laderegler;249.9;249.9;False;0.0;True;boolean;Sofort versandfertig, Lieferzeit 48h;2;1000;https://www.jws-store.de/solarenergie/solarpanels-mono/solar-set-12-v-solaranlage-pv-inselanlage-wohnmobil-solarmodul-laderegler_4500_6242;https://cdn03.plentyone.com/iidhyn1xr43q/item/images/4500/full/1Modul-1-pxo.jpg;Solarenergie > Solar-Sets;JWS;False;1;2026-09-16T11:54:57+00:00
255_1289_1281_2166;Solarset 12V Solaranlage Solarkit PV Inselanlage Wohnmobil Solarmodul Laderegler;129.9;129.9;False;0.0;True;boolean;Sofort versandfertig, Lieferzeit 48h;2;1000;https://www.jws-store.de/solarenergie/solarpanels-mono/solar-set-12-v-solaranlage-pv-inselanlage-wohnmobil-solarmodul-laderegler_4500_4082;https://cdn03.plentyone.com/iidhyn1xr43q/item/images/4500/full/1Modul-1-pxo.jpg;Solarenergie > Solar-Sets;JWS;False;1;2026-09-16T11:54:57+00:00
255_1290_1284_2166_137_301;Solarset 12V Solaranlage Solarkit PV Inselanlage Wohnmobil Solarmodul Laderegler;319.9;319.9;False;0.0;True;boolean;Sofort versandfertig, Lieferzeit 48h;2;1000;https://www.jws-store.de/solarenergie/solarpanels-mono/solar-set-12-v-solaranlage-pv-inselanlage-wohnmobil-solarmodul-laderegler_4500_6243;https://cdn03.plentyone.com/iidhyn1xr43q/item/images/4500/full/1Modul-1-pxo.jpg;Solarenergie > Solar-Sets;JWS;False;1;2026-09-16T11:54:57+00:00
255_1289_1282_2166;Solarset 12V Solaranlage Solarkit PV Inselanlage Wohnmobil Solarmodul Laderegler;179.9;179.9;False;0.0;True;boolean;Sofort versandfertig, Lieferzeit 48h;2;1000;https://www.jws-store.de/solarenergie/solarpanels-mono/solar-set-12-v-solaranlage-pv-inselanlage-wohnmobil-solarmodul-laderegler_4500_4083;https://cdn03.plentyone.com/iidhyn1xr43q/item/images/4500/full/1Modul-1-pxo.jpg;Solarenergie > Solar-Sets;JWS;False;1;2026-09-16T11:54:57+00:00
255_1290_1284_2166;Solarset 12V Solaranlage Solarkit PV Inselanlage Wohnmobil Solarmodul Laderegler;229.9;229.9;False;0.0;True;boolean;Sofort versandfertig, Lieferzeit 48h;2;1000;https://www.jws-store.de/solarenergie/solarpanels-mono/solar-set-12-v-solaranlage-pv-inselanlage-wohnmobil-solarmodul-laderegler_4500_4084;https://cdn03.plentyone.com/iidhyn1xr43q/item/images/4500/full/1Modul-1-pxo.jpg;Solarenergie > Solar-Sets;JWS;False;1;2026-09-16T11:54:57+00:00
3x255_100Ah;Solarset Polykristallin MPPT LifePO Batterie Solaranlage Inselanlage Wohnmobil;1299.9;1299.9;False;0.0;True;boolean;Sofort versandfertig, Lieferzeit 48h;2;1000;https://www.jws-store.de/solarenergie/batterien/solarset-polykristallin-mppt-lifepo-batterie-solaranlage-inselanlage-wohnmobil_141000_5721;https://cdn03.plentyone.com/iidhyn1xr43q/item/images/141000/full/20A-200Watt.jpg;Solarenergie > Solar-Sets;JWS;False;1;2026-09-16T11:54:57+00:00
2x255_20Ah;Solarset Polykristallin MPPT LifePO Batterie Solaranlage Inselanlage Wohnmobil;549.9;549.9;False;0.0;True;boolean;Sofort versandfertig, Lieferzeit 48h;2;1000;https://www.jws-store.de/solarenergie/batterien/solarset-polykristallin-mppt-lifepo-batterie-solaranlage-inselanlage-wohnmobil_141000_5716;https://cdn03.plentyone.com/iidhyn1xr43q/item/images/141000/full/20A-200Watt.jpg;Solarenergie > Solar-Sets;JWS;False;1;2026-09-16T11:54:57+00:00
4x255_20Ah;Solarset Polykristallin MPPT LifePO Batterie Solaranlage Inselanlage Wohnmobil;729.9;729.9;False;0.0;True;boolean;Sofort versandfertig, Lieferzeit 48h;2;1000;https://www.jws-store.de/solarenergie/batterien/solarset-polykristallin-mppt-lifepo-batterie-solaranlage-inselanlage-wohnmobil_141000_5722;https://cdn03.plentyone.com/iidhyn1xr43q/item/images/141000/full/20A-200Watt.jpg;Solarenergie > Solar-Sets;JWS;False;1;2026-09-16T11:54:57+00:00
2x255_50Ah;Solarset Polykristallin MPPT LifePO Batterie Solaranlage Inselanlage Wohnmobil;849.9;849.9;False;0.0;True;boolean;Sofort versandfertig, Lieferzeit 48h;2;1000;https://www.jws-store.de/solarenergie/batterien/solarset-polykristallin-mppt-lifepo-batterie-solaranlage-inselanlage-wohnmobil_141000_5717;https://cdn03.plentyone.com/iidhyn1xr43q/item/images/141000/full/20A-200Watt.jpg;Solarenergie > Solar-Sets;JWS;False;1;2026-09-16T11:54:57+00:00
4x255_50Ah;Solarset Polykristallin MPPT LifePO Batterie Solaranlage Inselanlage Wohnmobil;1029.9;1029.9;False;0.0;True;boolean;Sofort versandfertig, Lieferzeit 48h;2;1000;https://www.jws-store.de/solarenergie/batterien/solarset-polykristallin-mppt-lifepo-batterie-solaranlage-inselanlage-wohnmobil_141000_5723;https://cdn03.plentyone.com/iidhyn1xr43q/item/images/141000/full/20A-200Watt.jpg;Solarenergie > Solar-Sets;JWS;False;1;2026-09-16T11:54:57+00:00
2x255_100Ah;Solarset Polykristallin MPPT LifePO Batterie Solaranlage Inselanlage Wohnmobil;1229.9;1229.9;False;0.0;True;boolean;Sofort versandfertig, Lieferzeit 48h;2;1000;https://www.jws-store.de/solarenergie/batterien/solarset-polykristallin-mppt-lifepo-batterie-solaranlage-inselanlage-wohnmobil_141000_5718;https://cdn03.plentyone.com/iidhyn1xr43q/item/images/141000/full/20A-200Watt.jpg;Solarenergie > Solar-Sets;JWS;False;1;2026-09-16T11:54:57+00:00
4x255_100Ah;Solarset Polykristallin MPPT LifePO Batterie Solaranlage Inselanlage Wohnmobil;1399.9;1399.9;False;0.0;True;boolean;Sofort versandfertig, Lieferzeit 48h;2;1000;https://www.jws-store.de/solarenergie/batterien/solarset-polykristallin-mppt-lifepo-batterie-solaranlage-inselanlage-wohnmobil_141000_5724;https://cdn03.plentyone.com/iidhyn1xr43q/item/images/141000/full/20A-200Watt.jpg;Solarenergie > Solar-Sets;JWS;False;1;2026-09-16T11:54:57+00:00
3x255_20Ah;Solarset Polykristallin MPPT LifePO Batterie Solaranlage Inselanlage Wohnmobil;629.9;629.9;False;0.0;True;boolean;Sofort versandfertig, Lieferzeit 48h;2;1000;https://www.jws-store.de/solarenergie/batterien/solarset-polykristallin-mppt-lifepo-batterie-solaranlage-inselanlage-wohnmobil_141000_5719;https://cdn03.plentyone.com/iidhyn1xr43q/item/images/141000/full/20A-200Watt.jpg;Solarenergie > Solar-Sets;JWS;False;1;2026-09-16T11:54:57+00:00
3x255_50Ah;Solarset Polykristallin MPPT LifePO Batterie Solaranlage Inselanlage Wohnmobil;929.9;929.9;False;0.0;True;boolean;Sofort versandfertig, Lieferzeit 48h;2;1000;https://www.jws-store.de/solarenergie/batterien/solarset-polykristallin-mppt-lifepo-batterie-solaranlage-inselanlage-wohnmobil_141000_5720;https://cdn03.plentyone.com/iidhyn1xr43q/item/images/141000/full/20A-200Watt.jpg;Solarenergie > Solar-Sets;JWS;False;1;2026-09-16T11:54:57+00:00
141000;Solarset Polykristallin MPPT LifePO Batterie Solaranlage Inselanlage Wohnmobil;549.9;549.9;False;0.0;True;boolean;Sofort versandfertig, Lieferzeit 48h;2;1000;https://www.jws-store.de/solarenergie/batterien/solarset-polykristallin-mppt-lifepo-batterie-solaranlage-inselanlage-wohnmobil_141000_5715;https://cdn03.plentyone.com/iidhyn1xr43q/item/images/141000/full/20A-200Watt.jpg;Solarenergie > Solar-Sets;JWS;False;1;2026-09-16T11:54:57+00:00
143025.;Solis 1,0~3,0kW Wechselrichter Mikroinverter Mini Solaranlage Inverter Solar;349.9;349.9;False;0.0;True;boolean;Sofort versandfertig, Lieferzeit 48h;2;1000;https://www.jws-store.de/solarenergie/solar-sets/solis-1-0-3-0kw-wechselrichter-mikroinverter-mini-solaranlage-inverter-solar_143000_5677;https://cdn03.plentyone.com/iidhyn1xr43q/item/images/143000/full/Wechselrichter-einphasig.jpg;Solarenergie > Solar-Sets;;False;1;2026-09-16T11:54:57+00:00
143030.;Solis 1,0~3,0kW Wechselrichter Mikroinverter Mini Solaranlage Inverter Solar;379.9;379.9;False;0.0;True;boolean;Sofort versandfertig, Lieferzeit 48h;2;1000;https://www.jws-store.de/solarenergie/solar-sets/solis-1-0-3-0kw-wechselrichter-mikroinverter-mini-solaranlage-inverter-solar_143000_5678;https://cdn03.plentyone.com/iidhyn1xr43q/item/images/143000/full/Wechselrichter-einphasig.jpg;Solarenergie > Solar-Sets;;False;1;2026-09-16T11:54:57+00:00
214;100W Monokristallin Solarmodul Doppelglas Solar 100Watt 12V Bifazial Wohnwagen;49.9;49.9;False;0.0;True;boolean;Sofort versandfertig, Lieferzeit 48h;2;5500;https://www.jws-store.de/solarenergie/solarpanels-mono/100w-monokristallin-solarmodul-doppelglas-solar-100watt-12v-12volt-wohnwagen_214_7095;https://cdn03.plentyone.com/iidhyn1xr43q/item/images/214/full/image2.png;Solarenergie > Solarpanels Mono;;False;1;2026-09-16T11:54:57+00:00
241100;100W flexibel Solarpanel Monokristallin Semi flex panel 12V Black Edition ETFE;99.9;99.9;False;0.0;True;boolean;Sofort versandfertig, Lieferzeit 48h;2;0;https://www.jws-store.de/solarenergie/solarpanels-mono/100w-flexibel-solarpanel-monokristallin-semi-flex-panel-12v-black-edition-etfe_241100_5766;https://cdn03.plentyone.com/iidhyn1xr43q/item/images/241100/full/1-pxo.jpg;Solarenergie > Solarpanels Mono;;False;1;2026-09-16T11:54:57+00:00
241120;120W flexibel Solarpanel Monokristallin Semi flex panel 12V Black Edition ETFE;129.9;149.9;True;13.34;False;boolean;Produkt vergriffen, Lieferzeit auf Anfrage;70;0;https://www.jws-store.de/solarenergie/solarpanels-mono/120w-flexibel-solarpanel-monokristallin-semi-flex-panel-12v-black-edition-etfe_241120_5774;https://cdn03.plentyone.com/iidhyn1xr43q/item/images/241120/full/1-pxo.jpg;Solarenergie > Solarpanels Mono;;False;1;2026-09-16T11:54:57+00:00
143200;200W Mono Solarpanel  Solarmodul Solarzelle 12 Volt 12V Mono Solar 1290x760x30mm;134.37;134.37;False;0.0;True;boolean;Sofort versandfertig, Lieferzeit 48h;2;1000;https://www.jws-store.de/solarenergie/solarpanels-mono/200w-mono-solarpanel-solarmodul-solarzelle-12-volt-12v-mono-solar_143200_5697;https://cdn03.plentyone.com/iidhyn1xr43q/item/images/143200/full/200W.png;Solarenergie > Solarpanels Mono;;False;1;2026-09-16T11:54:57+00:00
NEW-4655;370W Solarpanel Solarmodul 370 W Watt PV Anlage OFF ON GRID 10 Stück AUSTA 0%MwSt;789.9;789.9;False;0.0;True;boolean;Sofort versandfertig, Lieferzeit 48h;2;0;https://www.jws-store.de/370w-solarpanel-solarmodul-370-w-watt-pv-anlage-off-on-grid-10-stueck-austa-0-mwst_2371_6187;https://cdn03.plentyone.com/iidhyn1xr43q/item/images/2371/full/Austa-370Watt.JPG;Solarenergie > Solarpanels Mono;JWS;False;1;2026-09-16T11:54:57+00:00
10x143041;410W Mono Halbzelle Photovoltaik Solarpanel JA Solarmodul 24V  Monokristallin;2999.9;2999.9;False;0.0;False;boolean;Produkt vergriffen, Lieferzeit auf Anfrage;70;0;https://www.jws-store.de/solarenergie/solarpanels-mono/410w-mono-halbzelle-photovoltaik-solarpanel-ja-solarmodul-24v-monokristallin_143041_5751;https://cdn03.plentyone.com/iidhyn1xr43q/item/images/143041/full/370W.jpg;Solarenergie > Solarpanels Mono;;False;1;2026-09-16T11:54:57+00:00
31x143041;410W Mono Halbzelle Photovoltaik Solarpanel JA Solarmodul 24V  Monokristallin;7999.9;7999.9;False;0.0;False;boolean;Produkt vergriffen, Lieferzeit auf Anfrage;70;0;https://www.jws-store.de/solarenergie/solarpanels-mono/410w-mono-halbzelle-photovoltaik-solarpanel-ja-solarmodul-24v-monokristallin_143041_5752;https://cdn03.plentyone.com/iidhyn1xr43q/item/images/143041/full/370W.jpg;Solarenergie > Solarpanels Mono;;False;1;2026-09-16T11:54:57+00:00
1x143041;410W Mono Halbzelle Photovoltaik Solarpanel JA Solarmodul 24V  Monokristallin;319.9;319.9;False;0.0;False;boolean;Produkt vergriffen, Lieferzeit auf Anfrage;70;0;https://www.jws-store.de/solarenergie/solarpanels-mono/410w-mono-halbzelle-photovoltaik-solarpanel-ja-solarmodul-24v-monokristallin_143041_5749;https://cdn03.plentyone.com/iidhyn1xr43q/item/images/143041/full/370W.jpg;Solarenergie > Solarpanels Mono;;False;1;2026-09-16T11:54:57+00:00
4x143041;410W Mono Halbzelle Photovoltaik Solarpanel JA Solarmodul 24V  Monokristallin;1199.9;1199.9;False;0.0;False;boolean;Produkt vergriffen, Lieferzeit auf Anfrage;70;0;https://www.jws-store.de/solarenergie/solarpanels-mono/410w-mono-halbzelle-photovoltaik-solarpanel-ja-solarmodul-24v-monokristallin_143041_5750;https://cdn03.plentyone.com/iidhyn1xr43q/item/images/143041/full/370W.jpg;Solarenergie > Solarpanels Mono;;False;1;2026-09-16T11:54:57+00:00
1100.;Flexibles Solarmodul 30W 50W 120W 12Volt Mono Flex Solarpanel MONOKRISTALLIN;39.9;39.9;False;0.0;True;boolean;Sofort versandfertig, Lieferzeit 48h;2;1000;https://www.jws-store.de/solarenergie/solarpanels-mono/flexibles-solarmodul-30watt-12volt-mono-flex-30watt-solarpanel-monokristallin_1105_5223;https://cdn03.plentyone.com/iidhyn1xr43q/item/images/1105/full/Solarpanel30Watt-Flex---2-.jpg;Solarenergie > Solarpanels Mono;JWS;False;1;2026-09-16T11:54:57+00:00
1101.;Flexibles Solarmodul 30W 50W 120W 12Volt Mono Flex Solarpanel MONOKRISTALLIN;59.9;59.9;False;0.0;True;boolean;Sofort versandfertig, Lieferzeit 48h;2;1000;https://www.jws-store.de/solarenergie/solarpanels-mono/flexibles-solarmodul-30watt-12volt-mono-flex-30watt-solarpanel-monokristallin_1105_5224;https://cdn03.plentyone.com/iidhyn1xr43q/item/images/1105/full/Solarpanel30Watt-Flex---2-.jpg;Solarenergie > Solarpanels Mono;JWS;False;1;2026-09-16T11:54:57+00:00
1076.;Flexibles Solarmodul 30W 50W 120W 12Volt Mono Flex Solarpanel MONOKRISTALLIN;189.9;189.9;False;0.0;True;boolean;Sofort versandfertig, Lieferzeit 48h;2;1000;https://www.jws-store.de/solarenergie/solarpanels-mono/flexibles-solarmodul-30watt-12volt-mono-flex-30watt-solarpanel-monokristallin_1105_5225;https://cdn03.plentyone.com/iidhyn1xr43q/item/images/1105/full/Solarpanel30Watt-Flex---2-.jpg;Solarenergie > Solarpanels Mono;JWS;False;1;2026-09-16T11:54:57+00:00
1105;Flexibles Solarmodul 30W 50W 120W 12Volt Mono Flex Solarpanel MONOKRISTALLIN;39.9;39.9;False;0.0;True;boolean;Sofort versandfertig, Lieferzeit 48h;2;1000;https://www.jws-store.de/solarenergie/solarpanels-mono/flexibles-solarmodul-30watt-12volt-mono-flex-30watt-solarpanel-monokristallin_1105_5222;https://cdn03.plentyone.com/iidhyn1xr43q/item/images/1105/full/Solarpanel30Watt-Flex---2-.jpg;Solarenergie > Solarpanels Mono;JWS;False;1;2026-09-16T11:54:57+00:00
1208;Solarkoffer Solarpanel Solarmodul 160Watt;259.9;259.9;False;0.0;True;boolean;Sofort versandfertig, Lieferzeit 48h;2;1000;https://www.jws-store.de/solarenergie/solarkoffer/solarkoffer-solarpanel-solarmodul-150watt_1208_1372;https://cdn03.plentyone.com/iidhyn1xr43q/item/images/1208/full/Solarkoffer150Watt.jpg;Solarenergie > Solarpanels Mono;JWS;False;1;2026-09-16T11:54:57+00:00
2370...;Solarmodul Solarpanel 12/ 24V 5 10 30 40 50 130 150 170 180 190 200 410Watt Mono;299.9;299.9;False;0.0;True;boolean;Sofort versandfertig, Lieferzeit 48h;2;1000;https://www.jws-store.de/solarenergie/solarpanels-mono/solarmodul-solarpanel-12-24v-5-10-30-40-50-130-150-170-180-190-200-410watt-mono_249001_6090;https://cdn03.plentyone.com/iidhyn1xr43q/item/images/249001/full/GalerieSolar2.jpg;Solarenergie > Solarpanels Mono;JWS-Solar;False;1;2026-09-16T11:54:57+00:00
1081...;Solarmodul Solarpanel 12/ 24V 5 10 30 40 50 130 150 170 180 190 200 410Watt Mono;129.9;129.9;False;0.0;True;boolean;Lieferzeit ca. 3 Wochen;25;1000;https://www.jws-store.de/solarenergie/solarpanels-mono/solarmodul-solarpanel-12-24v-5-10-30-40-50-130-150-170-180-190-200-410watt-mono_249001_6072;https://cdn03.plentyone.com/iidhyn1xr43q/item/images/249001/full/GalerieSolar2.jpg;Solarenergie > Solarpanels Mono;JWS-Solar;False;1;2026-09-16T11:54:57+00:00
204...;Solarmodul Solarpanel 12/ 24V 5 10 30 40 50 130 150 170 180 190 200 410Watt Mono;14.9;14.9;False;0.0;True;boolean;Sofort versandfertig, Lieferzeit 48h;2;1000;https://www.jws-store.de/solarenergie/solarpanels-mono/solarmodul-solarpanel-12-24v-5-10-30-40-50-130-150-170-180-190-200-410watt-mono_249001_6075;https://cdn03.plentyone.com/iidhyn1xr43q/item/images/249001/full/GalerieSolar2.jpg;Solarenergie > Solarpanels Mono;JWS-Solar;False;1;2026-09-16T11:54:57+00:00
211...;Solarmodul Solarpanel 12/ 24V 5 10 30 40 50 130 150 170 180 190 200 410Watt Mono;62.9;62.9;False;0.0;True;boolean;Lieferzeit ca. 3 Wochen;25;1000;https://www.jws-store.de/solarenergie/solarpanels-mono/solarmodul-solarpanel-12-24v-5-10-30-40-50-130-150-170-180-190-200-410watt-mono_249001_6079;https://cdn03.plentyone.com/iidhyn1xr43q/item/images/249001/full/GalerieSolar2.jpg;Solarenergie > Solarpanels Mono;JWS-Solar;False;1;2026-09-16T11:54:57+00:00
1200...;Solarmodul Solarpanel 12/ 24V 5 10 30 40 50 130 150 170 180 190 200 410Watt Mono;21.9;21.9;False;0.0;True;boolean;Lieferzeit ca. 3 Wochen;25;1000;https://www.jws-store.de/solarenergie/solarpanels-mono/solarmodul-solarpanel-12-24v-5-10-30-40-50-130-150-170-180-190-200-410watt-mono_249001_6065;https://cdn03.plentyone.com/iidhyn1xr43q/item/images/249001/full/GalerieSolar2.jpg;Solarenergie > Solarpanels Mono;JWS-Solar;False;1;2026-09-16T11:54:57+00:00
254...;Solarmodul Solarpanel 12/ 24V 5 10 30 40 50 130 150 170 180 190 200 410Watt Mono;99.9;99.9;False;0.0;True;boolean;Sofort versandfertig, Lieferzeit 48h;2;1000;https://www.jws-store.de/solarenergie/solarpanels-mono/solarmodul-solarpanel-12-24v-5-10-30-40-50-130-150-170-180-190-200-410watt-mono_249001_6080;https://cdn03.plentyone.com/iidhyn1xr43q/item/images/249001/full/GalerieSolar2.jpg;Solarenergie > Solarpanels Mono;JWS-Solar;False;1;2026-09-16T11:54:57+00:00
143170...;Solarmodul Solarpanel 12/ 24V 5 10 30 40 50 130 150 170 180 190 200 410Watt Mono;117.9;117.9;False;0.0;True;boolean;Sofort versandfertig, Lieferzeit 48h;2;1000;https://www.jws-store.de/solarenergie/solarpanels-mono/solarmodul-solarpanel-12-24v-5-10-30-40-50-130-150-170-180-190-200-410watt-mono_249001_6070;https://cdn03.plentyone.com/iidhyn1xr43q/item/images/249001/full/GalerieSolar2.jpg;Solarenergie > Solarpanels Mono;JWS-Solar;False;1;2026-09-16T11:54:57+00:00
2380....;Solarmodul Solarpanel 12/ 24V 5 10 30 40 50 130 150 170 180 190 200 410Watt Mono;319.9;319.9;False;0.0;True;boolean;Lieferzeit ca. 3 Wochen;25;1000;https://www.jws-store.de/solarenergie/solarpanels-mono/solarmodul-solarpanel-12-24v-5-10-30-40-50-130-150-170-180-190-200-410watt-mono_249001_6087;https://cdn03.plentyone.com/iidhyn1xr43q/item/images/249001/full/GalerieSolar2.jpg;Solarenergie > Solarpanels Mono;JWS-Solar;False;1;2026-09-16T11:54:57+00:00
241200...;Solarmodul Solarpanel 12/ 24V 5 10 30 40 50 130 150 170 180 190 200 410Watt Mono;142.9;142.9;False;0.0;True;boolean;Sofort versandfertig, Lieferzeit 48h;2;1000;https://www.jws-store.de/solarenergie/solarpanels-mono/solarmodul-solarpanel-12-24v-5-10-30-40-50-130-150-170-180-190-200-410watt-mono_249001_6071;https://cdn03.plentyone.com/iidhyn1xr43q/item/images/249001/full/GalerieSolar2.jpg;Solarenergie > Solarpanels Mono;JWS-Solar;False;1;2026-09-16T11:54:57+00:00
143170.;Solarmodul Solarpanel 12V 5 10 30 40 50 110 130 150 160 180 310 325 330 370 380Watt Mono;139.9;139.9;False;0.0;True;boolean;Sofort versandfertig, Lieferzeit 48h;2;1000;https://www.jws-store.de/solarmodule-monokristallin_1170_5557;https://cdn03.plentyone.com/iidhyn1xr43q/item/images/1170/full/Montage1-pxo.jpg;Solarenergie > Solarpanels Mono;JWS-Solar;False;1;2026-09-16T11:54:57+00:00
1170;Solarmodul Solarpanel 12V 5 10 30 40 50 110 130 150 160 180 310 325 330 370 380Watt Mono;17.9;17.9;False;0.0;True;boolean;Sofort versandfertig, Lieferzeit 48h;2;1000;https://www.jws-store.de/solarmodule-monokristallin_1170_2140;https://cdn03.plentyone.com/iidhyn1xr43q/item/images/1170/full/Montage1-pxo.jpg;Solarenergie > Solarpanels Mono;JWS-Solar;False;1;2026-09-16T11:54:57+00:00
211.;Solarmodul Solarpanel 12V 5 10 30 40 50 110 130 150 160 180 310 325 330 370 380Watt Mono;74.9;74.9;False;0.0;True;boolean;Lieferzeit ca. 3 Wochen;25;1000;https://www.jws-store.de/solarmodule-monokristallin_1170_3335;https://cdn03.plentyone.com/iidhyn1xr43q/item/images/1170/full/Montage1-pxo.jpg;Solarenergie > Solarpanels Mono;JWS-Solar;False;1;2026-09-16T11:54:57+00:00
143200.;Solarmodul Solarpanel 12V 5 10 30 40 50 110 130 150 160 180 310 325 330 370 380Watt Mono;169.9;169.9;False;0.0;True;boolean;Sofort versandfertig, Lieferzeit 48h;2;1000;https://www.jws-store.de/solarmodule-monokristallin_1170_5698;https://cdn03.plentyone.com/iidhyn1xr43q/item/images/1170/full/Montage1-pxo.jpg;Solarenergie > Solarpanels Mono;JWS-Solar;False;1;2026-09-16T11:54:57+00:00
254.;Solarmodul Solarpanel 12V 5 10 30 40 50 110 130 150 160 180 310 325 330 370 380Watt Mono;119.9;119.9;False;0.0;True;boolean;Sofort versandfertig, Lieferzeit 48h;2;1000;https://www.jws-store.de/solarmodule-monokristallin_1170_3336;https://cdn03.plentyone.com/iidhyn1xr43q/item/images/1170/full/Montage1-pxo.jpg;Solarenergie > Solarpanels Mono;JWS-Solar;False;1;2026-09-16T11:54:57+00:00
1200.;Solarmodul Solarpanel 12V 5 10 30 40 50 110 130 150 160 180 310 325 330 370 380Watt Mono;26.9;26.9;False;0.0;True;boolean;Lieferzeit ca. 3 Wochen;25;1000;https://www.jws-store.de/solarmodule-monokristallin_1170_5170;https://cdn03.plentyone.com/iidhyn1xr43q/item/images/1170/full/Montage1-pxo.jpg;Solarenergie > Solarpanels Mono;JWS-Solar;False;1;2026-09-16T11:54:57+00:00
1081.;Solarmodul Solarpanel 12V 5 10 30 40 50 110 130 150 160 180 310 325 330 370 380Watt Mono;149.9;149.9;False;0.0;True;boolean;Lieferzeit ca. 3 Wochen;25;1000;https://www.jws-store.de/solarmodule-monokristallin_1170_4633;https://cdn03.plentyone.com/iidhyn1xr43q/item/images/1170/full/Montage1-pxo.jpg;Solarenergie > Solarpanels Mono;JWS-Solar;False;1;2026-09-16T11:54:57+00:00
143410.;Solarmodul Solarpanel 12V 5 10 30 40 50 110 130 150 160 180 310 325 330 370 380Watt Mono;339.9;339.9;False;0.0;True;boolean;Lieferzeit ca. 3 Wochen;25;1000;https://www.jws-store.de/solarmodule-monokristallin_1170_5754;https://cdn03.plentyone.com/iidhyn1xr43q/item/images/1170/full/Montage1-pxo.jpg;Solarenergie > Solarpanels Mono;JWS-Solar;False;1;2026-09-16T11:54:57+00:00
241220...;Solarmodul Solarpanel 12V 5 10 30 40 50 110 130 150 160 180 310 325 330 370 380Watt Mono;179.9;179.9;False;0.0;True;boolean;Lieferzeit ca. 3 Wochen;25;1000;https://www.jws-store.de/solarmodule-monokristallin_1170_6091;https://cdn03.plentyone.com/iidhyn1xr43q/item/images/1170/full/Montage1-pxo.jpg;Solarenergie > Solarpanels Mono;JWS-Solar;False;1;2026-09-16T11:54:57+00:00
2370..;Solarmodul Solarpanel 12V 5 10 30 40 50 110 130 150 160 180 310 325 330 370 380Watt Mono;299.9;299.9;False;0.0;True;boolean;Sofort versandfertig, Lieferzeit 48h;2;1000;https://www.jws-store.de/solarmodule-monokristallin_1170_5331;https://cdn03.plentyone.com/iidhyn1xr43q/item/images/1170/full/Montage1-pxo.jpg;Solarenergie > Solarpanels Mono;JWS-Solar;False;1;2026-09-16T11:54:57+00:00
204.;Solarmodul Solarpanel 12V 5 10 30 40 50 110 130 150 160 180 310 325 330 370 380Watt Mono;17.9;17.9;False;0.0;True;boolean;Sofort versandfertig, Lieferzeit 48h;2;1000;https://www.jws-store.de/solarmodule-monokristallin_1170_3331;https://cdn03.plentyone.com/iidhyn1xr43q/item/images/1170/full/Montage1-pxo.jpg;Solarenergie > Solarpanels Mono;JWS-Solar;False;1;2026-09-16T11:54:57+00:00
1026.;Solarmodul Solarpanel 12V 5 10 30 40 50 110 130 150 160 180 310 325 330 370 380Watt Mono;159.9;159.9;False;0.0;True;boolean;Lieferzeit ca. 3 Wochen;25;1000;https://www.jws-store.de/solarmodule-monokristallin_1170_5556;https://cdn03.plentyone.com/iidhyn1xr43q/item/images/1170/full/Montage1-pxo.jpg;Solarenergie > Solarpanels Mono;JWS-Solar;False;1;2026-09-16T11:54:57+00:00
1086.;Solarmodul Solarpanel 12V 5 10 30 40 50 110 130 150 160 180 310 325 330 370 380Watt Mono;23.9;23.9;False;0.0;True;boolean;Lieferzeit ca. 3 Wochen;25;1000;https://www.jws-store.de/solarmodule-monokristallin_1170_3332;https://cdn03.plentyone.com/iidhyn1xr43q/item/images/1170/full/Montage1-pxo.jpg;Solarenergie > Solarpanels Mono;JWS-Solar;False;1;2026-09-16T11:54:57+00:00
241000;Solarmodul Solarpanel Monokristallin 12V 200 220 Watt Solar 12 Volt 200W 220W PV;179.9;179.9;False;0.0;True;boolean;Sofort versandfertig, Lieferzeit 48h;2;1000;https://www.jws-store.de/solarenergie/solarpanels-mono/200w-220w-monokristallin-solarmodul-solarpanel-12v-200watt-220watt-solar-12-volt_241000_5804;https://cdn03.plentyone.com/iidhyn1xr43q/item/images/241000/full/Galerie.jpg;Solarenergie > Solarpanels Mono;;False;1;2026-09-16T11:54:57+00:00
241200.;Solarmodul Solarpanel Monokristallin 12V 200 220 Watt Solar 12 Volt 200W 220W PV;179.9;179.9;False;0.0;True;boolean;Sofort versandfertig, Lieferzeit 48h;2;1000;https://www.jws-store.de/solarenergie/solarpanels-mono/200w-220w-monokristallin-solarmodul-solarpanel-12v-200watt-220watt-solar-12-volt_241000_5805;https://cdn03.plentyone.com/iidhyn1xr43q/item/images/241000/full/Galerie.jpg;Solarenergie > Solarpanels Mono;;False;1;2026-09-16T11:54:57+00:00
241220.;Solarmodul Solarpanel Monokristallin 12V 200 220 Watt Solar 12 Volt 200W 220W PV;189.9;189.9;False;0.0;True;boolean;Sofort versandfertig, Lieferzeit 48h;2;1000;https://www.jws-store.de/solarenergie/solarpanels-mono/200w-220w-monokristallin-solarmodul-solarpanel-12v-200watt-220watt-solar-12-volt_241000_5806;https://cdn03.plentyone.com/iidhyn1xr43q/item/images/241000/full/Galerie.jpg;Solarenergie > Solarpanels Mono;;False;1;2026-09-16T11:54:57+00:00
1213;Solarpanel 300Watt Solarmodul Solarzelle 4 x 300Watt Solaranlage Solar 300W Monokristallin;799.9;799.9;False;0.0;True;boolean;Sofort versandfertig, Lieferzeit 48h;2;1000;https://www.jws-store.de/solarenergie/solarpanels-poly/solarpanel-4-x-250watt-polykristallin_1213_1377;https://cdn03.plentyone.com/iidhyn1xr43q/item/images/1213/full/Solarpanel-1000Watt.jpg;Solarenergie > Solarpanels Mono;JWS-Solar;False;1;2026-09-16T11:54:57+00:00
1212;Solarpanel 960Watt Solarmodul Solarzelle 4 x 285Watt Solaranlage Solar 285W SET;549.9;549.9;False;0.0;True;boolean;Sofort versandfertig, Lieferzeit 48h;2;1000;https://www.jws-store.de/solarenergie/solarpanels-poly/solarpanel-4-x-240watt-polykristallin_1212_1376;https://cdn03.plentyone.com/iidhyn1xr43q/item/images/1212/full/Solarpanel-960Watt.jpg;Solarenergie > Solarpanels Mono;JWS-Solar;False;1;2026-09-16T11:54:57+00:00
240300;Solarpanel Solarmodul Solar 300 Watt Photovoltaik Balkon 300W Balkonkraftwerk PV;359.9;359.9;False;0.0;True;boolean;Sofort versandfertig, Lieferzeit 48h;2;0;https://www.jws-store.de/solarenergie/solarpanels-poly/solarpanel-solarmodul-solar-300-watt-photovoltaik-balkon-300w-balkonkraftwerk-pv_240300_6007;https://cdn03.plentyone.com/iidhyn1xr43q/item/images/240300/full/Solarpanel-300Watt_2.jpg;Solarenergie > Solarpanels Mono;;False;1;2026-09-16T11:54:57+00:00
2x300W;Solarpanel Solarmodul Solar 300 Watt Photovoltaik Balkon 300W Balkonkraftwerk PV;359.9;359.9;False;0.0;True;boolean;Sofort versandfertig, Lieferzeit 48h;2;0;https://www.jws-store.de/solarenergie/solarpanels-poly/solarpanel-solarmodul-solar-300-watt-photovoltaik-balkon-300w-balkonkraftwerk-pv_240300_6008;https://cdn03.plentyone.com/iidhyn1xr43q/item/images/240300/full/Solarpanel-300Watt_2.jpg;Solarenergie > Solarpanels Mono;;False;1;2026-09-16T11:54:57+00:00
4x300W;Solarpanel Solarmodul Solar 300 Watt Photovoltaik Balkon 300W Balkonkraftwerk PV;659.9;659.9;False;0.0;True;boolean;Sofort versandfertig, Lieferzeit 48h;2;0;https://www.jws-store.de/solarenergie/solarpanels-poly/solarpanel-solarmodul-solar-300-watt-photovoltaik-balkon-300w-balkonkraftwerk-pv_240300_6009;https://cdn03.plentyone.com/iidhyn1xr43q/item/images/240300/full/Solarpanel-300Watt_2.jpg;Solarenergie > Solarpanels Mono;;False;1;2026-09-16T11:54:57+00:00
1210;Solarpanel Solarmodul Solarzelle 285Watt Photovoltaik Solar 285W 24V OFF ON GRID;129.9;129.9;False;0.0;True;boolean;Sofort versandfertig, Lieferzeit 48h;2;1000;https://www.jws-store.de/solarenergie/solarpanels-poly/solarpanel-240watt-polykristallin_1210_1374;https://cdn03.plentyone.com/iidhyn1xr43q/item/images/1210/full/Solarpanel-240Watt.jpg;Solarenergie > Solarpanels Mono;JWS-Solar;False;1;2026-09-16T11:54:57+00:00
1211;Solarpanel Solarmodul Solarzelle 300Watt Photovoltaik Solar 300W 24V Mono;139.9;139.9;False;0.0;True;boolean;Sofort versandfertig, Lieferzeit 48h;2;1000;https://www.jws-store.de/solarenergie/solarpanels-poly/solarpanel-300watt-monoykristallin_1211_1375;https://cdn03.plentyone.com/iidhyn1xr43q/item/images/1211/full/Solarpanel-250Watt-poly.jpg;Solarenergie > Solarpanels Mono;JWS-Solar;False;1;2026-09-16T11:54:57+00:00
250;Solarmodul 130Watt 12Volt Solarpanel Polykristallin;69.9;69.9;False;0.0;True;boolean;Sofort versandfertig, Lieferzeit 48h;2;2000;https://www.jws-store.de/solarenergie/solarpanels-poly-12volt/130watt-12volt-solarpanel-polykristallin_250_1124;https://cdn03.plentyone.com/iidhyn1xr43q/item/images/250/full/250-poly130W.jpg;Solarenergie > Solarpanels Poly;JWS;False;1;2026-09-16T11:54:57+00:00
1201...;Solarmodul Solarpanel 12V 24V 10 65 100 130 160 170 180 Polykristallin 0% MwSt;19.9;19.9;False;0.0;True;boolean;Sofort versandfertig, Lieferzeit 48h;2;0;https://www.jws-store.de/solarmodul-solarpanel-12v-24v-10-65-100-130-160-170-180-polykristallin-0-mwst_144001_6060;https://cdn03.plentyone.com/iidhyn1xr43q/item/images/144001/full/Galeriebild-Poly--1-.jpg;Solarenergie > Solarpanels Poly;JWS;False;1;2026-09-16T11:54:57+00:00
221...;Solarmodul Solarpanel 12V 24V 10 65 100 130 160 170 180 Polykristallin 0% MwSt;99.9;99.9;False;0.0;True;boolean;Sofort versandfertig, Lieferzeit 48h;2;0;https://www.jws-store.de/solarmodul-solarpanel-12v-24v-10-65-100-130-160-170-180-polykristallin-0-mwst_144001_6095;https://cdn03.plentyone.com/iidhyn1xr43q/item/images/144001/full/Galeriebild-Poly--1-.jpg;Solarenergie > Solarpanels Poly;JWS;False;1;2026-09-16T11:54:57+00:00
1880...;Solarmodul Solarpanel 12V 24V 10 65 100 130 160 170 180 Polykristallin 0% MwSt;129.9;129.9;False;0.0;True;boolean;Sofort versandfertig, Lieferzeit 48h;2;0;https://www.jws-store.de/solarmodul-solarpanel-12v-24v-10-65-100-130-160-170-180-polykristallin-0-mwst_144001_6054;https://cdn03.plentyone.com/iidhyn1xr43q/item/images/144001/full/Galeriebild-Poly--1-.jpg;Solarenergie > Solarpanels Poly;JWS;False;1;2026-09-16T11:54:57+00:00
144160...;Solarmodul Solarpanel 12V 24V 10 65 100 130 160 170 180 Polykristallin 0% MwSt;109.9;109.9;False;0.0;True;boolean;Sofort versandfertig, Lieferzeit 48h;2;0;https://www.jws-store.de/solarmodul-solarpanel-12v-24v-10-65-100-130-160-170-180-polykristallin-0-mwst_144001_6056;https://cdn03.plentyone.com/iidhyn1xr43q/item/images/144001/full/Galeriebild-Poly--1-.jpg;Solarenergie > Solarpanels Poly;JWS;False;1;2026-09-16T11:54:57+00:00
250...;Solarmodul Solarpanel 12V 24V 10 65 100 130 160 170 180 Polykristallin 0% MwSt;91.9;91.9;False;0.0;True;boolean;Sofort versandfertig, Lieferzeit 48h;2;0;https://www.jws-store.de/solarmodul-solarpanel-12v-24v-10-65-100-130-160-170-180-polykristallin-0-mwst_144001_6057;https://cdn03.plentyone.com/iidhyn1xr43q/item/images/144001/full/Galeriebild-Poly--1-.jpg;Solarenergie > Solarpanels Poly;JWS;False;1;2026-09-16T11:54:57+00:00
255...;Solarmodul Solarpanel 12V 24V 10 65 100 130 160 170 180 Polykristallin 0% MwSt;61.9;61.9;False;0.0;True;boolean;Sofort versandfertig, Lieferzeit 48h;2;0;https://www.jws-store.de/solarmodul-solarpanel-12v-24v-10-65-100-130-160-170-180-polykristallin-0-mwst_144001_6058;https://cdn03.plentyone.com/iidhyn1xr43q/item/images/144001/full/Galeriebild-Poly--1-.jpg;Solarenergie > Solarpanels Poly;JWS;False;1;2026-09-16T11:54:57+00:00
1201.;Solarmodul Solarpanel 12V/ 24V 10 65 100 130 160 170 180 285 300WPolykristallin;23.9;23.9;False;0.0;True;boolean;Sofort versandfertig, Lieferzeit 48h;2;1000;https://www.jws-store.de/solarenergie/solarpanels-poly/solarmodul-solarpanel-12v-24v-10-65-100-130-160-170-180-285-300wpolykristallin_144000_5586;https://cdn03.plentyone.com/iidhyn1xr43q/item/images/144000/full/Galeriebild-Poly--1-.jpg;Solarenergie > Solarpanels Poly;JWS;False;1;2026-09-16T11:54:57+00:00
150 Watt;Solarmodul Solarpanel 12V/ 24V 10 65 100 130 160 170 180 285 300WPolykristallin;129.9;129.9;False;0.0;True;boolean;Sofort versandfertig, Lieferzeit 48h;2;1000;https://www.jws-store.de/solarenergie/solarpanels-poly/solarmodul-solarpanel-12v-24v-10-65-100-130-160-170-180-285-300wpolykristallin_144000_6094;https://cdn03.plentyone.com/iidhyn1xr43q/item/images/144000/full/Galeriebild-Poly--1-.jpg;Solarenergie > Solarpanels Poly;JWS;False;1;2026-09-16T11:54:57+00:00
255.;Solarmodul Solarpanel 12V/ 24V 10 65 100 130 160 170 180 285 300WPolykristallin;72.9;72.9;False;0.0;True;boolean;Sofort versandfertig, Lieferzeit 48h;2;1000;https://www.jws-store.de/solarenergie/solarpanels-poly/solarmodul-solarpanel-12v-24v-10-65-100-130-160-170-180-285-300wpolykristallin_144000_5588;https://cdn03.plentyone.com/iidhyn1xr43q/item/images/144000/full/Galeriebild-Poly--1-.jpg;Solarenergie > Solarpanels Poly;JWS;False;1;2026-09-16T11:54:57+00:00
250.;Solarmodul Solarpanel 12V/ 24V 10 65 100 130 160 170 180 285 300WPolykristallin;109.9;109.9;False;0.0;True;boolean;Sofort versandfertig, Lieferzeit 48h;2;1000;https://www.jws-store.de/solarenergie/solarpanels-poly/solarmodul-solarpanel-12v-24v-10-65-100-130-160-170-180-285-300wpolykristallin_144000_5589;https://cdn03.plentyone.com/iidhyn1xr43q/item/images/144000/full/Galeriebild-Poly--1-.jpg;Solarenergie > Solarpanels Poly;JWS;False;1;2026-09-16T11:54:57+00:00
144160..;Solarmodul Solarpanel 12V/ 24V 10 65 100 130 160 170 180 285 300WPolykristallin;144.9;144.9;False;0.0;True;boolean;Sofort versandfertig, Lieferzeit 48h;2;1000;https://www.jws-store.de/solarenergie/solarpanels-poly/solarmodul-solarpanel-12v-24v-10-65-100-130-160-170-180-285-300wpolykristallin_144000_5590;https://cdn03.plentyone.com/iidhyn1xr43q/item/images/144000/full/Galeriebild-Poly--1-.jpg;Solarenergie > Solarpanels Poly;JWS;False;1;2026-09-16T11:54:57+00:00
144170.;Solarmodul Solarpanel 12V/ 24V 10 65 100 130 160 170 180 285 300WPolykristallin;129.9;129.9;False;0.0;True;boolean;Sofort versandfertig, Lieferzeit 48h;2;1000;https://www.jws-store.de/solarenergie/solarpanels-poly/solarmodul-solarpanel-12v-24v-10-65-100-130-160-170-180-285-300wpolykristallin_144000_5591;https://cdn03.plentyone.com/iidhyn1xr43q/item/images/144000/full/Galeriebild-Poly--1-.jpg;Solarenergie > Solarpanels Poly;JWS;False;1;2026-09-16T11:54:57+00:00
144000;Solarmodul Solarpanel 12V/ 24V 10 65 100 130 160 170 180 285 300WPolykristallin;23.9;23.9;False;0.0;True;boolean;Sofort versandfertig, Lieferzeit 48h;2;1000;https://www.jws-store.de/solarenergie/solarpanels-poly/solarmodul-solarpanel-12v-24v-10-65-100-130-160-170-180-285-300wpolykristallin_144000_5585;https://cdn03.plentyone.com/iidhyn1xr43q/item/images/144000/full/Galeriebild-Poly--1-.jpg;Solarenergie > Solarpanels Poly;JWS;False;1;2026-09-16T11:54:57+00:00
1880.;Solarmodul Solarpanel 12V/ 24V 10 65 100 130 160 170 180 285 300WPolykristallin;159.9;159.9;False;0.0;True;boolean;Sofort versandfertig, Lieferzeit 48h;2;1000;https://www.jws-store.de/solarenergie/solarpanels-poly/solarmodul-solarpanel-12v-24v-10-65-100-130-160-170-180-285-300wpolykristallin_144000_5592;https://cdn03.plentyone.com/iidhyn1xr43q/item/images/144000/full/Galeriebild-Poly--1-.jpg;Solarenergie > Solarpanels Poly;JWS;False;1;2026-09-16T11:54:57+00:00
2x285W;Solarpanel Solarmodul Solar 285 Watt Photovoltaik Balkon 285W Balkonkraftwerk PV;339.9;339.9;False;0.0;True;boolean;Lieferzeit ca. 4 Wochen;30;0;https://www.jws-store.de/solarenergie/solarpanels-poly/285w-polykristallin-solarpanel-solarmodul-solarzelle-photovoltaik-solar-24v_240285_6005;https://cdn03.plentyone.com/iidhyn1xr43q/item/images/240285/full/Solarpanel-285Watt_2.jpg;Solarenergie > Solarpanels Poly;;False;1;2026-09-16T11:54:57+00:00
197;10 Paar Solarstecker Stecker Buchse;29.9;29.9;False;0.0;True;boolean;Sofort versandfertig, Lieferzeit 48h;2;500;https://www.jws-store.de/solarenergie/solarstecker/10-paar-solarstecker-stecker-buchse_197_1072;https://cdn03.plentyone.com/iidhyn1xr43q/item/images/197/full/197-Stecker-MC4.jpg;Solarenergie > Solarstecker- und Kabel;JWS;False;1;2026-09-16T11:54:57+00:00
215;100Sets Solarstecker Stecker Buchse;119.9;119.9;False;0.0;True;boolean;Sofort versandfertig, Lieferzeit 48h;2;3000;https://www.jws-store.de/solarenergie/solarstecker/100sets-solarstecker-stecker-buchse_215_1089;https://cdn03.plentyone.com/iidhyn1xr43q/item/images/215/full/215-Stecker-MC4.jpg;Solarenergie > Solarstecker- und Kabel;JWS;False;1;2026-09-16T11:54:57+00:00
147911;DC Solar Anschlusskasten Überspannungsschutz PV Photovoltaik Trennschalter 32A;149.9;149.9;False;0.0;True;boolean;Sofort versandfertig, Lieferzeit 48h;2;1000;https://www.jws-store.de/solarenergie/solarstecker/dc-solar-anschlusskasten-ueberspannungsschutz-pv-photovoltaik-trennschalter-32a_147900_5710;https://cdn03.plentyone.com/iidhyn1xr43q/item/images/147900/full/Galeriebild-pxo.jpg;Solarenergie > Solarstecker- und Kabel;;False;1;2026-09-16T11:54:57+00:00
147921;DC Solar Anschlusskasten Überspannungsschutz PV Photovoltaik Trennschalter 32A;179.9;179.9;False;0.0;True;boolean;Sofort versandfertig, Lieferzeit 48h;2;1000;https://www.jws-store.de/solarenergie/solarstecker/dc-solar-anschlusskasten-ueberspannungsschutz-pv-photovoltaik-trennschalter-32a_147900_5711;https://cdn03.plentyone.com/iidhyn1xr43q/item/images/147900/full/Galeriebild-pxo.jpg;Solarenergie > Solarstecker- und Kabel;;False;1;2026-09-16T11:54:57+00:00
147931;DC Solar Anschlusskasten Überspannungsschutz PV Photovoltaik Trennschalter 32A;229.9;229.9;False;0.0;True;boolean;Sofort versandfertig, Lieferzeit 48h;2;1000;https://www.jws-store.de/solarenergie/solarstecker/dc-solar-anschlusskasten-ueberspannungsschutz-pv-photovoltaik-trennschalter-32a_147900_5713;https://cdn03.plentyone.com/iidhyn1xr43q/item/images/147900/full/Galeriebild-pxo.jpg;Solarenergie > Solarstecker- und Kabel;;False;1;2026-09-16T11:54:57+00:00
147000;DC Trennschalter Solar Umschalter Ausschalter Hauptschalter 4-polig 32A 1000V;39.9;39.9;False;0.0;True;boolean;Sofort versandfertig, Lieferzeit 48h;2;1000;https://www.jws-store.de/solarstecker/dc-trennschalter-solar-umschalter-ausschalter-freischalter-4-polig-32a-1000v-mit-ohne-stecker_147000_5346;https://cdn03.plentyone.com/iidhyn1xr43q/item/images/147000/full/Trennschalter-Galeriebild.jpg;Solarenergie > Solarstecker- und Kabel;;False;1;2026-09-16T11:54:57+00:00
129.;DC Trennschalter Solar Umschalter Ausschalter Hauptschalter 4-polig 32A 1000V;31.9;31.9;False;0.0;True;boolean;Sofort versandfertig, Lieferzeit 48h;2;1000;https://www.jws-store.de/solarstecker/dc-trennschalter-solar-umschalter-ausschalter-freischalter-4-polig-32a-1000v-mit-ohne-stecker_147000_5347;https://cdn03.plentyone.com/iidhyn1xr43q/item/images/147000/full/Trennschalter-Galeriebild.jpg;Solarenergie > Solarstecker- und Kabel;;False;1;2026-09-16T11:54:57+00:00
128.;DC Trennschalter Solar Umschalter Ausschalter Hauptschalter 4-polig 32A 1000V;29.9;29.9;False;0.0;True;boolean;Sofort versandfertig, Lieferzeit 48h;2;1000;https://www.jws-store.de/solarstecker/dc-trennschalter-solar-umschalter-ausschalter-freischalter-4-polig-32a-1000v-mit-ohne-stecker_147000_5348;https://cdn03.plentyone.com/iidhyn1xr43q/item/images/147000/full/Trennschalter-Galeriebild.jpg;Solarenergie > Solarstecker- und Kabel;;False;1;2026-09-16T11:54:57+00:00
118.;DC Trennschalter Solar Umschalter Ausschalter Hauptschalter 4-polig 32A 1000V;34.9;34.9;False;0.0;True;boolean;Sofort versandfertig, Lieferzeit 48h;2;1000;https://www.jws-store.de/solarstecker/dc-trennschalter-solar-umschalter-ausschalter-freischalter-4-polig-32a-1000v-mit-ohne-stecker_147000_6216;https://cdn03.plentyone.com/iidhyn1xr43q/item/images/147000/full/Trennschalter-Galeriebild.jpg;Solarenergie > Solarstecker- und Kabel;;False;1;2026-09-16T11:54:57+00:00
253035;Kabel Einspeisung Schukostecker 3m 5m Balkonkraftwerk Anschlusskabel TSUN NEP;29.9;29.9;False;0.0;True;boolean;Sofort versandfertig, Lieferzeit 48h;2;0;https://www.jws-store.de/solarenergie/solarkabel/kabel-einspeisung-schukostecker-3m-5m-balkonkraftwerk-anschlusskabel-tsun-nep_253035_5976;https://cdn03.plentyone.com/iidhyn1xr43q/item/images/253035/full/cable--2-.png;Solarenergie > Solarstecker- und Kabel;;False;1;2026-09-16T11:54:57+00:00
5m;Kabel Einspeisung Schukostecker 3m 5m Balkonkraftwerk Anschlusskabel TSUN NEP;39.9;39.9;False;0.0;True;boolean;Sofort versandfertig, Lieferzeit 48h;2;0;https://www.jws-store.de/solarenergie/solarkabel/kabel-einspeisung-schukostecker-3m-5m-balkonkraftwerk-anschlusskabel-tsun-nep_253035_5978;https://cdn03.plentyone.com/iidhyn1xr43q/item/images/253035/full/cable--2-.png;Solarenergie > Solarstecker- und Kabel;;False;1;2026-09-16T11:54:57+00:00
252020;Kabelklemme 100Stück Solarklemme Kantenclip PV-Edgeclip Drahtklemme Klemme Clip;21.9;22.9;True;4.37;True;boolean;Sofort versandfertig, Lieferzeit 48h;2;0;https://www.jws-store.de/kabelklemme-100stueck-solarklemme-kantenclip-pv-edgeclip-drahtklemme-klemme-clip_252020_5966;https://cdn03.plentyone.com/iidhyn1xr43q/item/images/252020/full/1-pxo.jpg;Solarenergie > Solarstecker- und Kabel;;False;1;2026-09-16T11:54:57+00:00
10 Stück;Kabelklemme Erdungsklemme Alu Edelstahl PV Solarpanel Erdung Blitzschutz Klemme;19.9;19.9;False;0.0;True;boolean;Sofort versandfertig, Lieferzeit 48h;2;1000;https://www.jws-store.de/solarenergie/solarstecker/kabelklemme-erdungsklemme-alu-edelstahl-pv-solarpanel-erdung-blitzschutz-klemme_252010_5967;https://cdn03.plentyone.com/iidhyn1xr43q/item/images/252010/full/7-pxo.jpg;Solarenergie > Solarstecker- und Kabel;;False;1;2026-09-16T11:54:57+00:00
20 Stück;Kabelklemme Erdungsklemme Alu Edelstahl PV Solarpanel Erdung Blitzschutz Klemme;34.9;34.9;False;0.0;True;boolean;Sofort versandfertig, Lieferzeit 48h;2;1000;https://www.jws-store.de/solarenergie/solarstecker/kabelklemme-erdungsklemme-alu-edelstahl-pv-solarpanel-erdung-blitzschutz-klemme_252010_5968;https://cdn03.plentyone.com/iidhyn1xr43q/item/images/252010/full/7-pxo.jpg;Solarenergie > Solarstecker- und Kabel;;False;1;2026-09-16T11:54:57+00:00
282.;Solar Stecker Buchse Verbindungsstecker Y Stecker T Stecker;10.5;10.5;False;0.0;True;boolean;Sofort versandfertig, Lieferzeit 48h;2;1000;https://www.jws-store.de/solarenergie/solarstecker/solar-stecker-buchse-verbindungsstecker_1126_4654;https://cdn03.plentyone.com/iidhyn1xr43q/item/images/1126/full/1126-Galeriebild.jpg;Solarenergie > Solarstecker- und Kabel;JWS;False;1;2026-09-16T11:54:57+00:00
5x126;Solar Stecker Buchse Verbindungsstecker Y Stecker T Stecker;17.9;17.9;False;0.0;True;boolean;Sofort versandfertig, Lieferzeit 48h;2;1000;https://www.jws-store.de/solarenergie/solarstecker/solar-stecker-buchse-verbindungsstecker_1126_4649;https://cdn03.plentyone.com/iidhyn1xr43q/item/images/1126/full/1126-Galeriebild.jpg;Solarenergie > Solarstecker- und Kabel;JWS;False;1;2026-09-16T11:54:57+00:00
1283.;Solar Stecker Buchse Verbindungsstecker Y Stecker T Stecker;16.5;16.5;False;0.0;True;boolean;Sofort versandfertig, Lieferzeit 48h;2;1000;https://www.jws-store.de/solarenergie/solarstecker/solar-stecker-buchse-verbindungsstecker_1126_4655;https://cdn03.plentyone.com/iidhyn1xr43q/item/images/1126/full/1126-Galeriebild.jpg;Solarenergie > Solarstecker- und Kabel;JWS;False;1;2026-09-16T11:54:57+00:00
10x126;Solar Stecker Buchse Verbindungsstecker Y Stecker T Stecker;29.9;29.9;False;0.0;True;boolean;Sofort versandfertig, Lieferzeit 48h;2;1000;https://www.jws-store.de/solarenergie/solarstecker/solar-stecker-buchse-verbindungsstecker_1126_4650;https://cdn03.plentyone.com/iidhyn1xr43q/item/images/1126/full/1126-Galeriebild.jpg;Solarenergie > Solarstecker- und Kabel;JWS;False;1;2026-09-16T11:54:57+00:00
1281.;Solar Stecker Buchse Verbindungsstecker Y Stecker T Stecker;12.5;12.5;False;0.0;True;boolean;Sofort versandfertig, Lieferzeit 48h;2;1000;https://www.jws-store.de/solarenergie/solarstecker/solar-stecker-buchse-verbindungsstecker_1126_4651;https://cdn03.plentyone.com/iidhyn1xr43q/item/images/1126/full/1126-Galeriebild.jpg;Solarenergie > Solarstecker- und Kabel;JWS;False;1;2026-09-16T11:54:57+00:00
1282.;Solar Stecker Buchse Verbindungsstecker Y Stecker T Stecker;16.5;16.5;False;0.0;True;boolean;Sofort versandfertig, Lieferzeit 48h;2;1000;https://www.jws-store.de/solarenergie/solarstecker/solar-stecker-buchse-verbindungsstecker_1126_4652;https://cdn03.plentyone.com/iidhyn1xr43q/item/images/1126/full/1126-Galeriebild.jpg;Solarenergie > Solarstecker- und Kabel;JWS;False;1;2026-09-16T11:54:57+00:00
1126;Solar Stecker Buchse Verbindungsstecker Y Stecker T Stecker;5.45;5.45;False;0.0;True;boolean;Sofort versandfertig, Lieferzeit 48h;2;1000;https://www.jws-store.de/solarenergie/solarstecker/solar-stecker-buchse-verbindungsstecker_1126_4647;https://cdn03.plentyone.com/iidhyn1xr43q/item/images/1126/full/1126-Galeriebild.jpg;Solarenergie > Solarstecker- und Kabel;JWS;False;1;2026-09-16T11:54:57+00:00
1284.;Solar Stecker Buchse Verbindungsstecker Y Stecker T Stecker;21.5;21.5;False;0.0;True;boolean;Sofort versandfertig, Lieferzeit 48h;2;1000;https://www.jws-store.de/solarenergie/solarstecker/solar-stecker-buchse-verbindungsstecker_1126_4653;https://cdn03.plentyone.com/iidhyn1xr43q/item/images/1126/full/1126-Galeriebild.jpg;Solarenergie > Solarstecker- und Kabel;JWS;False;1;2026-09-16T11:54:57+00:00
126.;Solar Stecker Buchse Verbindungsstecker Y Stecker T Stecker;5.45;5.45;False;0.0;True;boolean;Sofort versandfertig, Lieferzeit 48h;2;1000;https://www.jws-store.de/solarenergie/solarstecker/solar-stecker-buchse-verbindungsstecker_1126_4648;https://cdn03.plentyone.com/iidhyn1xr43q/item/images/1126/full/1126-Galeriebild.jpg;Solarenergie > Solarstecker- und Kabel;JWS;False;1;2026-09-16T11:54:57+00:00
216;Solarkabel Meterware 4mm;1.79;1.79;False;0.0;True;boolean;Sofort versandfertig, Lieferzeit 48h;2;50;https://www.jws-store.de/solarenergie/solarkabel/solarkabel-meterware-4mm_216_1090;https://cdn03.plentyone.com/iidhyn1xr43q/item/images/216/full/216-Solarkabel.jpg;Solarenergie > Solarstecker- und Kabel;JWS;False;1;2026-09-16T11:54:57+00:00
1_Eck_Horizontal;Solarzaun 370W Solarmodulen Zaunpfosten Einbetonieren horizontal vertikal Zaun;299.9;299.9;False;0.0;True;boolean;Sofort versandfertig, Lieferzeit 48h;2;10000;https://www.jws-store.de/solarzaun-pfosten-einbetonierung-pv-solar-zaun-sichtschutz_60_7027;https://cdn03.plentyone.com/iidhyn1xr43q/item/images/60/full/61-1--Anwendung1-pxo.jpg;Solarenergie > Solarzäune;JWS-Solar;False;1;2026-09-16T11:54:57+00:00
1_Eck_Vertikal;Solarzaun 370W Solarmodulen Zaunpfosten Einbetonieren horizontal vertikal Zaun;319.9;319.9;False;0.0;True;boolean;Sofort versandfertig, Lieferzeit 48h;2;10000;https://www.jws-store.de/solarzaun-pfosten-einbetonierung-pv-solar-zaun-sichtschutz_60_7043;https://cdn03.plentyone.com/iidhyn1xr43q/item/images/60/full/61-1--Anwendung1-pxo.jpg;Solarenergie > Solarzäune;JWS-Solar;False;1;2026-09-16T11:54:57+00:00
4_Horizontal;Solarzaun 370W Solarmodulen Zaunpfosten Einbetonieren horizontal vertikal Zaun;1049.9;1049.9;False;0.0;True;boolean;Sofort versandfertig, Lieferzeit 48h;2;10000;https://www.jws-store.de/solarzaun-pfosten-einbetonierung-pv-solar-zaun-sichtschutz_60_7022;https://cdn03.plentyone.com/iidhyn1xr43q/item/images/60/full/61-1--Anwendung1-pxo.jpg;Solarenergie > Solarzäune;JWS-Solar;False;1;2026-09-16T11:54:57+00:00
4_Vertikal;Solarzaun 370W Solarmodulen Zaunpfosten Einbetonieren horizontal vertikal Zaun;1129.9;1129.9;False;0.0;True;boolean;Sofort versandfertig, Lieferzeit 48h;2;10000;https://www.jws-store.de/solarzaun-pfosten-einbetonierung-pv-solar-zaun-sichtschutz_60_7038;https://cdn03.plentyone.com/iidhyn1xr43q/item/images/60/full/61-1--Anwendung1-pxo.jpg;Solarenergie > Solarzäune;JWS-Solar;False;1;2026-09-16T11:54:57+00:00
7_Eck_Horizontal;Solarzaun 370W Solarmodulen Zaunpfosten Einbetonieren horizontal vertikal Zaun;1799.9;1799.9;False;0.0;True;boolean;Sofort versandfertig, Lieferzeit 48h;2;10000;https://www.jws-store.de/solarzaun-pfosten-einbetonierung-pv-solar-zaun-sichtschutz_60_7033;https://cdn03.plentyone.com/iidhyn1xr43q/item/images/60/full/61-1--Anwendung1-pxo.jpg;Solarenergie > Solarzäune;JWS-Solar;False;1;2026-09-16T11:54:57+00:00
7_Eck_Vertikal;Solarzaun 370W Solarmodulen Zaunpfosten Einbetonieren horizontal vertikal Zaun;1999.9;1999.9;False;0.0;True;boolean;Sofort versandfertig, Lieferzeit 48h;2;10000;https://www.jws-store.de/solarzaun-pfosten-einbetonierung-pv-solar-zaun-sichtschutz_60_7049;https://cdn03.plentyone.com/iidhyn1xr43q/item/images/60/full/61-1--Anwendung1-pxo.jpg;Solarenergie > Solarzäune;JWS-Solar;False;1;2026-09-16T11:54:57+00:00
2_Eck_Horizontal;Solarzaun 370W Solarmodulen Zaunpfosten Einbetonieren horizontal vertikal Zaun;559.9;559.9;False;0.0;True;boolean;Sofort versandfertig, Lieferzeit 48h;2;10000;https://www.jws-store.de/solarzaun-pfosten-einbetonierung-pv-solar-zaun-sichtschutz_60_7028;https://cdn03.plentyone.com/iidhyn1xr43q/item/images/60/full/61-1--Anwendung1-pxo.jpg;Solarenergie > Solarzäune;JWS-Solar;False;1;2026-09-16T11:54:57+00:00
2_Eck_Vertikal;Solarzaun 370W Solarmodulen Zaunpfosten Einbetonieren horizontal vertikal Zaun;599.9;599.9;False;0.0;True;boolean;Sofort versandfertig, Lieferzeit 48h;2;10000;https://www.jws-store.de/solarzaun-pfosten-einbetonierung-pv-solar-zaun-sichtschutz_60_7044;https://cdn03.plentyone.com/iidhyn1xr43q/item/images/60/full/61-1--Anwendung1-pxo.jpg;Solarenergie > Solarzäune;JWS-Solar;False;1;2026-09-16T11:54:57+00:00
5_Horizontal;Solarzaun 370W Solarmodulen Zaunpfosten Einbetonieren horizontal vertikal Zaun;1299.9;1299.9;False;0.0;True;boolean;Sofort versandfertig, Lieferzeit 48h;2;10000;https://www.jws-store.de/solarzaun-pfosten-einbetonierung-pv-solar-zaun-sichtschutz_60_7023;https://cdn03.plentyone.com/iidhyn1xr43q/item/images/60/full/61-1--Anwendung1-pxo.jpg;Solarenergie > Solarzäune;JWS-Solar;False;1;2026-09-16T11:54:57+00:00
5_Vertikal;Solarzaun 370W Solarmodulen Zaunpfosten Einbetonieren horizontal vertikal Zaun;1399.9;1399.9;False;0.0;True;boolean;Sofort versandfertig, Lieferzeit 48h;2;10000;https://www.jws-store.de/solarzaun-pfosten-einbetonierung-pv-solar-zaun-sichtschutz_60_7039;https://cdn03.plentyone.com/iidhyn1xr43q/item/images/60/full/61-1--Anwendung1-pxo.jpg;Solarenergie > Solarzäune;JWS-Solar;False;1;2026-09-16T11:54:57+00:00
8_Eck_Horizontal;Solarzaun 370W Solarmodulen Zaunpfosten Einbetonieren horizontal vertikal Zaun;2099.9;2099.9;False;0.0;True;boolean;Sofort versandfertig, Lieferzeit 48h;2;10000;https://www.jws-store.de/solarzaun-pfosten-einbetonierung-pv-solar-zaun-sichtschutz_60_7034;https://cdn03.plentyone.com/iidhyn1xr43q/item/images/60/full/61-1--Anwendung1-pxo.jpg;Solarenergie > Solarzäune;JWS-Solar;False;1;2026-09-16T11:54:57+00:00
8_Eck_Vertikal;Solarzaun 370W Solarmodulen Zaunpfosten Einbetonieren horizontal vertikal Zaun;2199.9;2199.9;False;0.0;True;boolean;Sofort versandfertig, Lieferzeit 48h;2;10000;https://www.jws-store.de/solarzaun-pfosten-einbetonierung-pv-solar-zaun-sichtschutz_60_7050;https://cdn03.plentyone.com/iidhyn1xr43q/item/images/60/full/61-1--Anwendung1-pxo.jpg;Solarenergie > Solarzäune;JWS-Solar;False;1;2026-09-16T11:54:57+00:00
3_Eck_Horizontal;Solarzaun 370W Solarmodulen Zaunpfosten Einbetonieren horizontal vertikal Zaun;799.9;799.9;False;0.0;True;boolean;Sofort versandfertig, Lieferzeit 48h;2;10000;https://www.jws-store.de/solarzaun-pfosten-einbetonierung-pv-solar-zaun-sichtschutz_60_7029;https://cdn03.plentyone.com/iidhyn1xr43q/item/images/60/full/61-1--Anwendung1-pxo.jpg;Solarenergie > Solarzäune;JWS-Solar;False;1;2026-09-16T11:54:57+00:00
3_Eck_Vertikal;Solarzaun 370W Solarmodulen Zaunpfosten Einbetonieren horizontal vertikal Zaun;899.9;899.9;False;0.0;True;boolean;Sofort versandfertig, Lieferzeit 48h;2;10000;https://www.jws-store.de/solarzaun-pfosten-einbetonierung-pv-solar-zaun-sichtschutz_60_7045;https://cdn03.plentyone.com/iidhyn1xr43q/item/images/60/full/61-1--Anwendung1-pxo.jpg;Solarenergie > Solarzäune;JWS-Solar;False;1;2026-09-16T11:54:57+00:00
6_Horizontal;Solarzaun 370W Solarmodulen Zaunpfosten Einbetonieren horizontal vertikal Zaun;1549.9;1549.9;False;0.0;True;boolean;Sofort versandfertig, Lieferzeit 48h;2;10000;https://www.jws-store.de/solarzaun-pfosten-einbetonierung-pv-solar-zaun-sichtschutz_60_7024;https://cdn03.plentyone.com/iidhyn1xr43q/item/images/60/full/61-1--Anwendung1-pxo.jpg;Solarenergie > Solarzäune;JWS-Solar;False;1;2026-09-16T11:54:57+00:00
6_Vertikal;Solarzaun 370W Solarmodulen Zaunpfosten Einbetonieren horizontal vertikal Zaun;1669.9;1669.9;False;0.0;True;boolean;Sofort versandfertig, Lieferzeit 48h;2;10000;https://www.jws-store.de/solarzaun-pfosten-einbetonierung-pv-solar-zaun-sichtschutz_60_7040;https://cdn03.plentyone.com/iidhyn1xr43q/item/images/60/full/61-1--Anwendung1-pxo.jpg;Solarenergie > Solarzäune;JWS-Solar;False;1;2026-09-16T11:54:57+00:00
1_Horizontal;Solarzaun 370W Solarmodulen Zaunpfosten Einbetonieren horizontal vertikal Zaun;299.9;299.9;False;0.0;True;boolean;Sofort versandfertig, Lieferzeit 48h;2;10000;https://www.jws-store.de/solarzaun-pfosten-einbetonierung-pv-solar-zaun-sichtschutz_60_7019;https://cdn03.plentyone.com/iidhyn1xr43q/item/images/60/full/61-1--Anwendung1-pxo.jpg;Solarenergie > Solarzäune;JWS-Solar;False;1;2026-09-16T11:54:57+00:00
1_Vertikal;Solarzaun 370W Solarmodulen Zaunpfosten Einbetonieren horizontal vertikal Zaun;319.9;319.9;False;0.0;True;boolean;Sofort versandfertig, Lieferzeit 48h;2;10000;https://www.jws-store.de/solarzaun-pfosten-einbetonierung-pv-solar-zaun-sichtschutz_60_7035;https://cdn03.plentyone.com/iidhyn1xr43q/item/images/60/full/61-1--Anwendung1-pxo.jpg;Solarenergie > Solarzäune;JWS-Solar;False;1;2026-09-16T11:54:57+00:00
4_Eck_Horizontal;Solarzaun 370W Solarmodulen Zaunpfosten Einbetonieren horizontal vertikal Zaun;1099.9;1099.9;False;0.0;True;boolean;Sofort versandfertig, Lieferzeit 48h;2;10000;https://www.jws-store.de/solarzaun-pfosten-einbetonierung-pv-solar-zaun-sichtschutz_60_7030;https://cdn03.plentyone.com/iidhyn1xr43q/item/images/60/full/61-1--Anwendung1-pxo.jpg;Solarenergie > Solarzäune;JWS-Solar;False;1;2026-09-16T11:54:57+00:00
4_Eck_Vertikal;Solarzaun 370W Solarmodulen Zaunpfosten Einbetonieren horizontal vertikal Zaun;1199.9;1199.9;False;0.0;True;boolean;Sofort versandfertig, Lieferzeit 48h;2;10000;https://www.jws-store.de/solarzaun-pfosten-einbetonierung-pv-solar-zaun-sichtschutz_60_7046;https://cdn03.plentyone.com/iidhyn1xr43q/item/images/60/full/61-1--Anwendung1-pxo.jpg;Solarenergie > Solarzäune;JWS-Solar;False;1;2026-09-16T11:54:57+00:00
7_Horizontal;Solarzaun 370W Solarmodulen Zaunpfosten Einbetonieren horizontal vertikal Zaun;1799.9;1799.9;False;0.0;True;boolean;Sofort versandfertig, Lieferzeit 48h;2;10000;https://www.jws-store.de/solarzaun-pfosten-einbetonierung-pv-solar-zaun-sichtschutz_60_7025;https://cdn03.plentyone.com/iidhyn1xr43q/item/images/60/full/61-1--Anwendung1-pxo.jpg;Solarenergie > Solarzäune;JWS-Solar;False;1;2026-09-16T11:54:57+00:00
7_Vertikal;Solarzaun 370W Solarmodulen Zaunpfosten Einbetonieren horizontal vertikal Zaun;1939.9;1939.9;False;0.0;True;boolean;Sofort versandfertig, Lieferzeit 48h;2;10000;https://www.jws-store.de/solarzaun-pfosten-einbetonierung-pv-solar-zaun-sichtschutz_60_7041;https://cdn03.plentyone.com/iidhyn1xr43q/item/images/60/full/61-1--Anwendung1-pxo.jpg;Solarenergie > Solarzäune;JWS-Solar;False;1;2026-09-16T11:54:57+00:00
2_Horizontal;Solarzaun 370W Solarmodulen Zaunpfosten Einbetonieren horizontal vertikal Zaun;549.9;549.9;False;0.0;True;boolean;Sofort versandfertig, Lieferzeit 48h;2;10000;https://www.jws-store.de/solarzaun-pfosten-einbetonierung-pv-solar-zaun-sichtschutz_60_7020;https://cdn03.plentyone.com/iidhyn1xr43q/item/images/60/full/61-1--Anwendung1-pxo.jpg;Solarenergie > Solarzäune;JWS-Solar;False;1;2026-09-16T11:54:57+00:00
2_Vertikal;Solarzaun 370W Solarmodulen Zaunpfosten Einbetonieren horizontal vertikal Zaun;589.9;589.9;False;0.0;True;boolean;Sofort versandfertig, Lieferzeit 48h;2;10000;https://www.jws-store.de/solarzaun-pfosten-einbetonierung-pv-solar-zaun-sichtschutz_60_7036;https://cdn03.plentyone.com/iidhyn1xr43q/item/images/60/full/61-1--Anwendung1-pxo.jpg;Solarenergie > Solarzäune;JWS-Solar;False;1;2026-09-16T11:54:57+00:00
5_Eck_Horizontal;Solarzaun 370W Solarmodulen Zaunpfosten Einbetonieren horizontal vertikal Zaun;1299.9;1299.9;False;0.0;True;boolean;Sofort versandfertig, Lieferzeit 48h;2;10000;https://www.jws-store.de/solarzaun-pfosten-einbetonierung-pv-solar-zaun-sichtschutz_60_7031;https://cdn03.plentyone.com/iidhyn1xr43q/item/images/60/full/61-1--Anwendung1-pxo.jpg;Solarenergie > Solarzäune;JWS-Solar;False;1;2026-09-16T11:54:57+00:00
5_Eck_Vertikal;Solarzaun 370W Solarmodulen Zaunpfosten Einbetonieren horizontal vertikal Zaun;1399.9;1399.9;False;0.0;True;boolean;Sofort versandfertig, Lieferzeit 48h;2;10000;https://www.jws-store.de/solarzaun-pfosten-einbetonierung-pv-solar-zaun-sichtschutz_60_7047;https://cdn03.plentyone.com/iidhyn1xr43q/item/images/60/full/61-1--Anwendung1-pxo.jpg;Solarenergie > Solarzäune;JWS-Solar;False;1;2026-09-16T11:54:57+00:00
8_Horizontal;Solarzaun 370W Solarmodulen Zaunpfosten Einbetonieren horizontal vertikal Zaun;2049.9;2049.9;False;0.0;True;boolean;Sofort versandfertig, Lieferzeit 48h;2;10000;https://www.jws-store.de/solarzaun-pfosten-einbetonierung-pv-solar-zaun-sichtschutz_60_7026;https://cdn03.plentyone.com/iidhyn1xr43q/item/images/60/full/61-1--Anwendung1-pxo.jpg;Solarenergie > Solarzäune;JWS-Solar;False;1;2026-09-16T11:54:57+00:00
8_Vertikal;Solarzaun 370W Solarmodulen Zaunpfosten Einbetonieren horizontal vertikal Zaun;2209.9;2209.9;False;0.0;True;boolean;Sofort versandfertig, Lieferzeit 48h;2;10000;https://www.jws-store.de/solarzaun-pfosten-einbetonierung-pv-solar-zaun-sichtschutz_60_7042;https://cdn03.plentyone.com/iidhyn1xr43q/item/images/60/full/61-1--Anwendung1-pxo.jpg;Solarenergie > Solarzäune;JWS-Solar;False;1;2026-09-16T11:54:57+00:00
3_Horizontal;Solarzaun 370W Solarmodulen Zaunpfosten Einbetonieren horizontal vertikal Zaun;799.9;799.9;False;0.0;True;boolean;Sofort versandfertig, Lieferzeit 48h;2;10000;https://www.jws-store.de/solarzaun-pfosten-einbetonierung-pv-solar-zaun-sichtschutz_60_7021;https://cdn03.plentyone.com/iidhyn1xr43q/item/images/60/full/61-1--Anwendung1-pxo.jpg;Solarenergie > Solarzäune;JWS-Solar;False;1;2026-09-16T11:54:57+00:00
3_Vertikal;Solarzaun 370W Solarmodulen Zaunpfosten Einbetonieren horizontal vertikal Zaun;859.9;859.9;False;0.0;True;boolean;Sofort versandfertig, Lieferzeit 48h;2;10000;https://www.jws-store.de/solarzaun-pfosten-einbetonierung-pv-solar-zaun-sichtschutz_60_7037;https://cdn03.plentyone.com/iidhyn1xr43q/item/images/60/full/61-1--Anwendung1-pxo.jpg;Solarenergie > Solarzäune;JWS-Solar;False;1;2026-09-16T11:54:57+00:00
6_Eck_Horizontal;Solarzaun 370W Solarmodulen Zaunpfosten Einbetonieren horizontal vertikal Zaun;1559.9;1559.9;False;0.0;True;boolean;Sofort versandfertig, Lieferzeit 48h;2;10000;https://www.jws-store.de/solarzaun-pfosten-einbetonierung-pv-solar-zaun-sichtschutz_60_7032;https://cdn03.plentyone.com/iidhyn1xr43q/item/images/60/full/61-1--Anwendung1-pxo.jpg;Solarenergie > Solarzäune;JWS-Solar;False;1;2026-09-16T11:54:57+00:00
6_Eck_Vertikal;Solarzaun 370W Solarmodulen Zaunpfosten Einbetonieren horizontal vertikal Zaun;1699.9;1699.9;False;0.0;True;boolean;Sofort versandfertig, Lieferzeit 48h;2;10000;https://www.jws-store.de/solarzaun-pfosten-einbetonierung-pv-solar-zaun-sichtschutz_60_7048;https://cdn03.plentyone.com/iidhyn1xr43q/item/images/60/full/61-1--Anwendung1-pxo.jpg;Solarenergie > Solarzäune;JWS-Solar;False;1;2026-09-16T11:54:57+00:00
149300;Stockschrauben Solar Edelstahl Sperrzahnmutter Photovoltaik M10 Adapterplatte;2.09;2.09;False;0.0;True;boolean;Sofort versandfertig, Lieferzeit 48h;2;1000;https://www.jws-store.de/solarenergie/solarpanels-mono-black-edition/stockschraube-vormontiert-edelstahl-sperrzahnmutter-dichtung-mit-ohne-adapterplatte_149300_5298;https://cdn03.plentyone.com/iidhyn1xr43q/item/images/149300/full/Schrauben-Galerie-pxo.jpg;Solarhalterungen;;False;1;2026-09-16T11:54:57+00:00
94;160W 160 WATT Solarkoffer Solarpanel Solarmodul Photovoltaik Solar 12Volt 12V;249.9;249.9;False;0.0;True;boolean;Sofort versandfertig, Lieferzeit 48h;2;1000;https://www.jws-store.de/solarenergie/solarkoffer/160w-160-watt-solarkoffer-solarpanel-solarmodul-photovoltaik-solar-12volt-12v_94_1363;https://cdn03.plentyone.com/iidhyn1xr43q/item/images/94/full/Solarkoffer.jpg;Solarpanel Mono;JWS;False;1;2026-09-16T11:54:57+00:00
147900;DC Solar Anschlusskasten Überspannungsschutz PV Photovoltaik Trennschalter 32A;149.9;149.9;False;0.0;True;boolean;Sofort versandfertig, Lieferzeit 48h;2;1000;https://www.jws-store.de/solarenergie/solarstecker/dc-solar-anschlusskasten-ueberspannungsschutz-pv-photovoltaik-trennschalter-32a_147900_5709;https://cdn03.plentyone.com/iidhyn1xr43q/item/images/147900/full/Galeriebild-pxo.jpg;Solarstecker > Trennschalter und Anschlusskästen;;False;1;2026-09-16T11:54:57+00:00
97;Forstzange Rückezange Holz Zange Greifzange Holzgreifer Verladezange;69.9;79.9;True;12.52;True;boolean;Sofort versandfertig, Lieferzeit 48h;2;3000;https://www.jws-store.de/sonstiges/forstzange-rueckezange-holz-zange-greifzange-holzgreifer-verladezange_90_6168;https://cdn03.plentyone.com/iidhyn1xr43q/item/images/90/full/Galeriebild-pxo.jpg;Sonstiges;JWS;False;1;2026-09-16T11:54:57+00:00
90;Forstzange Rückezange Holz Zange Greifzange Holzgreifer Verladezange;29.9;29.9;False;0.0;True;boolean;Sofort versandfertig, Lieferzeit 48h;2;3000;https://www.jws-store.de/sonstiges/forstzange-rueckezange-holz-zange-greifzange-holzgreifer-verladezange_90_6165;https://cdn03.plentyone.com/iidhyn1xr43q/item/images/90/full/Galeriebild-pxo.jpg;Sonstiges;JWS;False;1;2026-09-16T11:54:57+00:00
93;Forstzange Rückezange Holz Zange Greifzange Holzgreifer Verladezange;29.9;29.9;False;0.0;True;boolean;Sofort versandfertig, Lieferzeit 48h;2;3000;https://www.jws-store.de/sonstiges/forstzange-rueckezange-holz-zange-greifzange-holzgreifer-verladezange_90_6166;https://cdn03.plentyone.com/iidhyn1xr43q/item/images/90/full/Galeriebild-pxo.jpg;Sonstiges;JWS;False;1;2026-09-16T11:54:57+00:00
96;Forstzange Rückezange Holz Zange Greifzange Holzgreifer Verladezange;59.9;69.9;True;14.31;True;boolean;Sofort versandfertig, Lieferzeit 48h;2;3000;https://www.jws-store.de/sonstiges/forstzange-rueckezange-holz-zange-greifzange-holzgreifer-verladezange_90_6167;https://cdn03.plentyone.com/iidhyn1xr43q/item/images/90/full/Galeriebild-pxo.jpg;Sonstiges;JWS;False;1;2026-09-16T11:54:57+00:00
1005340;B-Ware Elektrische Fußbodenheizung 200Watt je m² Elektrisch TWIN Technologie JWS 4m²;45.0;45.0;False;0.0;True;boolean;Sofort versandfertig, Lieferzeit 48h;2;1000;https://www.jws-store.de/sonstiges/ware/ware-elektrische-fussbodenheizung-200watt-je-m-elektrisch-twin-technologie-jws-4m_1005340_7094;https://cdn03.plentyone.com/iidhyn1xr43q/item/images/1005340/full/4.png;Sonstiges > B-Ware;;False;1;2026-09-16T11:54:57+00:00
999;B-Ware Solarpanel Solarmodul 100Watt 12V 12Volt Solarzelle Solar Polykristallin;30.0;30.0;False;0.0;True;boolean;Sofort versandfertig, Lieferzeit 48h;2;0;https://www.jws-store.de/sonstiges/ware/ware-solarmodul-100w-polykristallin_999_7080;https://cdn03.plentyone.com/iidhyn1xr43q/item/images/999/full/IMG-4114.jpg;Sonstiges > B-Ware;JWS;False;1;2026-09-16T11:54:57+00:00
15;B-Ware U-Tischbeine klar lackiert 720x900mm Metalltischbeine Industriedesign;35.0;35.0;False;0.0;True;boolean;Sofort versandfertig, Lieferzeit 48h;2;5000;https://www.jws-store.de/sonstiges/ware/u-tischbeine-klar-lackiert-720x900mmb-ware-metalltischbeine-industriedesign_15_7093;https://cdn03.plentyone.com/iidhyn1xr43q/item/images/15/full/IMG-4398a--1-.jpg;Sonstiges > B-Ware;JWS;False;1;2026-09-16T11:54:57+00:00
186880;Design Duschwanne Steinoptik SMC Antirutsch Duschtasse Ablaufgarnitur Edelstahl;114.9;114.9;False;0.0;True;boolean;Sofort versandfertig, Lieferzeit 48h;2;1000;https://www.jws-store.de/sonstiges/design-duschwanne-steinoptik-smc-antirutsch-duschtasse-ablaufgarnitur-edelstahl_185000_6776;https://cdn03.plentyone.com/iidhyn1xr43q/item/images/185000/full/Duschtasse.jpg;Sonstiges > Duschtassen;JWS;False;1;2026-09-16T11:54:57+00:00
185990;Design Duschwanne Steinoptik SMC Antirutsch Duschtasse Ablaufgarnitur Edelstahl;134.9;134.9;False;0.0;True;boolean;Sofort versandfertig, Lieferzeit 48h;2;1000;https://www.jws-store.de/sonstiges/design-duschwanne-steinoptik-smc-antirutsch-duschtasse-ablaufgarnitur-edelstahl_185000_6783;https://cdn03.plentyone.com/iidhyn1xr43q/item/images/185000/full/Duschtasse.jpg;Sonstiges > Duschtassen;JWS;False;1;2026-09-16T11:54:57+00:00
186890;Design Duschwanne Steinoptik SMC Antirutsch Duschtasse Ablaufgarnitur Edelstahl;134.9;134.9;False;0.0;True;boolean;Sofort versandfertig, Lieferzeit 48h;2;1000;https://www.jws-store.de/sonstiges/design-duschwanne-steinoptik-smc-antirutsch-duschtasse-ablaufgarnitur-edelstahl_185000_6778;https://cdn03.plentyone.com/iidhyn1xr43q/item/images/185000/full/Duschtasse.jpg;Sonstiges > Duschtassen;JWS;False;1;2026-09-16T11:54:57+00:00
186990;Design Duschwanne Steinoptik SMC Antirutsch Duschtasse Ablaufgarnitur Edelstahl;144.9;144.9;False;0.0;True;boolean;Sofort versandfertig, Lieferzeit 48h;2;1000;https://www.jws-store.de/sonstiges/design-duschwanne-steinoptik-smc-antirutsch-duschtasse-ablaufgarnitur-edelstahl_185000_6784;https://cdn03.plentyone.com/iidhyn1xr43q/item/images/185000/full/Duschtasse.jpg;Sonstiges > Duschtassen;JWS;False;1;2026-09-16T11:54:57+00:00
185810;Design Duschwanne Steinoptik SMC Antirutsch Duschtasse Ablaufgarnitur Edelstahl;134.9;134.9;False;0.0;True;boolean;Sofort versandfertig, Lieferzeit 48h;2;1000;https://www.jws-store.de/sonstiges/design-duschwanne-steinoptik-smc-antirutsch-duschtasse-ablaufgarnitur-edelstahl_185000_6779;https://cdn03.plentyone.com/iidhyn1xr43q/item/images/185000/full/Duschtasse.jpg;Sonstiges > Duschtassen;JWS;False;1;2026-09-16T11:54:57+00:00
186911;Design Duschwanne Steinoptik SMC Antirutsch Duschtasse Ablaufgarnitur Edelstahl;214.9;214.9;False;0.0;True;boolean;Sofort versandfertig, Lieferzeit 48h;2;1000;https://www.jws-store.de/sonstiges/design-duschwanne-steinoptik-smc-antirutsch-duschtasse-ablaufgarnitur-edelstahl_185000_6786;https://cdn03.plentyone.com/iidhyn1xr43q/item/images/185000/full/Duschtasse.jpg;Sonstiges > Duschtassen;JWS;False;1;2026-09-16T11:54:57+00:00
186810;Design Duschwanne Steinoptik SMC Antirutsch Duschtasse Ablaufgarnitur Edelstahl;144.9;144.9;False;0.0;True;boolean;Sofort versandfertig, Lieferzeit 48h;2;1000;https://www.jws-store.de/sonstiges/design-duschwanne-steinoptik-smc-antirutsch-duschtasse-ablaufgarnitur-edelstahl_185000_6780;https://cdn03.plentyone.com/iidhyn1xr43q/item/images/185000/full/Duschtasse.jpg;Sonstiges > Duschtassen;JWS;False;1;2026-09-16T11:54:57+00:00
185912;Design Duschwanne Steinoptik SMC Antirutsch Duschtasse Ablaufgarnitur Edelstahl;204.9;204.9;False;0.0;True;boolean;Sofort versandfertig, Lieferzeit 48h;2;1000;https://www.jws-store.de/sonstiges/design-duschwanne-steinoptik-smc-antirutsch-duschtasse-ablaufgarnitur-edelstahl_185000_6787;https://cdn03.plentyone.com/iidhyn1xr43q/item/images/185000/full/Duschtasse.jpg;Sonstiges > Duschtassen;JWS;False;1;2026-09-16T11:54:57+00:00
185812;Design Duschwanne Steinoptik SMC Antirutsch Duschtasse Ablaufgarnitur Edelstahl;184.9;184.9;False;0.0;True;boolean;Sofort versandfertig, Lieferzeit 48h;2;1000;https://www.jws-store.de/sonstiges/design-duschwanne-steinoptik-smc-antirutsch-duschtasse-ablaufgarnitur-edelstahl_185000_6781;https://cdn03.plentyone.com/iidhyn1xr43q/item/images/185000/full/Duschtasse.jpg;Sonstiges > Duschtassen;JWS;False;1;2026-09-16T11:54:57+00:00
185880;Design Duschwanne Steinoptik SMC Antirutsch Duschtasse Ablaufgarnitur Edelstahl;114.9;114.9;False;0.0;True;boolean;Sofort versandfertig, Lieferzeit 48h;2;1000;https://www.jws-store.de/sonstiges/design-duschwanne-steinoptik-smc-antirutsch-duschtasse-ablaufgarnitur-edelstahl_185000_6775;https://cdn03.plentyone.com/iidhyn1xr43q/item/images/185000/full/Duschtasse.jpg;Sonstiges > Duschtassen;JWS;False;1;2026-09-16T11:54:57+00:00
186912;Design Duschwanne Steinoptik SMC Antirutsch Duschtasse Ablaufgarnitur Edelstahl;224.9;224.9;False;0.0;True;boolean;Sofort versandfertig, Lieferzeit 48h;2;1000;https://www.jws-store.de/sonstiges/design-duschwanne-steinoptik-smc-antirutsch-duschtasse-ablaufgarnitur-edelstahl_185000_6788;https://cdn03.plentyone.com/iidhyn1xr43q/item/images/185000/full/Duschtasse.jpg;Sonstiges > Duschtassen;JWS;False;1;2026-09-16T11:54:57+00:00
186812;Design Duschwanne Steinoptik SMC Antirutsch Duschtasse Ablaufgarnitur Edelstahl;194.9;194.9;False;0.0;True;boolean;Sofort versandfertig, Lieferzeit 48h;2;1000;https://www.jws-store.de/sonstiges/design-duschwanne-steinoptik-smc-antirutsch-duschtasse-ablaufgarnitur-edelstahl_185000_6782;https://cdn03.plentyone.com/iidhyn1xr43q/item/images/185000/full/Duschtasse.jpg;Sonstiges > Duschtassen;JWS;False;1;2026-09-16T11:54:57+00:00
182911;Design Duschwanne Steinoptik SMC Antirutsch flache Duschtasse Ablaufgarnitur;199.9;199.9;False;0.0;True;boolean;Sofort versandfertig, Lieferzeit 48h;2;1000;https://www.jws-store.de/sonstiges/design-duschwanne-steinoptik-smc-antirutsch-flache-duschtasse-ablaufgarnitur_180000_6561;https://cdn03.plentyone.com/iidhyn1xr43q/item/images/180000/full/Galeriebild1-pxo.jpg;Sonstiges > Duschtassen;JWS;False;1;2026-09-16T11:54:57+00:00
182810;Design Duschwanne Steinoptik SMC Antirutsch flache Duschtasse Ablaufgarnitur;129.9;129.9;False;0.0;True;boolean;Sofort versandfertig, Lieferzeit 48h;2;1000;https://www.jws-store.de/sonstiges/design-duschwanne-steinoptik-smc-antirutsch-flache-duschtasse-ablaufgarnitur_180000_6555;https://cdn03.plentyone.com/iidhyn1xr43q/item/images/180000/full/Galeriebild1-pxo.jpg;Sonstiges > Duschtassen;JWS;False;1;2026-09-16T11:54:57+00:00
180000;Design Duschwanne Steinoptik SMC Antirutsch flache Duschtasse Ablaufgarnitur;99.9;99.9;False;0.0;True;boolean;Sofort versandfertig, Lieferzeit 48h;2;1000;https://www.jws-store.de/sonstiges/design-duschwanne-steinoptik-smc-antirutsch-flache-duschtasse-ablaufgarnitur_180000_6549;https://cdn03.plentyone.com/iidhyn1xr43q/item/images/180000/full/Galeriebild1-pxo.jpg;Sonstiges > Duschtassen;JWS;False;1;2026-09-16T11:54:57+00:00
181912;Design Duschwanne Steinoptik SMC Antirutsch flache Duschtasse Ablaufgarnitur;189.9;189.9;False;0.0;True;boolean;Sofort versandfertig, Lieferzeit 48h;2;1000;https://www.jws-store.de/sonstiges/design-duschwanne-steinoptik-smc-antirutsch-flache-duschtasse-ablaufgarnitur_180000_6562;https://cdn03.plentyone.com/iidhyn1xr43q/item/images/180000/full/Galeriebild1-pxo.jpg;Sonstiges > Duschtassen;JWS;False;1;2026-09-16T11:54:57+00:00
181812;Design Duschwanne Steinoptik SMC Antirutsch flache Duschtasse Ablaufgarnitur;169.9;169.9;False;0.0;True;boolean;Sofort versandfertig, Lieferzeit 48h;2;1000;https://www.jws-store.de/sonstiges/design-duschwanne-steinoptik-smc-antirutsch-flache-duschtasse-ablaufgarnitur_180000_6556;https://cdn03.plentyone.com/iidhyn1xr43q/item/images/180000/full/Galeriebild1-pxo.jpg;Sonstiges > Duschtassen;JWS;False;1;2026-09-16T11:54:57+00:00
181880;Design Duschwanne Steinoptik SMC Antirutsch flache Duschtasse Ablaufgarnitur;99.9;99.9;False;0.0;True;boolean;Sofort versandfertig, Lieferzeit 48h;2;1000;https://www.jws-store.de/sonstiges/design-duschwanne-steinoptik-smc-antirutsch-flache-duschtasse-ablaufgarnitur_180000_6550;https://cdn03.plentyone.com/iidhyn1xr43q/item/images/180000/full/Galeriebild1-pxo.jpg;Sonstiges > Duschtassen;JWS;False;1;2026-09-16T11:54:57+00:00
182912;Design Duschwanne Steinoptik SMC Antirutsch flache Duschtasse Ablaufgarnitur;209.9;209.9;False;0.0;True;boolean;Sofort versandfertig, Lieferzeit 48h;2;1000;https://www.jws-store.de/sonstiges/design-duschwanne-steinoptik-smc-antirutsch-flache-duschtasse-ablaufgarnitur_180000_6563;https://cdn03.plentyone.com/iidhyn1xr43q/item/images/180000/full/Galeriebild1-pxo.jpg;Sonstiges > Duschtassen;JWS;False;1;2026-09-16T11:54:57+00:00
182812;Design Duschwanne Steinoptik SMC Antirutsch flache Duschtasse Ablaufgarnitur;179.9;179.9;False;0.0;True;boolean;Sofort versandfertig, Lieferzeit 48h;2;1000;https://www.jws-store.de/sonstiges/design-duschwanne-steinoptik-smc-antirutsch-flache-duschtasse-ablaufgarnitur_180000_6557;https://cdn03.plentyone.com/iidhyn1xr43q/item/images/180000/full/Galeriebild1-pxo.jpg;Sonstiges > Duschtassen;JWS;False;1;2026-09-16T11:54:57+00:00
182880;Design Duschwanne Steinoptik SMC Antirutsch flache Duschtasse Ablaufgarnitur;109.9;109.9;False;0.0;True;boolean;Sofort versandfertig, Lieferzeit 48h;2;1000;https://www.jws-store.de/sonstiges/design-duschwanne-steinoptik-smc-antirutsch-flache-duschtasse-ablaufgarnitur_180000_6551;https://cdn03.plentyone.com/iidhyn1xr43q/item/images/180000/full/Galeriebild1-pxo.jpg;Sonstiges > Duschtassen;JWS;False;1;2026-09-16T11:54:57+00:00
181990;Design Duschwanne Steinoptik SMC Antirutsch flache Duschtasse Ablaufgarnitur;119.9;119.9;False;0.0;True;boolean;Sofort versandfertig, Lieferzeit 48h;2;1000;https://www.jws-store.de/sonstiges/design-duschwanne-steinoptik-smc-antirutsch-flache-duschtasse-ablaufgarnitur_180000_6558;https://cdn03.plentyone.com/iidhyn1xr43q/item/images/180000/full/Galeriebild1-pxo.jpg;Sonstiges > Duschtassen;JWS;False;1;2026-09-16T11:54:57+00:00
182890;Design Duschwanne Steinoptik SMC Antirutsch flache Duschtasse Ablaufgarnitur;119.9;119.9;False;0.0;True;boolean;Sofort versandfertig, Lieferzeit 48h;2;1000;https://www.jws-store.de/sonstiges/design-duschwanne-steinoptik-smc-antirutsch-flache-duschtasse-ablaufgarnitur_180000_6553;https://cdn03.plentyone.com/iidhyn1xr43q/item/images/180000/full/Galeriebild1-pxo.jpg;Sonstiges > Duschtassen;JWS;False;1;2026-09-16T11:54:57+00:00
182990;Design Duschwanne Steinoptik SMC Antirutsch flache Duschtasse Ablaufgarnitur;129.9;129.9;False;0.0;True;boolean;Sofort versandfertig, Lieferzeit 48h;2;1000;https://www.jws-store.de/sonstiges/design-duschwanne-steinoptik-smc-antirutsch-flache-duschtasse-ablaufgarnitur_180000_6559;https://cdn03.plentyone.com/iidhyn1xr43q/item/images/180000/full/Galeriebild1-pxo.jpg;Sonstiges > Duschtassen;JWS;False;1;2026-09-16T11:54:57+00:00
181810;Design Duschwanne Steinoptik SMC Antirutsch flache Duschtasse Ablaufgarnitur;119.9;119.9;False;0.0;True;boolean;Sofort versandfertig, Lieferzeit 48h;2;1000;https://www.jws-store.de/sonstiges/design-duschwanne-steinoptik-smc-antirutsch-flache-duschtasse-ablaufgarnitur_180000_6554;https://cdn03.plentyone.com/iidhyn1xr43q/item/images/180000/full/Galeriebild1-pxo.jpg;Sonstiges > Duschtassen;JWS;False;1;2026-09-16T11:54:57+00:00
1970.;Doppelflügeltor Flügeltor Einfahrtstor Gartentpforte Doppeltor Hoftor Gartentor;379.9;379.9;False;0.0;True;boolean;Sofort versandfertig, Lieferzeit 48h;2;5000;https://www.jws-store.de/sonstiges/doppelfluegeltor-fluegeltor-einfahrtstor-gartentpforte-doppeltor_1965_4912;https://cdn03.plentyone.com/iidhyn1xr43q/item/images/1965/full/Galeriebild1-pxo.jpg;Sonstiges > Gartentore- und Pforten;;False;1;2026-09-16T11:54:57+00:00
1975;Doppelflügeltor Flügeltor Einfahrtstor Gartentpforte Doppeltor Hoftor Gartentor;399.9;399.9;False;0.0;True;boolean;Sofort versandfertig, Lieferzeit 48h;2;5000;https://www.jws-store.de/sonstiges/doppelfluegeltor-fluegeltor-einfahrtstor-gartentpforte-doppeltor_1965_6569;https://cdn03.plentyone.com/iidhyn1xr43q/item/images/1965/full/Galeriebild1-pxo.jpg;Sonstiges > Gartentore- und Pforten;;False;1;2026-09-16T11:54:57+00:00
1981.;Doppelflügeltor Flügeltor Einfahrtstor Gartentpforte Doppeltor Hoftor Gartentor;419.9;419.9;False;0.0;True;boolean;Sofort versandfertig, Lieferzeit 48h;2;5000;https://www.jws-store.de/sonstiges/doppelfluegeltor-fluegeltor-einfahrtstor-gartentpforte-doppeltor_1965_4913;https://cdn03.plentyone.com/iidhyn1xr43q/item/images/1965/full/Galeriebild1-pxo.jpg;Sonstiges > Gartentore- und Pforten;;False;1;2026-09-16T11:54:57+00:00
1986;Doppelflügeltor Flügeltor Einfahrtstor Gartentpforte Doppeltor Hoftor Gartentor;439.9;439.9;False;0.0;True;boolean;Sofort versandfertig, Lieferzeit 48h;2;5000;https://www.jws-store.de/sonstiges/doppelfluegeltor-fluegeltor-einfahrtstor-gartentpforte-doppeltor_1965_6570;https://cdn03.plentyone.com/iidhyn1xr43q/item/images/1965/full/Galeriebild1-pxo.jpg;Sonstiges > Gartentore- und Pforten;;False;1;2026-09-16T11:54:57+00:00
1980.;Doppelflügeltor Flügeltor Einfahrtstor Gartentpforte Doppeltor Hoftor Gartentor;419.9;419.9;False;0.0;True;boolean;Sofort versandfertig, Lieferzeit 48h;2;5000;https://www.jws-store.de/sonstiges/doppelfluegeltor-fluegeltor-einfahrtstor-gartentpforte-doppeltor_1965_4914;https://cdn03.plentyone.com/iidhyn1xr43q/item/images/1965/full/Galeriebild1-pxo.jpg;Sonstiges > Gartentore- und Pforten;;False;1;2026-09-16T11:54:57+00:00
1960;Doppelflügeltor Flügeltor Einfahrtstor Gartentpforte Doppeltor Hoftor Gartentor;339.9;339.9;False;0.0;True;boolean;Sofort versandfertig, Lieferzeit 48h;2;5000;https://www.jws-store.de/sonstiges/doppelfluegeltor-fluegeltor-einfahrtstor-gartentpforte-doppeltor_1965_4908;https://cdn03.plentyone.com/iidhyn1xr43q/item/images/1965/full/Galeriebild1-pxo.jpg;Sonstiges > Gartentore- und Pforten;;False;1;2026-09-16T11:54:57+00:00
1985;Doppelflügeltor Flügeltor Einfahrtstor Gartentpforte Doppeltor Hoftor Gartentor;439.9;439.9;False;0.0;True;boolean;Sofort versandfertig, Lieferzeit 48h;2;5000;https://www.jws-store.de/sonstiges/doppelfluegeltor-fluegeltor-einfahrtstor-gartentpforte-doppeltor_1965_6571;https://cdn03.plentyone.com/iidhyn1xr43q/item/images/1965/full/Galeriebild1-pxo.jpg;Sonstiges > Gartentore- und Pforten;;False;1;2026-09-16T11:54:57+00:00
1991.;Doppelflügeltor Flügeltor Einfahrtstor Gartentpforte Doppeltor Hoftor Gartentor;469.9;469.9;False;0.0;True;boolean;Sofort versandfertig, Lieferzeit 48h;2;5000;https://www.jws-store.de/sonstiges/doppelfluegeltor-fluegeltor-einfahrtstor-gartentpforte-doppeltor_1965_4915;https://cdn03.plentyone.com/iidhyn1xr43q/item/images/1965/full/Galeriebild1-pxo.jpg;Sonstiges > Gartentore- und Pforten;;False;1;2026-09-16T11:54:57+00:00
1961.;Doppelflügeltor Flügeltor Einfahrtstor Gartentpforte Doppeltor Hoftor Gartentor;339.9;339.9;False;0.0;True;boolean;Sofort versandfertig, Lieferzeit 48h;2;5000;https://www.jws-store.de/sonstiges/doppelfluegeltor-fluegeltor-einfahrtstor-gartentpforte-doppeltor_1965_4909;https://cdn03.plentyone.com/iidhyn1xr43q/item/images/1965/full/Galeriebild1-pxo.jpg;Sonstiges > Gartentore- und Pforten;;False;1;2026-09-16T11:54:57+00:00
1990.;Doppelflügeltor Flügeltor Einfahrtstor Gartentpforte Doppeltor Hoftor Gartentor;469.9;469.9;False;0.0;True;boolean;Sofort versandfertig, Lieferzeit 48h;2;5000;https://www.jws-store.de/sonstiges/doppelfluegeltor-fluegeltor-einfahrtstor-gartentpforte-doppeltor_1965_4916;https://cdn03.plentyone.com/iidhyn1xr43q/item/images/1965/full/Galeriebild1-pxo.jpg;Sonstiges > Gartentore- und Pforten;;False;1;2026-09-16T11:54:57+00:00
1971.;Doppelflügeltor Flügeltor Einfahrtstor Gartentpforte Doppeltor Hoftor Gartentor;379.9;379.9;False;0.0;True;boolean;Sofort versandfertig, Lieferzeit 48h;2;5000;https://www.jws-store.de/sonstiges/doppelfluegeltor-fluegeltor-einfahrtstor-gartentpforte-doppeltor_1965_4911;https://cdn03.plentyone.com/iidhyn1xr43q/item/images/1965/full/Galeriebild1-pxo.jpg;Sonstiges > Gartentore- und Pforten;;False;1;2026-09-16T11:54:57+00:00
1976;Doppelflügeltor Flügeltor Einfahrtstor Gartentpforte Doppeltor Hoftor Gartentor;399.9;399.9;False;0.0;True;boolean;Sofort versandfertig, Lieferzeit 48h;2;5000;https://www.jws-store.de/sonstiges/doppelfluegeltor-fluegeltor-einfahrtstor-gartentpforte-doppeltor_1965_6568;https://cdn03.plentyone.com/iidhyn1xr43q/item/images/1965/full/Galeriebild1-pxo.jpg;Sonstiges > Gartentore- und Pforten;;False;1;2026-09-16T11:54:57+00:00
1920.;Gartentür Grün Anthrazit Gartentor Zauntür Hoftür Gartenpforte Gartenzaun Metall;148.9;148.9;False;0.0;True;boolean;Sofort versandfertig, Lieferzeit 48h;2;5000;https://www.jws-store.de/sonstiges/gartentuer-gruen-anthrazit-gartentor-zauntuer-metall-hoftuer-gartenpforte-gartenzaun_1901_4100;https://cdn03.plentyone.com/iidhyn1xr43q/item/images/1901/full/Galeriebild-pxo.jpg;Sonstiges > Gartentore- und Pforten;JWS;False;1;2026-09-16T11:54:57+00:00
1908.;Gartentür Grün Anthrazit Gartentor Zauntür Hoftür Gartenpforte Gartenzaun Metall;109.9;109.9;False;0.0;True;boolean;Sofort versandfertig, Lieferzeit 48h;2;5000;https://www.jws-store.de/sonstiges/gartentuer-gruen-anthrazit-gartentor-zauntuer-metall-hoftuer-gartenpforte-gartenzaun_1901_4869;https://cdn03.plentyone.com/iidhyn1xr43q/item/images/1901/full/Galeriebild-pxo.jpg;Sonstiges > Gartentore- und Pforten;JWS;False;1;2026-09-16T11:54:57+00:00
1931.;Gartentür Grün Anthrazit Gartentor Zauntür Hoftür Gartenpforte Gartenzaun Metall;164.9;164.9;False;0.0;True;boolean;Sofort versandfertig, Lieferzeit 48h;2;5000;https://www.jws-store.de/sonstiges/gartentuer-gruen-anthrazit-gartentor-zauntuer-metall-hoftuer-gartenpforte-gartenzaun_1901_4101;https://cdn03.plentyone.com/iidhyn1xr43q/item/images/1901/full/Galeriebild-pxo.jpg;Sonstiges > Gartentore- und Pforten;JWS;False;1;2026-09-16T11:54:57+00:00
1945.;Gartentür Grün Anthrazit Gartentor Zauntür Hoftür Gartenpforte Gartenzaun Metall;198.9;198.9;False;0.0;True;boolean;Sofort versandfertig, Lieferzeit 48h;2;5000;https://www.jws-store.de/sonstiges/gartentuer-gruen-anthrazit-gartentor-zauntuer-metall-hoftuer-gartenpforte-gartenzaun_1901_4871;https://cdn03.plentyone.com/iidhyn1xr43q/item/images/1901/full/Galeriebild-pxo.jpg;Sonstiges > Gartentore- und Pforten;JWS;False;1;2026-09-16T11:54:57+00:00
1946.;Gartentür Grün Anthrazit Gartentor Zauntür Hoftür Gartenpforte Gartenzaun Metall;198.9;198.9;False;0.0;True;boolean;Sofort versandfertig, Lieferzeit 48h;2;5000;https://www.jws-store.de/sonstiges/gartentuer-gruen-anthrazit-gartentor-zauntuer-metall-hoftuer-gartenpforte-gartenzaun_1901_4870;https://cdn03.plentyone.com/iidhyn1xr43q/item/images/1901/full/Galeriebild-pxo.jpg;Sonstiges > Gartentore- und Pforten;JWS;False;1;2026-09-16T11:54:57+00:00
1930.;Gartentür Grün Anthrazit Gartentor Zauntür Hoftür Gartenpforte Gartenzaun Metall;164.9;164.9;False;0.0;True;boolean;Sofort versandfertig, Lieferzeit 48h;2;5000;https://www.jws-store.de/sonstiges/gartentuer-gruen-anthrazit-gartentor-zauntuer-metall-hoftuer-gartenpforte-gartenzaun_1901_4102;https://cdn03.plentyone.com/iidhyn1xr43q/item/images/1901/full/Galeriebild-pxo.jpg;Sonstiges > Gartentore- und Pforten;JWS;False;1;2026-09-16T11:54:57+00:00
1911.;Gartentür Grün Anthrazit Gartentor Zauntür Hoftür Gartenpforte Gartenzaun Metall;118.9;118.9;False;0.0;True;boolean;Sofort versandfertig, Lieferzeit 48h;2;5000;https://www.jws-store.de/sonstiges/gartentuer-gruen-anthrazit-gartentor-zauntuer-metall-hoftuer-gartenpforte-gartenzaun_1901_4097;https://cdn03.plentyone.com/iidhyn1xr43q/item/images/1901/full/Galeriebild-pxo.jpg;Sonstiges > Gartentore- und Pforten;JWS;False;1;2026-09-16T11:54:57+00:00
1941.;Gartentür Grün Anthrazit Gartentor Zauntür Hoftür Gartenpforte Gartenzaun Metall;188.9;188.9;False;0.0;True;boolean;Sofort versandfertig, Lieferzeit 48h;2;5000;https://www.jws-store.de/sonstiges/gartentuer-gruen-anthrazit-gartentor-zauntuer-metall-hoftuer-gartenpforte-gartenzaun_1901_4103;https://cdn03.plentyone.com/iidhyn1xr43q/item/images/1901/full/Galeriebild-pxo.jpg;Sonstiges > Gartentore- und Pforten;JWS;False;1;2026-09-16T11:54:57+00:00
1910.;Gartentür Grün Anthrazit Gartentor Zauntür Hoftür Gartenpforte Gartenzaun Metall;118.9;118.9;False;0.0;True;boolean;Sofort versandfertig, Lieferzeit 48h;2;5000;https://www.jws-store.de/sonstiges/gartentuer-gruen-anthrazit-gartentor-zauntuer-metall-hoftuer-gartenpforte-gartenzaun_1901_4098;https://cdn03.plentyone.com/iidhyn1xr43q/item/images/1901/full/Galeriebild-pxo.jpg;Sonstiges > Gartentore- und Pforten;JWS;False;1;2026-09-16T11:54:57+00:00
1900;Gartentür Grün Anthrazit Gartentor Zauntür Hoftür Gartenpforte Gartenzaun Metall;139.9;139.9;False;0.0;True;boolean;Sofort versandfertig, Lieferzeit 48h;2;5000;https://www.jws-store.de/sonstiges/gartentuer-gruen-anthrazit-gartentor-zauntuer-metall-hoftuer-gartenpforte-gartenzaun_1901_4096;https://cdn03.plentyone.com/iidhyn1xr43q/item/images/1901/full/Galeriebild-pxo.jpg;Sonstiges > Gartentore- und Pforten;JWS;False;1;2026-09-16T11:54:57+00:00
1940.;Gartentür Grün Anthrazit Gartentor Zauntür Hoftür Gartenpforte Gartenzaun Metall;188.9;188.9;False;0.0;True;boolean;Sofort versandfertig, Lieferzeit 48h;2;5000;https://www.jws-store.de/sonstiges/gartentuer-gruen-anthrazit-gartentor-zauntuer-metall-hoftuer-gartenpforte-gartenzaun_1901_4104;https://cdn03.plentyone.com/iidhyn1xr43q/item/images/1901/full/Galeriebild-pxo.jpg;Sonstiges > Gartentore- und Pforten;JWS;False;1;2026-09-16T11:54:57+00:00
1921.;Gartentür Grün Anthrazit Gartentor Zauntür Hoftür Gartenpforte Gartenzaun Metall;148.9;148.9;False;0.0;True;boolean;Sofort versandfertig, Lieferzeit 48h;2;5000;https://www.jws-store.de/sonstiges/gartentuer-gruen-anthrazit-gartentor-zauntuer-metall-hoftuer-gartenpforte-gartenzaun_1901_4099;https://cdn03.plentyone.com/iidhyn1xr43q/item/images/1901/full/Galeriebild-pxo.jpg;Sonstiges > Gartentore- und Pforten;JWS;False;1;2026-09-16T11:54:57+00:00
1918.;Gartentür Grün Anthrazit Gartentor Zauntür Hoftür Gartenpforte Gartenzaun Metall;109.9;109.9;False;0.0;True;boolean;Sofort versandfertig, Lieferzeit 48h;2;5000;https://www.jws-store.de/sonstiges/gartentuer-gruen-anthrazit-gartentor-zauntuer-metall-hoftuer-gartenpforte-gartenzaun_1901_4868;https://cdn03.plentyone.com/iidhyn1xr43q/item/images/1901/full/Galeriebild-pxo.jpg;Sonstiges > Gartentore- und Pforten;JWS;False;1;2026-09-16T11:54:57+00:00
125036;Gartentür Grün/Anthrazit Gartentor Rundpfosten Gartenpforte Metall Geteilt Tor;127.9;127.9;False;0.0;True;boolean;Sofort versandfertig, Lieferzeit 48h;2;2000;https://www.jws-store.de/sonstiges/gartentuer-gruen-anthrazit-gartentor-rundpfosten-gartenpforte-metall-geteilt-tor_125000_6853;https://cdn03.plentyone.com/iidhyn1xr43q/item/images/125000/full/Galeriebild1.jpg;Sonstiges > Gartentore- und Pforten;;False;1;2026-09-16T11:54:57+00:00
125019;Gartentür Grün/Anthrazit Gartentor Rundpfosten Gartenpforte Metall Geteilt Tor;145.9;145.9;False;0.0;True;boolean;Sofort versandfertig, Lieferzeit 48h;2;2000;https://www.jws-store.de/sonstiges/gartentuer-gruen-anthrazit-gartentor-rundpfosten-gartenpforte-metall-geteilt-tor_125000_6032;https://cdn03.plentyone.com/iidhyn1xr43q/item/images/125000/full/Galeriebild1.jpg;Sonstiges > Gartentore- und Pforten;;False;1;2026-09-16T11:54:57+00:00
125012;Gartentür Grün/Anthrazit Gartentor Rundpfosten Gartenpforte Metall Geteilt Tor;105.9;105.9;False;0.0;True;boolean;Sofort versandfertig, Lieferzeit 48h;2;2000;https://www.jws-store.de/sonstiges/gartentuer-gruen-anthrazit-gartentor-rundpfosten-gartenpforte-metall-geteilt-tor_125000_6027;https://cdn03.plentyone.com/iidhyn1xr43q/item/images/125000/full/Galeriebild1.jpg;Sonstiges > Gartentore- und Pforten;;False;1;2026-09-16T11:54:57+00:00
125026;Gartentür Grün/Anthrazit Gartentor Rundpfosten Gartenpforte Metall Geteilt Tor;127.9;127.9;False;0.0;True;boolean;Sofort versandfertig, Lieferzeit 48h;2;2000;https://www.jws-store.de/sonstiges/gartentuer-gruen-anthrazit-gartentor-rundpfosten-gartenpforte-metall-geteilt-tor_125000_6854;https://cdn03.plentyone.com/iidhyn1xr43q/item/images/125000/full/Galeriebild1.jpg;Sonstiges > Gartentore- und Pforten;;False;1;2026-09-16T11:54:57+00:00
125008;Gartentür Grün/Anthrazit Gartentor Rundpfosten Gartenpforte Metall Geteilt Tor;84.9;84.9;False;0.0;True;boolean;Sofort versandfertig, Lieferzeit 48h;2;2000;https://www.jws-store.de/sonstiges/gartentuer-gruen-anthrazit-gartentor-rundpfosten-gartenpforte-metall-geteilt-tor_125000_6033;https://cdn03.plentyone.com/iidhyn1xr43q/item/images/125000/full/Galeriebild1.jpg;Sonstiges > Gartentore- und Pforten;;False;1;2026-09-16T11:54:57+00:00
125013;Gartentür Grün/Anthrazit Gartentor Rundpfosten Gartenpforte Metall Geteilt Tor;105.9;105.9;False;0.0;True;boolean;Sofort versandfertig, Lieferzeit 48h;2;2000;https://www.jws-store.de/sonstiges/gartentuer-gruen-anthrazit-gartentor-rundpfosten-gartenpforte-metall-geteilt-tor_125000_6028;https://cdn03.plentyone.com/iidhyn1xr43q/item/images/125000/full/Galeriebild1.jpg;Sonstiges > Gartentore- und Pforten;;False;1;2026-09-16T11:54:57+00:00
125009;Gartentür Grün/Anthrazit Gartentor Rundpfosten Gartenpforte Metall Geteilt Tor;84.9;84.9;False;0.0;True;boolean;Sofort versandfertig, Lieferzeit 48h;2;2000;https://www.jws-store.de/sonstiges/gartentuer-gruen-anthrazit-gartentor-rundpfosten-gartenpforte-metall-geteilt-tor_125000_6034;https://cdn03.plentyone.com/iidhyn1xr43q/item/images/125000/full/Galeriebild1.jpg;Sonstiges > Gartentore- und Pforten;;False;1;2026-09-16T11:54:57+00:00
125015;Gartentür Grün/Anthrazit Gartentor Rundpfosten Gartenpforte Metall Geteilt Tor;117.9;117.9;False;0.0;True;boolean;Sofort versandfertig, Lieferzeit 48h;2;2000;https://www.jws-store.de/sonstiges/gartentuer-gruen-anthrazit-gartentor-rundpfosten-gartenpforte-metall-geteilt-tor_125000_6029;https://cdn03.plentyone.com/iidhyn1xr43q/item/images/125000/full/Galeriebild1.jpg;Sonstiges > Gartentore- und Pforten;;False;1;2026-09-16T11:54:57+00:00
125014;Gartentür Grün/Anthrazit Gartentor Rundpfosten Gartenpforte Metall Geteilt Tor;109.9;109.9;False;0.0;True;boolean;Sofort versandfertig, Lieferzeit 48h;2;2000;https://www.jws-store.de/sonstiges/gartentuer-gruen-anthrazit-gartentor-rundpfosten-gartenpforte-metall-geteilt-tor_125000_6851;https://cdn03.plentyone.com/iidhyn1xr43q/item/images/125000/full/Galeriebild1.jpg;Sonstiges > Gartentore- und Pforten;;False;1;2026-09-16T11:54:57+00:00
125016;Gartentür Grün/Anthrazit Gartentor Rundpfosten Gartenpforte Metall Geteilt Tor;117.9;117.9;False;0.0;True;boolean;Sofort versandfertig, Lieferzeit 48h;2;2000;https://www.jws-store.de/sonstiges/gartentuer-gruen-anthrazit-gartentor-rundpfosten-gartenpforte-metall-geteilt-tor_125000_6030;https://cdn03.plentyone.com/iidhyn1xr43q/item/images/125000/full/Galeriebild1.jpg;Sonstiges > Gartentore- und Pforten;;False;1;2026-09-16T11:54:57+00:00
125000;Gartentür Grün/Anthrazit Gartentor Rundpfosten Gartenpforte Metall Geteilt Tor;89.9;89.9;False;0.0;True;boolean;Sofort versandfertig, Lieferzeit 48h;2;2000;https://www.jws-store.de/sonstiges/gartentuer-gruen-anthrazit-gartentor-rundpfosten-gartenpforte-metall-geteilt-tor_125000_6024;https://cdn03.plentyone.com/iidhyn1xr43q/item/images/125000/full/Galeriebild1.jpg;Sonstiges > Gartentore- und Pforten;;False;1;2026-09-16T11:54:57+00:00
125024;Gartentür Grün/Anthrazit Gartentor Rundpfosten Gartenpforte Metall Geteilt Tor;109.9;109.9;False;0.0;True;boolean;Sofort versandfertig, Lieferzeit 48h;2;2000;https://www.jws-store.de/sonstiges/gartentuer-gruen-anthrazit-gartentor-rundpfosten-gartenpforte-metall-geteilt-tor_125000_6852;https://cdn03.plentyone.com/iidhyn1xr43q/item/images/125000/full/Galeriebild1.jpg;Sonstiges > Gartentore- und Pforten;;False;1;2026-09-16T11:54:57+00:00
125018;Gartentür Grün/Anthrazit Gartentor Rundpfosten Gartenpforte Metall Geteilt Tor;145.9;145.9;False;0.0;True;boolean;Sofort versandfertig, Lieferzeit 48h;2;2000;https://www.jws-store.de/sonstiges/gartentuer-gruen-anthrazit-gartentor-rundpfosten-gartenpforte-metall-geteilt-tor_125000_6031;https://cdn03.plentyone.com/iidhyn1xr43q/item/images/125000/full/Galeriebild1.jpg;Sonstiges > Gartentore- und Pforten;;False;1;2026-09-16T11:54:57+00:00
125010;Gartentür Grün/Anthrazit Gartentor Rundpfosten Gartenpforte Metall Geteilt Tor;88.9;88.9;False;0.0;True;boolean;Sofort versandfertig, Lieferzeit 48h;2;2000;https://www.jws-store.de/sonstiges/gartentuer-gruen-anthrazit-gartentor-rundpfosten-gartenpforte-metall-geteilt-tor_125000_6025;https://cdn03.plentyone.com/iidhyn1xr43q/item/images/125000/full/Galeriebild1.jpg;Sonstiges > Gartentore- und Pforten;;False;1;2026-09-16T11:54:57+00:00
1740;Hairpin Legs Hairpins Hairpinlegs Tischbeine Tischkufen Esstisch Haarnadelbeine;21.9;21.9;False;0.0;True;boolean;Sofort versandfertig, Lieferzeit 48h;2;1000;https://www.jws-store.de/tischbeine/hairpin-legs-tischbeine-schwarz-haarnadelbeine-tischgestell-industriedesign_1740_3817;https://cdn03.plentyone.com/iidhyn1xr43q/item/images/1740/full/Hairpinlegs-Galerie.jpg;Sonstiges > Tischbeine- und Schreibtische;JWS;False;1;2026-09-16T11:54:57+00:00
700;Schreibtische Computertisch Bürotisch Arbeitstisch PC Tisch 100cm 120cm Desktop;39.9;39.9;False;0.0;True;boolean;Sofort versandfertig, Lieferzeit 48h;2;0;https://www.jws-store.de/sonstiges/schreibtische-computertisch-buerotisch-arbeitstisch-pc-tisch-100cm-120cm-seitenfach_700_5239;https://cdn03.plentyone.com/iidhyn1xr43q/item/images/700/full/1.jpg;Sonstiges > Tischbeine- und Schreibtische;JWS;False;1;2026-09-16T11:54:57+00:00
1700.;Tischbeine Edelstahl X U Trapez Tischkufen Tischgestell Tischuntergestell Set;99.9;99.9;False;0.0;True;boolean;Sofort versandfertig, Lieferzeit 48h;2;0;https://www.jws-store.de/tischbeine/tischbeine-edelstahl-x-t-trapez-tischkufen-tischgestell-tischuntergestell-set_1700_4681;https://cdn03.plentyone.com/iidhyn1xr43q/item/images/1700/full/51-1-pxo--2-.jpg;Sonstiges > Tischbeine- und Schreibtische;JWS;False;1;2026-09-16T11:54:57+00:00
1779;U-Tischbeine Tischbeine metall Tischkufen Tischgestell Schwarz Transparent Industriedesign;39.9;39.9;False;0.0;True;boolean;Sofort versandfertig, Lieferzeit 48h;2;1000;https://www.jws-store.de/tischbeine/u-tischbeine-tischbeine-schwarz-transparent-tischgestell-industriedesign_1779_3849;https://cdn03.plentyone.com/iidhyn1xr43q/item/images/1779/full/720-600-industrial-set-pxo.jpg;Sonstiges > Tischbeine- und Schreibtische;JWS;False;1;2026-09-16T11:54:57+00:00
1610;Weidezaungerät 12 Volt 12 V Solar Weidezaun Weidegerät Elektrozaungerät 2,5 Joule;89.9;89.9;False;0.0;True;boolean;Sofort versandfertig, Lieferzeit 48h;2;1000;https://www.jws-store.de/weidezaungeraet-12-volt-12-v-solar-weidezaun-weidegeraet-elektrozaungeraet-2-5-joule_1610_2825;https://cdn03.plentyone.com/iidhyn1xr43q/item/images/1610/full/Image1.jpg;Weidezaungeräte;JWS-Solar;False;1;2026-09-16T11:54:57+00:00
1605;Weidezaungerät 12Volt Elektrozaungerät 12V 10km Elektrozaun Weidegerät 0,6Joule;43.9;43.9;False;0.0;True;boolean;Sofort versandfertig, Lieferzeit 48h;2;1000;https://www.jws-store.de/weidezaungeraete/weidezaungeraet-12volt-0-6-joule-12v-bis-10km-zaunlaenge_1605_3305;https://cdn03.plentyone.com/iidhyn1xr43q/item/images/1605/full/Weidezaungeraet-12Volt.jpg;Weidezaungeräte;JWS;False;1;2026-09-16T11:54:57+00:00
NEW-4666;Weidezaungerät 12v Solar 12 Volt Elektrozaungerät 12V Elektrozaun Batterie;99.9;99.9;False;0.0;True;boolean;Sofort versandfertig, Lieferzeit 48h;2;1000;https://www.jws-store.de/weidezaungeraet-12v-solar-12-volt-elektrozaungeraet-12v-elektrozaun-batterie_6000_6191;https://cdn03.plentyone.com/iidhyn1xr43q/item/images/6000/full/Weidezaungeraet-Solar-12V-Galerie.jpg;Weidezaungeräte;JWS;False;1;2026-09-16T11:54:57+00:00
NEW-4667;Weidezaungerät 12v Solar 12 Volt Elektrozaungerät 12V Elektrozaun Batterie;99.9;99.9;False;0.0;True;boolean;Sofort versandfertig, Lieferzeit 48h;2;1000;https://www.jws-store.de/weidezaungeraet-12v-solar-12-volt-elektrozaungeraet-12v-elektrozaun-batterie_6000_6192;https://cdn03.plentyone.com/iidhyn1xr43q/item/images/6000/full/Weidezaungeraet-Solar-12V-Galerie.jpg;Weidezaungeräte;JWS;False;1;2026-09-16T11:54:57+00:00
NEW-4668;Weidezaungerät 12v Solar 12 Volt Elektrozaungerät 12V Elektrozaun Batterie;104.9;104.9;False;0.0;True;boolean;Sofort versandfertig, Lieferzeit 48h;2;1000;https://www.jws-store.de/weidezaungeraet-12v-solar-12-volt-elektrozaungeraet-12v-elektrozaun-batterie_6000_6193;https://cdn03.plentyone.com/iidhyn1xr43q/item/images/6000/full/Weidezaungeraet-Solar-12V-Galerie.jpg;Weidezaungeräte;JWS;False;1;2026-09-16T11:54:57+00:00
NEW-4656;Weidezaungerät 12v Solar 12 Volt Elektrozaungerät 12V Elektrozaun Batterie;89.9;89.9;False;0.0;True;boolean;Sofort versandfertig, Lieferzeit 48h;2;1000;https://www.jws-store.de/weidezaungeraet-12v-solar-12-volt-elektrozaungeraet-12v-elektrozaun-batterie_6000_6188;https://cdn03.plentyone.com/iidhyn1xr43q/item/images/6000/full/Weidezaungeraet-Solar-12V-Galerie.jpg;Weidezaungeräte;JWS;False;1;2026-09-16T11:54:57+00:00
NEW-4669;Weidezaungerät 12v Solar 12 Volt Elektrozaungerät 12V Elektrozaun Batterie;109.9;109.9;False;0.0;True;boolean;Sofort versandfertig, Lieferzeit 48h;2;1000;https://www.jws-store.de/weidezaungeraet-12v-solar-12-volt-elektrozaungeraet-12v-elektrozaun-batterie_6000_6194;https://cdn03.plentyone.com/iidhyn1xr43q/item/images/6000/full/Weidezaungeraet-Solar-12V-Galerie.jpg;Weidezaungeräte;JWS;False;1;2026-09-16T11:54:57+00:00
NEW-4664;Weidezaungerät 12v Solar 12 Volt Elektrozaungerät 12V Elektrozaun Batterie;89.9;89.9;False;0.0;True;boolean;Sofort versandfertig, Lieferzeit 48h;2;1000;https://www.jws-store.de/weidezaungeraet-12v-solar-12-volt-elektrozaungeraet-12v-elektrozaun-batterie_6000_6189;https://cdn03.plentyone.com/iidhyn1xr43q/item/images/6000/full/Weidezaungeraet-Solar-12V-Galerie.jpg;Weidezaungeräte;JWS;False;1;2026-09-16T11:54:57+00:00
NEW-4665;Weidezaungerät 12v Solar 12 Volt Elektrozaungerät 12V Elektrozaun Batterie;94.9;94.9;False;0.0;True;boolean;Sofort versandfertig, Lieferzeit 48h;2;1000;https://www.jws-store.de/weidezaungeraet-12v-solar-12-volt-elektrozaungeraet-12v-elektrozaun-batterie_6000_6190;https://cdn03.plentyone.com/iidhyn1xr43q/item/images/6000/full/Weidezaungeraet-Solar-12V-Galerie.jpg;Weidezaungeräte;JWS;False;1;2026-09-16T11:54:57+00:00
1620.;Weidezaungerät 230 Volt Zaunprüfer Elektrozaungerät 230V Weidezaun Gerät 230 V;45.9;45.9;False;0.0;True;boolean;Sofort versandfertig, Lieferzeit 48h;2;1000;https://www.jws-store.de/weidezaungeraet-230-volt-elektrozaungeraet-230v-weidezaun-geraet-230-v_1600_5134;https://cdn03.plentyone.com/iidhyn1xr43q/item/images/1600/full/weidezaungeraet.jpg;Weidezaungeräte;JWS-Solar;False;1;2026-09-16T11:54:57+00:00
1650.;Weidezaungerät 230 Volt Zaunprüfer Elektrozaungerät 230V Weidezaun Gerät 230 V;99.9;99.9;False;0.0;True;boolean;Sofort versandfertig, Lieferzeit 48h;2;1000;https://www.jws-store.de/weidezaungeraet-230-volt-elektrozaungeraet-230v-weidezaun-geraet-230-v_1600_5137;https://cdn03.plentyone.com/iidhyn1xr43q/item/images/1600/full/weidezaungeraet.jpg;Weidezaungeräte;JWS-Solar;False;1;2026-09-16T11:54:57+00:00
1600;Weidezaungerät 230 Volt Zaunprüfer Elektrozaungerät 230V Weidezaun Gerät 230 V;45.9;45.9;False;0.0;True;boolean;Sofort versandfertig, Lieferzeit 48h;2;1000;https://www.jws-store.de/weidezaungeraet-230-volt-elektrozaungeraet-230v-weidezaun-geraet-230-v_1600_2871;https://cdn03.plentyone.com/iidhyn1xr43q/item/images/1600/full/weidezaungeraet.jpg;Weidezaungeräte;JWS-Solar;False;1;2026-09-16T11:54:57+00:00
1820.;Weidezaungerät Solar 12 Volt Elektrozaungerät 12V Elektrozaun;134.9;134.9;False;0.0;True;boolean;Sofort versandfertig, Lieferzeit 48h;2;1000;https://www.jws-store.de/sonstiges/weidezaungeraet-solar-12-volt-elektrozaungeraet-12v-elektrozaun_1800_4061;https://cdn03.plentyone.com/iidhyn1xr43q/item/images/1800/full/Weidezaungeraet.jpg;Weidezaungeräte;JWS;False;1;2026-09-16T11:54:57+00:00
1830.;Weidezaungerät Solar 12 Volt Elektrozaungerät 12V Elektrozaun;144.9;144.9;False;0.0;True;boolean;Sofort versandfertig, Lieferzeit 48h;2;1000;https://www.jws-store.de/sonstiges/weidezaungeraet-solar-12-volt-elektrozaungeraet-12v-elektrozaun_1800_4062;https://cdn03.plentyone.com/iidhyn1xr43q/item/images/1800/full/Weidezaungeraet.jpg;Weidezaungeräte;JWS;False;1;2026-09-16T11:54:57+00:00
1810_1665;Weidezaungerät Solar 12 Volt Elektrozaungerät 12V Elektrozaun;129.9;129.9;False;0.0;True;boolean;Sofort versandfertig, Lieferzeit 48h;2;1000;https://www.jws-store.de/sonstiges/weidezaungeraet-solar-12-volt-elektrozaungeraet-12v-elektrozaun_1800_5548;https://cdn03.plentyone.com/iidhyn1xr43q/item/images/1800/full/Weidezaungeraet.jpg;Weidezaungeräte;JWS;False;1;2026-09-16T11:54:57+00:00
1820_1665;Weidezaungerät Solar 12 Volt Elektrozaungerät 12V Elektrozaun;140.9;140.9;False;0.0;True;boolean;Sofort versandfertig, Lieferzeit 48h;2;1000;https://www.jws-store.de/sonstiges/weidezaungeraet-solar-12-volt-elektrozaungeraet-12v-elektrozaun_1800_5549;https://cdn03.plentyone.com/iidhyn1xr43q/item/images/1800/full/Weidezaungeraet.jpg;Weidezaungeräte;JWS;False;1;2026-09-16T11:54:57+00:00
1800;Weidezaungerät Solar 12 Volt Elektrozaungerät 12V Elektrozaun;119.9;119.9;False;0.0;True;boolean;Sofort versandfertig, Lieferzeit 48h;2;1000;https://www.jws-store.de/sonstiges/weidezaungeraet-solar-12-volt-elektrozaungeraet-12v-elektrozaun_1800_4059;https://cdn03.plentyone.com/iidhyn1xr43q/item/images/1800/full/Weidezaungeraet.jpg;Weidezaungeräte;JWS;False;1;2026-09-16T11:54:57+00:00
1830_1665;Weidezaungerät Solar 12 Volt Elektrozaungerät 12V Elektrozaun;154.9;154.9;False;0.0;True;boolean;Sofort versandfertig, Lieferzeit 48h;2;1000;https://www.jws-store.de/sonstiges/weidezaungeraet-solar-12-volt-elektrozaungeraet-12v-elektrozaun_1800_5550;https://cdn03.plentyone.com/iidhyn1xr43q/item/images/1800/full/Weidezaungeraet.jpg;Weidezaungeräte;JWS;False;1;2026-09-16T11:54:57+00:00
1810.;Weidezaungerät Solar 12 Volt Elektrozaungerät 12V Elektrozaun;119.9;119.9;False;0.0;True;boolean;Sofort versandfertig, Lieferzeit 48h;2;1000;https://www.jws-store.de/sonstiges/weidezaungeraet-solar-12-volt-elektrozaungeraet-12v-elektrozaun_1800_4060;https://cdn03.plentyone.com/iidhyn1xr43q/item/images/1800/full/Weidezaungeraet.jpg;Weidezaungeräte;JWS;False;1;2026-09-16T11:54:57+00:00
192450;Wohnwagen Ausstellfenster Wohnmobil Fenster Seitenfenster Insektenschutz Caravan;167.9;167.9;False;0.0;True;boolean;Sofort versandfertig, Lieferzeit 48h;2;1000;https://www.jws-store.de/sonstiges/wohnwagen-ausstellfenster-wohnmobil-fenster-seitenfenster-insektenschutz-caravan_192000_6392;https://cdn03.plentyone.com/iidhyn1xr43q/item/images/192000/full/Galeriebild-pxo.jpg;Wohnmobilfenster > Ausstellfenster;JWS;False;1;2026-09-16T11:54:57+00:00
192000;Wohnwagen Ausstellfenster Wohnmobil Fenster Seitenfenster Insektenschutz Caravan;189.9;189.9;False;0.0;True;boolean;Sofort versandfertig, Lieferzeit 48h;2;1000;https://www.jws-store.de/sonstiges/wohnwagen-ausstellfenster-wohnmobil-fenster-seitenfenster-insektenschutz-caravan_192000_5796;https://cdn03.plentyone.com/iidhyn1xr43q/item/images/192000/full/Galeriebild-pxo.jpg;Wohnmobilfenster > Ausstellfenster;JWS;False;1;2026-09-16T11:54:57+00:00
192900;Wohnwagen Ausstellfenster Wohnmobil Fenster Seitenfenster Insektenschutz Caravan;279.9;279.9;False;0.0;True;boolean;Sofort versandfertig, Lieferzeit 48h;2;1000;https://www.jws-store.de/sonstiges/wohnwagen-ausstellfenster-wohnmobil-fenster-seitenfenster-insektenschutz-caravan_192000_6393;https://cdn03.plentyone.com/iidhyn1xr43q/item/images/192000/full/Galeriebild-pxo.jpg;Wohnmobilfenster > Ausstellfenster;JWS;False;1;2026-09-16T11:54:57+00:00
192700;Wohnwagen Ausstellfenster Wohnmobil Fenster Seitenfenster Insektenschutz Caravan;169.9;169.9;False;0.0;True;boolean;Sofort versandfertig, Lieferzeit 48h;2;1000;https://www.jws-store.de/sonstiges/wohnwagen-ausstellfenster-wohnmobil-fenster-seitenfenster-insektenschutz-caravan_192000_5797;https://cdn03.plentyone.com/iidhyn1xr43q/item/images/192000/full/Galeriebild-pxo.jpg;Wohnmobilfenster > Ausstellfenster;JWS;False;1;2026-09-16T11:54:57+00:00
193450;Wohnwagen Ausstellfenster Wohnmobil Fenster Seitenfenster Insektenschutz Caravan;349.9;349.9;False;0.0;True;boolean;Sofort versandfertig, Lieferzeit 48h;2;1000;https://www.jws-store.de/sonstiges/wohnwagen-ausstellfenster-wohnmobil-fenster-seitenfenster-insektenschutz-caravan_192000_6394;https://cdn03.plentyone.com/iidhyn1xr43q/item/images/192000/full/Galeriebild-pxo.jpg;Wohnmobilfenster > Ausstellfenster;JWS;False;1;2026-09-16T11:54:57+00:00
192800;Wohnwagen Ausstellfenster Wohnmobil Fenster Seitenfenster Insektenschutz Caravan;185.9;185.9;False;0.0;True;boolean;Sofort versandfertig, Lieferzeit 48h;2;1000;https://www.jws-store.de/sonstiges/wohnwagen-ausstellfenster-wohnmobil-fenster-seitenfenster-insektenschutz-caravan_192000_5798;https://cdn03.plentyone.com/iidhyn1xr43q/item/images/192000/full/Galeriebild-pxo.jpg;Wohnmobilfenster > Ausstellfenster;JWS;False;1;2026-09-16T11:54:57+00:00
192500;Wohnwagen Ausstellfenster Wohnmobil Fenster Seitenfenster Insektenschutz Caravan;149.9;149.9;False;0.0;True;boolean;Sofort versandfertig, Lieferzeit 48h;2;1000;https://www.jws-store.de/sonstiges/wohnwagen-ausstellfenster-wohnmobil-fenster-seitenfenster-insektenschutz-caravan_192000_5799;https://cdn03.plentyone.com/iidhyn1xr43q/item/images/192000/full/Galeriebild-pxo.jpg;Wohnmobilfenster > Ausstellfenster;JWS;False;1;2026-09-16T11:54:57+00:00
192300;Wohnwagen Ausstellfenster Wohnmobil Fenster Seitenfenster Insektenschutz Caravan;149.9;149.9;False;0.0;True;boolean;Sofort versandfertig, Lieferzeit 48h;2;1000;https://www.jws-store.de/sonstiges/wohnwagen-ausstellfenster-wohnmobil-fenster-seitenfenster-insektenschutz-caravan_192000_6391;https://cdn03.plentyone.com/iidhyn1xr43q/item/images/192000/full/Galeriebild-pxo.jpg;Wohnmobilfenster > Ausstellfenster;JWS;False;1;2026-09-16T11:54:57+00:00
194545;Wohnwagen Ausstellfenster Wohnwagenfenster Fenster Schwarz Wohnmobil;179.9;179.9;False;0.0;True;boolean;Sofort versandfertig, Lieferzeit 48h;2;1000;https://www.jws-store.de/sonstiges/wohnwagen-ausstellfenster-flach-schwarz-modern_194000_6205;https://cdn03.plentyone.com/iidhyn1xr43q/item/images/194000/full/Galerie-194000-pxo.jpg;Wohnmobilfenster > Ausstellfenster;JWS;False;1;2026-09-16T11:54:57+00:00
194700;Wohnwagen Ausstellfenster Wohnwagenfenster Fenster Schwarz Wohnmobil;199.9;199.9;False;0.0;True;boolean;Sofort versandfertig, Lieferzeit 48h;2;1000;https://www.jws-store.de/sonstiges/wohnwagen-ausstellfenster-flach-schwarz-modern_194000_6206;https://cdn03.plentyone.com/iidhyn1xr43q/item/images/194000/full/Galerie-194000-pxo.jpg;Wohnmobilfenster > Ausstellfenster;JWS;False;1;2026-09-16T11:54:57+00:00
194800;Wohnwagen Ausstellfenster Wohnwagenfenster Fenster Schwarz Wohnmobil;239.9;239.9;False;0.0;True;boolean;Sofort versandfertig, Lieferzeit 48h;2;1000;https://www.jws-store.de/sonstiges/wohnwagen-ausstellfenster-flach-schwarz-modern_194000_6207;https://cdn03.plentyone.com/iidhyn1xr43q/item/images/194000/full/Galerie-194000-pxo.jpg;Wohnmobilfenster > Ausstellfenster;JWS;False;1;2026-09-16T11:54:57+00:00
194900;Wohnwagen Ausstellfenster Wohnwagenfenster Fenster Schwarz Wohnmobil;249.9;249.9;False;0.0;True;boolean;Sofort versandfertig, Lieferzeit 48h;2;1000;https://www.jws-store.de/sonstiges/wohnwagen-ausstellfenster-flach-schwarz-modern_194000_6208;https://cdn03.plentyone.com/iidhyn1xr43q/item/images/194000/full/Galerie-194000-pxo.jpg;Wohnmobilfenster > Ausstellfenster;JWS;False;1;2026-09-16T11:54:57+00:00
194530;Wohnwagen Ausstellfenster Wohnwagenfenster Fenster Schwarz Wohnmobil;159.9;159.9;False;0.0;True;boolean;Sofort versandfertig, Lieferzeit 48h;2;1000;https://www.jws-store.de/sonstiges/wohnwagen-ausstellfenster-flach-schwarz-modern_194000_6203;https://cdn03.plentyone.com/iidhyn1xr43q/item/images/194000/full/Galerie-194000-pxo.jpg;Wohnmobilfenster > Ausstellfenster;JWS;False;1;2026-09-16T11:54:57+00:00
194535;Wohnwagen Ausstellfenster Wohnwagenfenster Fenster Schwarz Wohnmobil;169.9;169.9;False;0.0;True;boolean;Sofort versandfertig, Lieferzeit 48h;2;1000;https://www.jws-store.de/sonstiges/wohnwagen-ausstellfenster-flach-schwarz-modern_194000_6204;https://cdn03.plentyone.com/iidhyn1xr43q/item/images/194000/full/Galerie-194000-pxo.jpg;Wohnmobilfenster > Ausstellfenster;JWS;False;1;2026-09-16T11:54:57+00:00
1254;Trittstufe Einstiegshilfe Klapptritt Stufe Wohnwagen Wohnmobil klappbar Alu;29.9;29.9;False;0.0;True;boolean;Sofort versandfertig, Lieferzeit 48h;2;1000;https://www.jws-store.de/sonstiges/trittstufe-einstiegshilfe-klapptritt-stufe-wohnwagen-wohnmobil-klappbar-alu_1254_3077;https://cdn03.plentyone.com/iidhyn1xr43q/item/images/1254/full/Trittstufe-1--1-.jpg;Wohnmobilfenster > Caravan Zubehör;JWS;False;1;2026-09-16T11:54:57+00:00
1252;Trittstufe Einstiegshilfe Stufe Wohnwagen Wohnmobil Caravan;14.9;14.9;False;0.0;True;boolean;Sofort versandfertig, Lieferzeit 48h;2;0;https://www.jws-store.de/sonstiges/trittstufe-einstiegshilfe-stufe-wohnwagen-wohnmobil-caravan-klapptritt_1252_1389;https://cdn03.plentyone.com/iidhyn1xr43q/item/images/1252/full/Trittstufe.jpg;Wohnmobilfenster > Caravan Zubehör;JWS;False;1;2026-09-16T11:54:57+00:00
190000;Dachluke Dachfenster Wohnmobil Caravan Dachhaube Dachlüftung Wohnwagen;49.9;49.9;False;0.0;True;boolean;Sofort versandfertig, Lieferzeit 48h;2;5000;https://www.jws-store.de/sonstiges/dachluke-dachfenster-wohnmobil-caravan-dachhaube-dachlueftung_190000_5349;https://cdn03.plentyone.com/iidhyn1xr43q/item/images/190000/full/Galeriebild.jpg;Wohnmobilfenster > Dachluken;JWS;False;1;2026-09-16T11:54:57+00:00
190100;Dachluke Dachfenster Wohnmobil Caravan Dachhaube Dachlüftung Wohnwagen;49.9;49.9;False;0.0;True;boolean;Sofort versandfertig, Lieferzeit 48h;2;5000;https://www.jws-store.de/sonstiges/dachluke-dachfenster-wohnmobil-caravan-dachhaube-dachlueftung_190000_5357;https://cdn03.plentyone.com/iidhyn1xr43q/item/images/190000/full/Galeriebild.jpg;Wohnmobilfenster > Dachluken;JWS;False;1;2026-09-16T11:54:57+00:00
190500;Dachluke Dachfenster Wohnmobil Caravan Dachhaube Dachlüftung Wohnwagen;59.9;59.9;False;0.0;True;boolean;Sofort versandfertig, Lieferzeit 48h;2;5000;https://www.jws-store.de/sonstiges/dachluke-dachfenster-wohnmobil-caravan-dachhaube-dachlueftung_190000_5358;https://cdn03.plentyone.com/iidhyn1xr43q/item/images/190000/full/Galeriebild.jpg;Wohnmobilfenster > Dachluken;JWS;False;1;2026-09-16T11:54:57+00:00
190600;Dachluke Dachfenster Wohnmobil Caravan Dachhaube Dachlüftung Wohnwagen;129.9;129.9;False;0.0;True;boolean;Sofort versandfertig, Lieferzeit 48h;2;5000;https://www.jws-store.de/sonstiges/dachluke-dachfenster-wohnmobil-caravan-dachhaube-dachlueftung_190000_5359;https://cdn03.plentyone.com/iidhyn1xr43q/item/images/190000/full/Galeriebild.jpg;Wohnmobilfenster > Dachluken;JWS;False;1;2026-09-16T11:54:57+00:00
196000;Caravan Schiebefenster passend für VW T5 T6 rechts links Set Fenster;219.9;219.9;False;0.0;True;boolean;Sofort versandfertig, Lieferzeit 48h;2;10000;https://www.jws-store.de/wohnmobilfenster/schiebefenster/caravan-schiebefenster-passend-fuer-vw-t5-rechts-links-set-fenster_196000_7012;https://cdn03.plentyone.com/iidhyn1xr43q/item/images/196000/full/3.jpg;Wohnmobilfenster > Schiebefenster;;False;1;2026-09-16T11:54:57+00:00
196000_Set;Caravan Schiebefenster passend für VW T5 T6 rechts links Set Fenster;419.9;419.9;False;0.0;True;boolean;Sofort versandfertig, Lieferzeit 48h;2;10000;https://www.jws-store.de/wohnmobilfenster/schiebefenster/caravan-schiebefenster-passend-fuer-vw-t5-rechts-links-set-fenster_196000_7092;https://cdn03.plentyone.com/iidhyn1xr43q/item/images/196000/full/3.jpg;Wohnmobilfenster > Schiebefenster;;False;1;2026-09-16T11:54:57+00:00
196113_Links;Caravan Schiebefenster passend für VW T5 T6 rechts links Set Fenster;219.9;219.9;False;0.0;True;boolean;Sofort versandfertig, Lieferzeit 48h;2;5000;https://www.jws-store.de/wohnmobilfenster/schiebefenster/caravan-schiebefenster-passend-fuer-vw-t5-rechts-links-set-fenster_196000_7013;https://cdn03.plentyone.com/iidhyn1xr43q/item/images/196000/full/3.jpg;Wohnmobilfenster > Schiebefenster;;False;1;2026-09-16T11:54:57+00:00
196113_Rechts;Caravan Schiebefenster passend für VW T5 T6 rechts links Set Fenster;219.9;219.9;False;0.0;True;boolean;Sofort versandfertig, Lieferzeit 48h;2;5000;https://www.jws-store.de/wohnmobilfenster/schiebefenster/caravan-schiebefenster-passend-fuer-vw-t5-rechts-links-set-fenster_196000_7014;https://cdn03.plentyone.com/iidhyn1xr43q/item/images/196000/full/3.jpg;Wohnmobilfenster > Schiebefenster;;False;1;2026-09-16T11:54:57+00:00
193700;Caravan Seitenfenster Wohnmobil getönt Schiebefenster Wohnwagen Fenster Insektenschutz Aluminium;169.9;179.9;True;5.56;True;boolean;Sofort versandfertig, Lieferzeit 48h;2;2000;https://www.jws-store.de/sonstiges/caravan-seitenfenster-wohnmobil-getoent-schiebefenster-wohnwagen-fenster-insektenschutz-aluminium_193000_6125;https://cdn03.plentyone.com/iidhyn1xr43q/item/images/193000/full/Galeriebild-Fenster-pxo.jpg;Wohnmobilfenster > Schiebefenster;JWS;False;1;2026-09-16T11:54:57+00:00
193800;Caravan Seitenfenster Wohnmobil getönt Schiebefenster Wohnwagen Fenster Insektenschutz Aluminium;189.9;199.9;True;5.0;True;boolean;Sofort versandfertig, Lieferzeit 48h;2;2000;https://www.jws-store.de/sonstiges/caravan-seitenfenster-wohnmobil-getoent-schiebefenster-wohnwagen-fenster-insektenschutz-aluminium_193000_6126;https://cdn03.plentyone.com/iidhyn1xr43q/item/images/193000/full/Galeriebild-Fenster-pxo.jpg;Wohnmobilfenster > Schiebefenster;JWS;False;1;2026-09-16T11:54:57+00:00
193900;Caravan Seitenfenster Wohnmobil getönt Schiebefenster Wohnwagen Fenster Insektenschutz Aluminium;189.9;199.9;True;5.0;True;boolean;Sofort versandfertig, Lieferzeit 48h;2;2000;https://www.jws-store.de/sonstiges/caravan-seitenfenster-wohnmobil-getoent-schiebefenster-wohnwagen-fenster-insektenschutz-aluminium_193000_6127;https://cdn03.plentyone.com/iidhyn1xr43q/item/images/193000/full/Galeriebild-Fenster-pxo.jpg;Wohnmobilfenster > Schiebefenster;JWS;False;1;2026-09-16T11:54:57+00:00
193100;Caravan Seitenfenster Wohnmobil getönt Schiebefenster Wohnwagen Fenster Insektenschutz Aluminium;199.9;209.9;True;4.76;True;boolean;Sofort versandfertig, Lieferzeit 48h;2;2000;https://www.jws-store.de/sonstiges/caravan-seitenfenster-wohnmobil-getoent-schiebefenster-wohnwagen-fenster-insektenschutz-aluminium_193000_6128;https://cdn03.plentyone.com/iidhyn1xr43q/item/images/193000/full/Galeriebild-Fenster-pxo.jpg;Wohnmobilfenster > Schiebefenster;JWS;False;1;2026-09-16T11:54:57+00:00
193000;Caravan Seitenfenster Wohnmobil getönt Schiebefenster Wohnwagen Fenster Insektenschutz Aluminium;149.9;149.9;False;0.0;True;boolean;Sofort versandfertig, Lieferzeit 48h;2;2000;https://www.jws-store.de/sonstiges/caravan-seitenfenster-wohnmobil-getoent-schiebefenster-wohnwagen-fenster-insektenschutz-aluminium_193000_6123;https://cdn03.plentyone.com/iidhyn1xr43q/item/images/193000/full/Galeriebild-Fenster-pxo.jpg;Wohnmobilfenster > Schiebefenster;JWS;False;1;2026-09-16T11:54:57+00:00
193600;Caravan Seitenfenster Wohnmobil getönt Schiebefenster Wohnwagen Fenster Insektenschutz Aluminium;159.9;169.9;True;5.89;True;boolean;Sofort versandfertig, Lieferzeit 48h;2;2000;https://www.jws-store.de/sonstiges/caravan-seitenfenster-wohnmobil-getoent-schiebefenster-wohnwagen-fenster-insektenschutz-aluminium_193000_6124;https://cdn03.plentyone.com/iidhyn1xr43q/item/images/193000/full/Galeriebild-Fenster-pxo.jpg;Wohnmobilfenster > Schiebefenster;JWS;False;1;2026-09-16T11:54:57+00:00
191000;Caravan Seitenfenster Wohnmobil getönt Schiebefenster Wohnwagen fenster Insektenschutz;149.9;149.9;False;0.0;True;boolean;Sofort versandfertig, Lieferzeit 48h;2;1000;https://www.jws-store.de/sonstiges/caravan-seitenfenster-getoent-schiebefenster-wohnwagenfenster-insektenschutz_191000_5567;https://cdn03.plentyone.com/iidhyn1xr43q/item/images/191000/full/Galeriebild-pxo.jpg;Wohnmobilfenster > Schiebefenster;JWS;False;1;2026-09-16T11:54:57+00:00
191600;Caravan Seitenfenster Wohnmobil getönt Schiebefenster Wohnwagen fenster Insektenschutz;84.9;84.9;False;0.0;True;boolean;Sofort versandfertig, Lieferzeit 48h;2;1000;https://www.jws-store.de/sonstiges/caravan-seitenfenster-getoent-schiebefenster-wohnwagenfenster-insektenschutz_191000_5580;https://cdn03.plentyone.com/iidhyn1xr43q/item/images/191000/full/Galeriebild-pxo.jpg;Wohnmobilfenster > Schiebefenster;JWS;False;1;2026-09-16T11:54:57+00:00
191700;Caravan Seitenfenster Wohnmobil getönt Schiebefenster Wohnwagen fenster Insektenschutz;122.9;122.9;False;0.0;True;boolean;Sofort versandfertig, Lieferzeit 48h;2;1000;https://www.jws-store.de/sonstiges/caravan-seitenfenster-getoent-schiebefenster-wohnwagenfenster-insektenschutz_191000_5581;https://cdn03.plentyone.com/iidhyn1xr43q/item/images/191000/full/Galeriebild-pxo.jpg;Wohnmobilfenster > Schiebefenster;JWS;False;1;2026-09-16T11:54:57+00:00
210600;Schiebefenster Abluft Ventilator Caravanfenster Seitenfenster Küchenfenster;169.9;169.9;False;0.0;True;boolean;Sofort versandfertig, Lieferzeit 48h;2;0;https://www.jws-store.de/wohnmobilfenster/schiebefenster/schiebefenster-abluft-ventilator-caravanfenster_210000_7011;https://cdn03.plentyone.com/iidhyn1xr43q/item/images/210000/full/1--4-.jpg;Wohnmobilfenster > Schiebefenster;;False;1;2026-09-16T11:54:57+00:00
210000;Schiebefenster Abluft Ventilator Caravanfenster Seitenfenster Küchenfenster;159.9;159.9;False;0.0;True;boolean;Sofort versandfertig, Lieferzeit 48h;2;0;https://www.jws-store.de/wohnmobilfenster/schiebefenster/schiebefenster-abluft-ventilator-caravanfenster_210000_7009;https://cdn03.plentyone.com/iidhyn1xr43q/item/images/210000/full/1--4-.jpg;Wohnmobilfenster > Schiebefenster;;False;1;2026-09-16T11:54:57+00:00
210700;Schiebefenster Abluft Ventilator Caravanfenster Seitenfenster Küchenfenster;159.9;159.9;False;0.0;True;boolean;Sofort versandfertig, Lieferzeit 48h;2;0;https://www.jws-store.de/wohnmobilfenster/schiebefenster/schiebefenster-abluft-ventilator-caravanfenster_210000_7010;https://cdn03.plentyone.com/iidhyn1xr43q/item/images/210000/full/1--4-.jpg;Wohnmobilfenster > Schiebefenster;;False;1;2026-09-16T11:54:57+00:00
220140_Rechts;Sprinter Schiebefenster getönt Halbfenster links, rechts, Set Caravanfenster;199.9;199.9;False;0.0;True;boolean;Sofort versandfertig, Lieferzeit 48h;2;0;https://www.jws-store.de/wohnmobilfenster/schiebefenster/sprinter-schiebefenster-getoent-halbfenster-links-rechts-set-caravanfenster_220000_7017;https://cdn03.plentyone.com/iidhyn1xr43q/item/images/220000/full/2.jpg;Wohnmobilfenster > Schiebefenster;;False;1;2026-09-16T11:54:57+00:00
220140_Set;Sprinter Schiebefenster getönt Halbfenster links, rechts, Set Caravanfenster;389.9;389.9;False;0.0;True;boolean;Sofort versandfertig, Lieferzeit 48h;2;0;https://www.jws-store.de/wohnmobilfenster/schiebefenster/sprinter-schiebefenster-getoent-halbfenster-links-rechts-set-caravanfenster_220000_7091;https://cdn03.plentyone.com/iidhyn1xr43q/item/images/220000/full/2.jpg;Wohnmobilfenster > Schiebefenster;;False;1;2026-09-16T11:54:57+00:00
220000;Sprinter Schiebefenster getönt Halbfenster links, rechts, Set Caravanfenster;199.9;199.9;False;0.0;True;boolean;Sofort versandfertig, Lieferzeit 48h;2;0;https://www.jws-store.de/wohnmobilfenster/schiebefenster/sprinter-schiebefenster-getoent-halbfenster-links-rechts-set-caravanfenster_220000_7015;https://cdn03.plentyone.com/iidhyn1xr43q/item/images/220000/full/2.jpg;Wohnmobilfenster > Schiebefenster;;False;1;2026-09-16T11:54:57+00:00
220140_Links;Sprinter Schiebefenster getönt Halbfenster links, rechts, Set Caravanfenster;199.9;199.9;False;0.0;True;boolean;Sofort versandfertig, Lieferzeit 48h;2;0;https://www.jws-store.de/wohnmobilfenster/schiebefenster/sprinter-schiebefenster-getoent-halbfenster-links-rechts-set-caravanfenster_220000_7016;https://cdn03.plentyone.com/iidhyn1xr43q/item/images/220000/full/2.jpg;Wohnmobilfenster > Schiebefenster;;False;1;2026-09-16T11:54:57+00:00
197000;Wohnmobilfenster Schiebefenster vertikal Wohnwagen Fenster Caravan Seitenfenster Heckfenster;99.9;99.9;False;0.0;True;boolean;Sofort versandfertig, Lieferzeit 48h;2;1000;https://www.jws-store.de/sonstiges/wohnmobilfenster-schiebefenster-vertikal-wohnwagen-fenster-caravan-seitenfenster-rueckfenster_197000_6213;https://cdn03.plentyone.com/iidhyn1xr43q/item/images/197000/full/Galerie-197000-pxo-vertikal.png;Wohnmobilfenster > Schiebefenster;JWS;False;1;2026-09-16T11:54:57+00:00
197400;Wohnmobilfenster Schiebefenster vertikal Wohnwagen Fenster Caravan Seitenfenster Heckfenster;99.9;99.9;False;0.0;True;boolean;Sofort versandfertig, Lieferzeit 48h;2;5000;https://www.jws-store.de/sonstiges/wohnmobilfenster-schiebefenster-vertikal-wohnwagen-fenster-caravan-seitenfenster-rueckfenster_197000_7003;https://cdn03.plentyone.com/iidhyn1xr43q/item/images/197000/full/Galerie-197000-pxo-vertikal.png;Wohnmobilfenster > Schiebefenster;JWS;False;1;2026-09-16T11:54:57+00:00
197300;Wohnmobilfenster Schiebefenster vertikal Wohnwagen Fenster Caravan Seitenfenster Heckfenster;99.9;99.9;False;0.0;True;boolean;Sofort versandfertig, Lieferzeit 48h;2;1000;https://www.jws-store.de/sonstiges/wohnmobilfenster-schiebefenster-vertikal-wohnwagen-fenster-caravan-seitenfenster-rueckfenster_197000_6214;https://cdn03.plentyone.com/iidhyn1xr43q/item/images/197000/full/Galerie-197000-pxo-vertikal.png;Wohnmobilfenster > Schiebefenster;JWS;False;1;2026-09-16T11:54:57+00:00
197350;Wohnmobilfenster Schiebefenster vertikal Wohnwagen Fenster Caravan Seitenfenster Heckfenster;109.9;109.9;False;0.0;True;boolean;Sofort versandfertig, Lieferzeit 48h;2;1000;https://www.jws-store.de/sonstiges/wohnmobilfenster-schiebefenster-vertikal-wohnwagen-fenster-caravan-seitenfenster-rueckfenster_197000_6215;https://cdn03.plentyone.com/iidhyn1xr43q/item/images/197000/full/Galerie-197000-pxo-vertikal.png;Wohnmobilfenster > Schiebefenster;JWS;False;1;2026-09-16T11:54:57+00:00
199500;Wohnwagen Wohnmobil Fenster Rollo Sichtschutz Sonnenschutz Ausstellfenster;79.9;79.9;False;0.0;True;boolean;Sofort versandfertig, Lieferzeit 48h;2;2000;https://www.jws-store.de/sonstiges/sichtschutz-insektenschutz-rollo-sonnenschutz-caravan_199000_6133;https://cdn03.plentyone.com/iidhyn1xr43q/item/images/199000/full/Galeriebild-Rollos-pxo.jpg;Wohnmobilfenster > Sichtschutz;JWS;False;1;2026-09-16T11:54:57+00:00
199000;Wohnwagen Wohnmobil Fenster Rollo Sichtschutz Sonnenschutz Ausstellfenster;79.9;79.9;False;0.0;True;boolean;Sofort versandfertig, Lieferzeit 48h;2;2000;https://www.jws-store.de/sonstiges/sichtschutz-insektenschutz-rollo-sonnenschutz-caravan_199000_6130;https://cdn03.plentyone.com/iidhyn1xr43q/item/images/199000/full/Galeriebild-Rollos-pxo.jpg;Wohnmobilfenster > Sichtschutz;JWS;False;1;2026-09-16T11:54:57+00:00
199700;Wohnwagen Wohnmobil Fenster Rollo Sichtschutz Sonnenschutz Ausstellfenster;89.9;89.9;False;0.0;True;boolean;Sofort versandfertig, Lieferzeit 48h;2;2000;https://www.jws-store.de/sonstiges/sichtschutz-insektenschutz-rollo-sonnenschutz-caravan_199000_6131;https://cdn03.plentyone.com/iidhyn1xr43q/item/images/199000/full/Galeriebild-Rollos-pxo.jpg;Wohnmobilfenster > Sichtschutz;JWS;False;1;2026-09-16T11:54:57+00:00
200000;Caravanfenster Rund Porthole 300mm Getönte Scheibe Feste Ausführung;59.9;59.9;False;0.0;True;boolean;Sofort versandfertig, Lieferzeit 48h;2;0;https://www.jws-store.de/wohnmobilfenster/starre-fenster/caravanfenster-rund-porthole-300mm-getoente-scheibe-feste-ausfuehrung_200000_7007;https://cdn03.plentyone.com/iidhyn1xr43q/item/images/200000/full/Galeriebild-Masse-pxo.jpg;Wohnmobilfenster > Starre Fenster;;False;1;2026-09-16T11:54:57+00:00
200300;Caravanfenster Rund Porthole 300mm Getönte Scheibe Feste Ausführung;59.9;59.9;False;0.0;True;boolean;Sofort versandfertig, Lieferzeit 48h;2;5000;https://www.jws-store.de/wohnmobilfenster/starre-fenster/caravanfenster-rund-porthole-300mm-getoente-scheibe-feste-ausfuehrung_200000_7008;https://cdn03.plentyone.com/iidhyn1xr43q/item/images/200000/full/Galeriebild-Masse-pxo.jpg;Wohnmobilfenster > Starre Fenster;;False;1;2026-09-16T11:54:57+00:00
198450;Fenster Pferdeanhänger vertikal Schiebefenster getönt Ersatzfenster Wohnmobil;119.9;119.9;False;0.0;True;boolean;Sofort versandfertig, Lieferzeit 48h;2;5000;https://www.jws-store.de/wohnmobilfenster/starre-fenster/fenster-pferdeanhaenger-vertikal-schiebefenster_198000_7006;https://cdn03.plentyone.com/iidhyn1xr43q/item/images/198000/full/01.jpg;Wohnmobilfenster > Starre Fenster;;False;1;2026-09-16T11:54:57+00:00
198000.;Fenster Pferdeanhänger vertikal Schiebefenster getönt Ersatzfenster Wohnmobil;109.9;109.9;False;0.0;True;boolean;Sofort versandfertig, Lieferzeit 48h;2;5000;https://www.jws-store.de/wohnmobilfenster/starre-fenster/fenster-pferdeanhaenger-vertikal-schiebefenster_198000_7004;https://cdn03.plentyone.com/iidhyn1xr43q/item/images/198000/full/01.jpg;Wohnmobilfenster > Starre Fenster;;False;1;2026-09-16T11:54:57+00:00
198420;Fenster Pferdeanhänger vertikal Schiebefenster getönt Ersatzfenster Wohnmobil;109.9;109.9;False;0.0;True;boolean;Sofort versandfertig, Lieferzeit 48h;2;5000;https://www.jws-store.de/wohnmobilfenster/starre-fenster/fenster-pferdeanhaenger-vertikal-schiebefenster_198000_7005;https://cdn03.plentyone.com/iidhyn1xr43q/item/images/198000/full/01.jpg;Wohnmobilfenster > Starre Fenster;;False;1;2026-09-16T11:54:57+00:00
195700;Festes Wohnwagenfenster Starres Wohnmobil Fenster Caravan Seitenfenster;94.9;94.9;False;0.0;True;boolean;Sofort versandfertig, Lieferzeit 48h;2;1000;https://www.jws-store.de/sonstiges/festet-wohnwagenfenster-starres-wohnmobil-fenster-caravan-seitenfenster_195000_6211;https://cdn03.plentyone.com/iidhyn1xr43q/item/images/195000/full/Galerie1-195000-pxo.jpg;Wohnmobilfenster > Starre Fenster;JWS;False;1;2026-09-16T11:54:57+00:00
195900;Festes Wohnwagenfenster Starres Wohnmobil Fenster Caravan Seitenfenster;89.9;89.9;False;0.0;True;boolean;Sofort versandfertig, Lieferzeit 48h;2;1000;https://www.jws-store.de/sonstiges/festet-wohnwagenfenster-starres-wohnmobil-fenster-caravan-seitenfenster_195000_6707;https://cdn03.plentyone.com/iidhyn1xr43q/item/images/195000/full/Galerie1-195000-pxo.jpg;Wohnmobilfenster > Starre Fenster;JWS;False;1;2026-09-16T11:54:57+00:00
195000;Festes Wohnwagenfenster Starres Wohnmobil Fenster Caravan Seitenfenster;89.9;89.9;False;0.0;True;boolean;Sofort versandfertig, Lieferzeit 48h;2;1000;https://www.jws-store.de/sonstiges/festet-wohnwagenfenster-starres-wohnmobil-fenster-caravan-seitenfenster_195000_6209;https://cdn03.plentyone.com/iidhyn1xr43q/item/images/195000/full/Galerie1-195000-pxo.jpg;Wohnmobilfenster > Starre Fenster;JWS;False;1;2026-09-16T11:54:57+00:00
